"datetime";"temperature";"salinity"
1992-05-24;14.1323666666667;37.9978
1992-05-28;13.6002;38.0203
1992-05-31;13.8833666666667;38.0406
1992-06-04;13.4866333333333;38.0672
1992-06-08;13.8962;38.0181333333333
1992-06-10;15.4328333333333;37.9189666666667
1992-06-24;13.611;38.0984333333333
1992-06-28;14.1764333333333;38.0113666666667
1992-07-01;13.7483;38.0654333333333
1992-07-05;13.9553666666667;38.0220666666667
1992-07-08;14.0625666666667;38.0266333333333
1992-07-16;14.5697;38.0023666666667
1992-07-22;14.1702;38.1020666666667
1992-08-16;14.2385666666667;38.0477666666667
1992-08-19;14.0964;38.0295333333333
1992-08-23;14.0718;38.0450333333333
1992-08-26;14.2452333333333;38.0248333333333
1992-08-30;13.9037666666667;38.0377
1992-09-02;14.6276333333333;37.9453666666667
1992-09-06;13.7672666666667;38.0987333333333
1992-09-09;14.1174;38.0325333333333
1992-09-13;14.8154333333333;37.929
1992-09-16;14.9146;37.9500333333333
1992-09-20;13.9631333333333;38.0077333333333
1992-09-23;14.8930666666667;37.9752333333333
1992-09-27;15.7085666666667;37.9298333333333
1992-10-06;20.4724;37.9318666666667
1992-10-11;19.2589;38.0355333333333
1992-10-14;20.0716333333333;37.8551333333333
1992-10-20;19.0421666666667;37.8843666666667
1992-10-27;15.201;38.0011666666667
1992-11-18;15.6741;37.8563333333333
1992-11-24;16.3186666666667;37.7823
1992-12-01;16.2385;37.8239333333333
1992-12-08;15.4685;37.8214
1992-12-15;15.1955666666667;37.7879666666667
1992-12-21;15.1289666666667;37.8251666666667
1992-12-28;14.6500333333333;37.8355666666667
1993-01-06;14.0092666666667;37.9556333333333
1993-01-13;13.8292333333333;38.0080333333333
1993-01-20;13.7918333333333;38.0311
1993-01-27;13.6727333333333;38.0334
1993-02-03;13.4584333333333;38.0467333333333
1993-02-05;13.4727;38.0362
1993-02-10;13.4141333333333;38.0349333333333
1993-02-17;13.294;38.0096666666667
1993-02-24;13.1306333333333;38.0112666666667
1993-03-03;12.9449;38.0422666666667
1993-03-25;12.9409666666667;38.0043666666667
1993-03-31;12.9419666666667;38.0247666666667
1993-04-07;13.0351;37.9926
1993-04-12;12.9682;37.9995
1993-04-29;13.9512666666667;37.9514
1993-05-05;13.0331333333333;38.0298666666667
1993-05-12;13.5740333333333;37.9909
1993-06-02;13.9278333333333;38.0359
1993-06-07;13.5984;38.0647666666667
1993-06-22;14.1884333333333;38.0491666666667
1993-06-30;13.8604333333333;38.0161333333333
1993-07-13;15.0610666666667;38.0097666666667
1993-07-28;13.5208333333333;37.9735
1993-08-04;13.9423333333333;37.9566666666667
1993-08-11;14.0508333333333;37.9369333333333
1993-08-18;14.1485;37.9573
1993-08-25;14.7031333333333;37.8714666666667
1993-09-02;13.919;38.0012666666667
1993-09-16;14.3663333333333;37.8987333333333
1993-09-30;18.1348333333333;37.8985
1993-10-20;19.1013;37.8461666666667
1993-10-27;18.8287333333333;37.7402
1993-11-17;17.9375;37.8613666666667
1993-11-26;16.6974;37.9376
1993-12-17;13.3506666666667;38.1692333333333
1993-12-22;14.9644;37.9692
1995-01-18;13.8254666666667;38.0846
1995-01-26;13.8607666666667;38.1037333333333
1995-02-01;13.8737;38.1330333333333
1995-02-08;13.7345;38.1245666666667
1995-02-15;13.652;38.1816666666667
1995-02-22;13.5451333333333;38.1569333333333
1995-03-01;13.2974666666667;38.1257666666667
1995-03-08;13.0152;38.0891666666667
1995-03-15;12.9218666666667;38.0484
1995-03-22;12.9437333333333;38.0263666666667
1995-03-30;13.0021333333333;38.0409
1995-04-05;13.0119;38.0663666666667
1995-04-11;13.4797333333333;38.0904333333333
1995-04-19;13.5857;38.0765333333333
1995-04-26;13.8988;38.0410333333333
1995-05-03;14.0445333333333;38.0173333333333
1995-05-10;13.8168;38.0382666666667
1995-05-17;14.3398666666667;38.0185333333333
1995-05-24;14.3108;38.0364333333333
1995-05-31;13.6071666666667;38.1190333333333
1995-06-07;14.5332;38.0768666666667
1995-06-14;14.8395333333333;38.1003
1995-06-21;14.9289;38.0911666666667
1995-06-29;14.0855333333333;38.1284333333333
1995-07-05;14.0506;38.1259333333333
1995-07-12;14.0263;NA
1995-07-19;15.6926333333333;38.1134666666667
1995-07-26;15.2174;38.2369333333333
1995-08-02;15.0254666666667;38.0448
1995-08-09;16.2119;38.0043
1995-08-16;16.1459;37.9669
1995-08-23;16.5027333333333;38.0182
1995-08-30;16.8435333333333;37.9623666666667
1995-09-06;17.8094;37.8634
1995-09-13;15.6244;37.8858666666667
1995-09-21;15.9585333333333;37.9205333333333
1995-09-27;18.9771666666667;38.0068
1995-10-04;20.2234333333333;38.0781333333333
1995-10-11;18.6627333333333;38.0384
1995-10-18;18.5763;38.0263
1995-10-24;19.2151;38.0052
1995-10-31;19.3111;38.1804333333333
1995-11-08;16.7037333333333;38.0649
1995-11-15;17.9393;38.1754
1995-11-29;16.2570666666667;38.1179333333333
1995-12-06;16.0799333333333;38.1540333333333
1995-12-13;15.5759;38.1633333333333
1995-12-19;15.1615333333333;38.1583333333333
1995-12-29;14.913;38.1849333333333
1996-01-03;14.7851666666667;38.1321666666667
1996-01-12;14.2588;38.0517
1996-01-17;14.3153666666667;37.9808333333333
1996-01-24;14.3934666666667;38.0498666666667
1996-02-01;14.2051;38.0656666666667
1996-02-08;13.8872333333333;38.0190333333333
1996-02-14;13.7390666666667;38.0734
1996-02-21;13.5892333333333;38.0592666666667
1996-02-28;13.4920666666667;38.0574666666667
1996-03-06;13.3859;38.0665666666667
1996-03-13;13.3061;38.0829
1996-03-20;13.3071333333333;38.1121666666667
1996-03-21;13.2933;38.1089333333333
1996-03-27;13.3924666666667;38.1309333333333
1996-06-19;14.5363;37.9434666666667
1996-06-26;15.6344333333333;37.8882
1996-07-03;15.9715333333333;37.8812666666667
1996-07-10;15.5286333333333;37.9072333333333
1996-07-17;14.5019333333333;37.9485333333333
1996-07-26;14.7550666666667;37.9286
1996-07-31;15.6512666666667;37.8979
1996-08-07;14.6388;37.9301333333333
1996-08-14;18.6627;37.9363666666667
1996-08-21;15.5636333333333;37.9065
1996-08-28;14.4244;37.9515
1996-09-04;17.5232;37.8832666666667
1996-09-11;16.1362666666667;37.8724333333333
1996-09-18;16.2500666666667;37.8931666666667
1996-09-25;19.8354;38.0311
1996-10-03;17.251;37.9222333333333
1996-10-10;20.1106666666667;38.0601
1996-10-16;19.5925333333333;38.0175666666667
1996-10-23;19.4427666666667;37.9798666666667
1996-10-30;18.7901333333333;38.0133666666667
1996-11-06;18.6575;37.9935666666667
1996-11-14;17.9041333333333;37.9545333333333
1996-11-22;16.4045333333333;38.0007
1996-11-27;16.1723666666667;37.9466333333333
1996-12-04;15.7983666666667;37.9676
1996-12-11;15.3424;37.9662
1996-12-18;14.7048666666667;37.9091333333333
1996-12-23;14.7453666666667;37.9175
1997-01-02;13.8621333333333;37.9136666666667
1997-01-09;13.7282666666667;37.9120333333333
1997-01-15;13.4277666666667;37.7939333333333
1997-01-22;13.3035333333333;37.7231
1997-01-29;13.4082;37.7160666666667
1997-02-05;13.3925666666667;37.7155
1997-02-12;13.3855;37.7201
1997-02-19;13.4365333333333;37.7368666666667
1997-02-26;13.5543666666667;37.9252666666667
1997-03-03;13.5660333333333;37.9222666666667
1997-03-05;13.6673333333333;37.929
1997-05-28;14.9435666666667;37.9395666666667
1997-06-05;17.0595;37.8475666666667
1997-06-11;16.0689;37.8934
1997-06-18;16.2086333333333;37.8913333333333
1997-06-24;15.4741666666667;37.8857333333333
1997-07-02;14.647;37.9491
1997-07-08;15.9554333333333;37.8713666666667
1997-07-16;15.4799666666667;37.9133666666667
1997-07-23;15.6189333333333;37.8956666666667
1997-07-30;15.2932;37.9090333333333
1997-08-13;15.8419666666667;37.8623333333333
1997-08-20;15.1186;37.9116333333333
1997-08-27;16.0033666666667;37.8601333333333
1997-09-03;15.4296333333333;37.8844666666667
1997-09-10;16.1890666666667;37.8369
1997-09-17;18.1381333333333;37.7889333333333
1997-09-24;15.6096333333333;37.872
1997-10-01;16.5300333333333;37.8358
1997-10-03;16.6195333333333;37.8295666666667
1997-10-07;17.9481333333333;37.8079666666667
1997-10-08;18.2893666666667;37.8419666666667
1997-10-16;15.4604;37.9049666666667
1997-10-22;20.5093;38.0211666666667
1997-10-30;19.1199;38.0545666666667
1997-11-05;18.2719333333333;38.0652666666667
1997-11-13;17.486;38.0539666666667
1997-11-19;17.5310666666667;37.9375666666667
1997-11-26;16.9963333333333;37.9765
1997-12-04;16.4107333333333;37.9787333333333
1997-12-10;16.2384666666667;37.9503
1997-12-17;15.8129333333333;37.9434333333333
1997-12-23;15.4368666666667;37.9113333333333
1997-12-30;15.2918666666667;37.8341
1998-01-07;15.1419;37.8627666666667
1998-01-14;14.8710333333333;37.7872333333333
1998-01-21;14.5839;37.9095
1998-01-22;14.4872;37.8874
1998-01-28;14.2557666666667;37.9317333333333
1998-02-04;14.1482666666667;37.9398333333333
1998-02-11;13.9336333333333;37.9414333333333
1998-02-18;13.9210333333333;37.9303333333333
1998-02-25;13.9975666666667;37.8912333333333
1998-03-04;14.0168;37.9124
1998-03-11;13.8652666666667;37.9432333333333
1998-03-18;13.8760333333333;37.9323333333333
1998-03-23;14.0039333333333;37.9198
1998-03-25;13.9388666666667;37.9199
1998-04-01;13.8125333333333;37.9428
1998-04-08;13.6982333333333;37.981
1998-04-15;13.5979333333333;38.0132
1998-04-22;14.0213333333333;37.8210333333333
1998-04-29;14.0868333333333;37.8567333333333
1998-05-06;14.4209;37.8064666666667
1998-05-13;14.3011666666667;37.8574
1998-05-20;14.7006;37.8845
1998-05-27;14.5027333333333;37.9321666666667
1998-06-03;15.1521333333333;37.8922333333333
1998-06-10;15.2757;37.8833666666667
1998-06-17;14.6561333333333;37.9024
1998-06-24;15.2749333333333;37.8878333333333
1998-07-01;15.3332666666667;37.8861666666667
1998-07-08;14.6551;37.9173666666667
1998-07-15;16.3719333333333;37.8906333333333
1998-07-22;15.1429333333333;37.9130333333333
1998-07-23;15.5506666666667;37.9086
1998-07-24;15.2499;37.9119
1998-07-29;15.8343666666667;37.9078
1998-08-05;16.4623333333333;37.9674666666667
1998-08-12;15.2905;37.9438666666667
1998-08-19;15.8921666666667;37.9348
1998-08-26;15.4459333333333;37.9266333333333
1998-09-02;16.1121333333333;37.9199
1998-09-09;16.0602333333333;37.9151333333333
1998-09-17;15.2721666666667;37.9229
1998-09-23;16.0913666666667;37.9171333333333
1998-10-01;20.1992;38.1107666666667
1998-10-07;18.1276666666667;37.9806333333333
1998-10-14;18.6100333333333;37.929
1998-10-21;19.0789;37.9397333333333
1998-10-30;18.3767;37.9918333333333
1998-11-06;16.6554333333333;37.9642
1998-11-12;17.7750666666667;38.0684666666667
1998-11-18;17.024;38.0601666666667
1998-11-25;14.9469333333333;38.1394333333333
1998-12-02;14.9057333333333;38.1297666666667
1998-12-09;14.6808666666667;38.1592666666667
1998-12-16;14.6146333333333;38.1574666666667
1998-12-23;14.4008666666667;38.1423
1999-01-06;13.8600333333333;38.1108
1999-01-13;13.6268;38.0802
1999-01-20;13.5757;38.0835
1999-01-27;13.5761;38.0485666666667
1999-02-03;13.4189333333333;38.0547
1999-02-11;13.0963;38.1142333333333
1999-02-16;12.9937666666667;38.1296333333333
1999-02-24;12.8639333333333;38.1734
1999-03-03;13.0000666666667;38.1617666666667
1999-03-10;12.8635666666667;38.1595
1999-03-18;13.0909333333333;38.1264
1999-03-29;13.1110333333333;38.0788
1999-04-01;13.1037666666667;38.0579333333333
1999-04-07;13.2129;38.0943
1999-04-14;13.4428666666667;38.1176
1999-04-21;13.5447;38.1342
1999-04-22;13.856;38.0638666666667
1999-04-28;14.3532666666667;37.9585
1999-05-05;14.4214666666667;38.0326
1999-05-11;14.0231333333333;38.1133
1999-05-18;15.6564;37.9863
1999-05-26;14.1584666666667;38.1103666666667
1999-06-02;15.3362333333333;38.0956
1999-06-09;14.8533666666667;38.0649666666667
1999-06-16;16.0348;38.0360666666667
1999-06-23;15.3651333333333;38.0795333333333
1999-07-01;14.8975666666667;38.1154
1999-07-07;14.3957666666667;38.1197666666667
1999-07-08;15.0635333333333;38.1098
1999-07-15;15.1785666666667;38.1074333333333
1999-07-21;14.8556333333333;38.1007333333333
1999-07-28;14.3276;38.1319
1999-08-04;14.4654666666667;38.1123666666667
1999-08-11;16.9222333333333;38.0705666666667
1999-08-18;15.4137333333333;38.0957333333333
1999-08-25;15.5916;38.0877
1999-09-01;15.4703666666667;38.0826
1999-09-08;15.8337;38.0749666666667
1999-09-13;15.3149666666667;38.0898666666667
1999-09-14;15.5025333333333;38.0798333333333
1999-09-16;16.5302;38.0364333333333
1999-09-22;18.1026333333333;38.0822
1999-09-29;16.0214666666667;38.0723666666667
1999-10-06;22.2068;38.2641
1999-10-13;16.5226333333333;38.0559666666667
1999-10-20;20.8567333333333;38.2338666666667
1999-10-27;19.6096333333333;38.1808666666667
1999-11-03;20.2425333333333;37.9145666666667
1999-11-05;20.4873333333333;38.0944333333333
1999-11-10;19.1389333333333;38.1016
1999-11-18;18.0959;38.0482
1999-11-24;16.6501;38.0943
1999-12-01;16.3368333333333;38.1046333333333
1999-12-08;15.8607;38.0873666666667
1999-12-17;15.0987333333333;38.0802
1999-12-22;14.7998666666667;38.0827666666667
1999-12-30;13.7144333333333;38.1973666666667
2000-01-05;13.7002333333333;38.1489666666667
2000-01-12;13.681;38.1104
2000-01-19;13.4851666666667;38.1362333333333
2000-01-26;13.2770666666667;38.1678333333333
2000-02-02;13.1431333333333;38.1574333333333
2000-02-09;13.1815;38.1507666666667
2000-02-18;13.0867333333333;38.155
2000-02-23;13.031;38.148
2000-03-02;13.0467;38.1696333333333
2000-03-09;13.0448666666667;38.1606666666667
2000-03-15;13.1661;38.1615333333333
2000-03-22;13.4031;38.1525666666667
2000-03-29;13.4365333333333;38.1118666666667
2000-04-06;13.4021333333333;38.0811666666667
2000-04-14;13.3275666666667;38.1102
2000-04-19;13.4165;38.0701333333333
2000-04-26;13.5106333333333;38.0417333333333
2000-05-03;13.7638333333333;38.1111
2000-05-10;16.0108;37.9788666666667
2000-05-12;14.9338333333333;38.0511666666667
2000-05-16;14.4247666666667;38.1027666666667
2000-05-18;14.4389333333333;38.1126666666667
2000-05-23;14.5724;38.1069333333333
2000-05-24;14.8359;38.0948
2000-05-25;14.6807333333333;38.0949333333333
2000-05-30;14.6178;38.1051
2000-06-07;15.721;38.07925
2000-06-14;14.8842666666667;38.0910333333333
2000-06-21;14.6544666666667;38.0954333333333
2000-06-28;14.9258333333333;38.0861666666667
2000-07-05;14.7365666666667;38.0868333333333
2000-07-13;14.2804666666667;38.1022666666667
2000-07-19;14.2176666666667;38.1181
2000-07-26;15.4172666666667;38.0614333333333
2000-08-02;14.2599;38.5470666666667
2000-08-16;14.7549333333333;38.0904333333333
2000-08-23;14.9151333333333;38.0564666666667
2000-08-30;15.6367;38.0374
2000-09-13;14.5113;38.0593
2000-09-19;17.4763666666667;38.0713
2000-09-20;18.2206333333333;38.0835666666667
2000-09-27;16.3001333333333;38.0274666666667
2000-10-04;20.7595;38.2026
2000-10-18;20.2279333333333;37.9137333333333
2000-10-20;19.4634666666667;38.0944666666667
2000-10-25;18.0996;38.0444333333333
2000-11-02;17.1078;38.0735
2000-11-10;17.9719;37.9045333333333
2000-11-15;17.8145333333333;38.1171
2000-11-22;17.7274;38.0550666666667
2000-11-29;17.6194;38.0606
2000-12-05;16.3975;38.0399
2000-12-11;16.3672333333333;38.0220666666667
2000-12-20;15.9393333333333;38.1061666666667
2001-01-04;15.0641333333333;38.0847666666667
2001-01-11;14.8707333333333;38.0185333333333
2001-01-17;14.5582333333333;37.9801
2001-01-18;14.3814333333333;37.9992333333333
2001-01-24;14.1958;38.0016333333333
2001-01-31;14.0433333333333;38.0947666666667
2001-02-08;13.8303;38.0099333333333
2001-02-14;13.8481666666667;38.0246666666667
2001-02-22;13.9551;38.0649
2001-03-02;13.9058666666667;38.1201333333333
2001-03-07;13.8272333333333;38.1173666666667
2001-03-12;13.8806333333333;38.0908666666667
2001-03-15;13.8658333333333;38.1131333333333
2001-03-27;14.0013666666667;38.0854
2001-04-04;14.068;38.0648
2001-04-11;14.4307;38.0024
2001-04-18;14.693;38.0213666666667
2001-04-25;14.5566666666667;38.0338666666667
2001-05-02;15.1575666666667;37.9566
2001-05-09;14.5309666666667;38.0110666666667
2001-05-16;14.5260333333333;38.0142333333333
2001-06-13;16.9768666666667;37.9859333333333
2001-06-20;15.4292666666667;38.0654
2001-06-27;14.9595666666667;38.0579
2001-07-04;15.1681;38.0514333333333
2001-07-11;15.9580333333333;38.016
2001-07-18;16.0799666666667;38.0340666666667
2001-07-25;15.2657333333333;38.0726
2001-08-01;15.7414333333333;38.0375
2001-08-08;14.9474666666667;38.0486333333333
2001-08-21;15.7982666666667;37.9532333333333
2001-08-30;15.5555333333333;37.9599666666667
2001-09-05;14.2806666666667;38.0358666666667
2001-09-21;17.0932333333333;38.0062333333333
2001-09-26;17.9568666666667;38.0294
2001-10-03;18.6219333333333;38.0874666666667
2001-10-10;20.6042666666667;38.2173666666667
2001-10-17;18.1779;38.0398666666667
2001-10-24;19.2323333333333;38.1012
2001-10-31;15.9324;38.0214
2001-11-07;19.5767333333333;38.0876
2001-11-14;18.2375333333333;38.0922333333333
2001-11-21;17.0472;38.0591
2001-11-28;16.9301666666667;38.0547
2001-12-05;16.7963;38.0836
2001-12-12;15.8111;38.0688
2001-12-19;15.4090666666667;38.0721333333333
2001-12-26;14.9510666666667;38.1045666666667
2002-01-02;14.4092666666667;38.1345
2002-01-09;14.0414666666667;38.1699
2002-01-16;13.8721333333333;38.1946
2002-01-23;13.6295333333333;38.1979666666667
2002-01-30;13.5757;38.1786333333333
2002-02-06;13.3945666666667;38.0777333333333
2002-02-07;13.3848333333333;38.0905
2002-02-13;13.3666666666667;38.0753
2002-02-19;13.311;38.0351
2002-02-20;13.3917666666667;38.0995333333333
2002-03-01;NA;NA
2002-03-08;13.2398;38.0388
2002-03-13;NA;NA
2002-03-20;NA;NA
2002-03-27;NA;NA
2002-04-04;NA;NA
2002-04-05;13.7882666666667;38.0034
2002-04-10;NA;NA
2002-04-18;13.7258666666667;37.9996666666667
2002-04-24;13.731;37.9992
2002-04-30;14.5423666666667;37.9560666666667
2002-05-07;15.6800333333333;37.8379666666667
2002-05-15;14.2917666666667;37.9771
2002-05-22;14.3440333333333;37.9937666666667
2002-05-28;14.6548333333333;37.9622
2002-06-05;15.4149666666667;37.9503666666667
2002-06-12;15.6778333333333;37.8785333333333
2002-06-19;14.6750666666667;37.9079
2002-06-26;14.9039333333333;37.8558666666667
2002-07-02;14.9909666666667;37.8747
2002-07-10;14.8466;37.8765
2002-07-17;14.7992666666667;37.9118666666667
2002-07-18;15.306;37.8362666666667
2002-07-24;15.4964;37.8109
2002-07-31;14.3837;37.9098
2002-08-07;16.1727333333333;37.7723333333333
2002-08-14;15.0275666666667;37.8611
2002-08-21;15.7801666666667;37.8194
2002-08-28;15.0122666666667;37.8457
2002-09-04;15.7446;38.2061666666667
2002-09-11;16.2056;37.9903
2002-09-12;16.2045;NA
2002-09-19;16.8592333333333;NA
2002-09-26;16.1980333333333;NA
2002-10-02;15.5745;37.8012333333333
2002-10-09;17.0154333333333;37.7381333333333
2002-10-16;17.8578;37.7176333333333
2002-10-25;19.6212;37.7336666666667
2002-10-30;18.5564333333333;37.7531
2002-11-06;18.0682333333333;37.8167666666667
2002-11-13;17.8635333333333;37.8397666666667
2002-11-20;17.6504;37.7336
2002-11-27;17.5305;37.7101
2002-12-04;17.364;37.8209666666667
2002-12-13;15.9521333333333;37.8499333333333
2002-12-18;15.8337666666667;37.8637
2002-12-23;15.6479666666667;37.9144666666667
2002-12-30;15.4508;37.8626333333333
2003-01-09;14.919;37.9474
2003-01-15;14.5270666666667;37.9250666666667
2003-01-23;14.0861666666667;37.8803333333333
2003-01-30;13.9298;37.9194
2003-02-05;13.5965666666667;37.9691333333333
2003-02-12;13.4540666666667;37.9830666666667
2003-02-19;13.2442666666667;38.1169666666667
2003-02-28;13.1112;38.1234666666667
2003-03-05;13.1516;38.1133333333333
2003-03-12;13.1926333333333;38.1270666666667
2003-03-19;13.3240333333333;38.1436333333333
2003-03-26;13.4505666666667;38.1368
2003-04-03;13.5689333333333;38.1294
2003-04-10;13.4721;38.1184
2003-04-16;13.6182333333333;38.0469333333333
2003-04-24;13.6353666666667;38.0766333333333
2003-04-30;14.5005666666667;37.9407
2003-05-07;16.3576666666667;37.8645
2003-05-08;16.3572666666667;37.8635333333333
2003-05-14;14.1449666666667;38.0533666666667
2003-05-21;14.1510666666667;38.0342333333333
2003-05-27;14.3097;38.0492
2003-05-28;14.3058777777778;38.056
2003-06-04;14.1551666666667;38.0539333333333
2003-06-11;14.1867666666667;38.0504333333333
2003-06-18;14.4153333333333;38.0104
2003-06-25;14.2753;38.0308333333333
2003-07-04;14.2839666666667;38.0482333333333
2003-07-07;14.2602666666667;38.0620666666667
2003-07-09;14.3668;38.0520333333333
2003-07-16;14.9338666666667;38.0276
2003-07-23;14.4998333333333;38.0492
2003-07-30;14.4077333333333;38.0646
2003-08-06;14.7814666666667;38.0334333333333
2003-08-13;15.2914666666667;37.9913
2003-08-20;15.2914;37.9817
2003-08-27;15.0136;37.9897666666667
2003-09-03;15.0133666666667;38.0140666666667
2003-09-10;14.9231333333333;38.0132333333333
2003-09-18;15.0588;38.0068333333333
2003-09-23;15.6040333333333;37.9765
2003-09-30;16.1002333333333;37.9388666666667
2003-10-09;16.0972333333333;38.0166333333333
2003-10-14;15.8479;37.9673
2003-10-22;17.1057;38.1308666666667
2003-10-28;17.8404666666667;38.1680666666667
2003-11-04;17.1133666666667;38.0369
2003-11-12;16.861;38.0652666666667
2003-11-18;16.6923;38.0686666666667
2003-11-25;16.8014333333333;38.0250333333333
2003-12-05;16.5547333333333;37.9712
2003-12-08;16.5077;37.9917666666667
2003-12-16;16.0447333333333;37.9947333333333
2003-12-17;16.0446111111111;37.9962888888889
2003-12-22;15.7399;38.0165
2003-12-29;15.0020666666667;38.0731
2004-01-06;14.7165;38.0408
2004-01-16;14.3283;38.0486
2004-01-20;14.0686;38.0622666666667
2004-01-30;13.7161333333333;38.0710666666667
2004-02-03;13.6060333333333;38.1019333333333
2004-02-10;13.3733;38.1276333333333
2004-02-17;13.3955666666667;38.1032333333333
2004-02-25;13.3463333333333;38.1203333333333
2004-03-01;13.1655666666667;38.1273666666667
2004-03-02;13.1568333333333;38.1282333333333
2004-03-05;13.1479;38.1160666666667
2004-03-09;13.0393666666667;38.1400666666667
2004-03-15;12.9412333333333;38.1167333333333
2004-03-17;13.0150666666667;38.1179
2004-03-22;13.1511666666667;38.0352666666667
2004-03-23;12.9330333333333;38.0041
2004-03-24;13.0467;38.0225333333333
2004-03-25;13.0839666666667;38.0015333333333
2004-03-26;13.1275666666667;37.9991666666667
2004-03-31;13.1739333333333;38.1203666666667
2004-04-06;13.2280333333333;37.9825333333333
2004-04-14;13.3537333333333;38.0098666666667
2004-04-21;13.4899888888889;38.0793
2004-04-28;13.6446666666667;38.0595666666667
2004-05-04;14.3816;37.9626666666667
2004-05-11;14.4176666666667;38.0090666666667
2004-05-13;14.9874666666667;37.8657333333333
2004-05-18;14.4402333333333;38.0135666666667
2004-05-19;14.1369666666667;38.0730333333333
2004-05-25;14.3743666666667;38.0570666666667
2004-06-01;14.4066;38.0939666666667
2004-06-08;14.6012333333333;38.0816666666667
2004-06-15;15.1174666666667;38.0477
2004-06-22;14.0400666666667;38.0958333333333
2004-06-29;14.5266333333333;38.1171
2004-07-06;14.8277666666667;38.0678
2004-07-20;NA;NA
2004-07-27;NA;NA
2004-08-03;15.0891666666667;NA
2004-08-04;14.6956333333333;NA
2004-08-10;15.3892333333333;NA
2004-08-17;15.5268666666667;NA
2004-08-24;14.4304333333333;NA
2004-08-31;14.4753777777778;38.0682222222222
2004-09-07;15.3816666666667;38.0504666666667
2004-09-14;15.1632333333333;38.0594333333333
2004-09-21;15.9192333333333;38.0358333333333
2004-09-28;14.6582;38.0650666666667
2004-10-05;15.8359666666667;38.0118333333333
2004-10-12;NA;NA
2004-10-20;16.0647666666667;38.0744333333333
2004-11-02;19.8193333333333;38.2356333333333
2004-11-09;19.4452;38.1562
2004-11-16;NA;NA
2004-11-23;16.742;38.1838666666667
2004-11-30;17.2312;38.1928333333333
2004-12-07;16.4545666666667;38.1468666666667
2004-12-14;16.1746333333333;38.1449
2004-12-21;15.913;38.1411666666667
2004-12-28;15.4373333333333;38.0980333333333
2005-01-04;15.0329333333333;38.0870333333333
2005-01-11;14.7976666666667;38.0566666666667
2005-01-21;NA;NA
2005-01-25;NA;NA
2005-01-27;14.3903666666667;38.0574
2005-02-01;13.4908333333333;38.1474
2005-02-08;13.2961;38.1673666666667
2005-02-15;13.2078;38.195
2005-02-23;13.0729333333333;38.2078666666667
2005-03-01;12.9274;38.2411
2005-03-07;12.8024;38.2376333333333
2005-03-15;12.8387333333333;38.2583333333333
2005-03-22;12.8535333333333;38.2746333333333
2005-03-29;13.3443333333333;38.2548333333333
2005-04-04;13.7853666666667;38.1594666666667
2005-04-05;NA;NA
2005-04-12;13.6019;38.1824333333333
2005-04-19;13.4629666666667;38.1885666666667
2005-04-26;14.0522;38.1270666666667
2005-05-03;14.2269666666667;38.1079666666667
2005-05-10;14.5407;38.0308666666667
2005-05-17;14.5191666666667;38.1489666666667
2005-05-24;14.8952666666667;38.1145333333333
2005-05-31;14.3495666666667;38.1686666666667
2005-06-07;14.4300333333333;38.1843666666667
2005-06-15;15.024;38.1788
2005-06-21;NA;NA
2005-06-28;NA;NA
2005-07-06;13.8484666666667;38.2511
2005-07-12;13.98;38.2266666666667
2005-07-19;14.3509;38.1935666666667
2005-07-26;15.2813333333333;38.1593333333333
2005-08-02;16.1143;38.1396333333333
2005-08-09;14.2789;38.1441
2005-08-16;16.843;38.1260666666667
2005-08-23;15.5;38.1151
2005-08-30;15.6792666666667;38.1129333333333
2005-09-06;14.7422333333333;38.1398666666667
2005-09-13;15.3638333333333;38.1602
2005-09-20;17.5555666666667;38.1551333333333
2005-09-27;15.2925333333333;38.1215666666667
2005-10-04;15.7304333333333;38.0586666666667
2005-10-11;19.854;38.346
2005-10-18;20.1758333333333;38.3808333333333
2005-10-25;19.2162666666667;38.3185333333333
2005-11-02;19.5844666666667;38.3245666666667
2005-11-08;19.5685666666667;38.2795
2005-11-15;19.1729666666667;38.2323
2005-11-23;18.1535666666667;38.2291
2005-11-29;16.9959666666667;38.2600666666667
2005-12-06;16.4629;38.2084666666667
2005-12-13;15.4816333333333;38.1794333333333
2005-12-20;14.6500666666667;38.0919
2005-12-27;14.1639333333333;38.1472333333333
2006-01-04;13.9584666666667;38.1899666666667
2006-01-10;13.6685333333333;38.2067666666667
2006-01-17;13.3162333333333;38.2
2006-01-24;13.2351666666667;38.1980333333333
2006-01-31;12.8948;38.1667666666667
2006-02-07;12.7937333333333;38.1263333333333
2006-02-14;12.7882;38.1797333333333
2006-02-23;12.7503;38.2469333333333
2006-02-28;12.7425666666667;38.2380666666667
2006-03-07;12.794;38.2868333333333
2006-03-14;12.6965;38.2874666666667
2006-03-21;12.4511666666667;38.1786666666667
2006-03-30;12.5908333333333;38.1970333333333
2006-04-04;12.7487333333333;38.1371333333333
2006-04-11;12.9858;38.1707333333333
2006-04-18;13.4725333333333;38.1921
2006-04-25;13.6099;38.1803333333333
2006-05-02;13.8520333333333;38.2292
2006-05-10;13.9409666666667;38.2351
2006-05-16;14.1859;38.2181666666667
2006-05-23;15.1786333333333;38.1894
2006-05-31;13.5206666666667;38.2538666666667
2006-06-06;14.0607333333333;38.2259666666667
2006-06-13;13.8344;38.2330333333333
2006-06-20;14.2470666666667;38.2186
2006-06-27;14.8553666666667;38.213
2006-07-04;14.4807;38.2091666666667
2006-07-11;15.5132666666667;38.3141
2006-07-18;15.0753;38.2171
2006-07-25;14.9201666666667;38.2142333333333
2006-08-01;15.5687666666667;38.2121666666667
2006-08-07;14.4149333333333;38.1967
2006-08-16;15.2682666666667;38.198
2006-08-22;16.0288333333333;38.1911666666667
2006-08-30;14.4812666666667;38.1907
2006-08-31;14.3410555555556;38.1864111111111
2006-09-05;14.6541333333333;38.1952333333333
2006-09-12;15.5472;38.2044666666667
2006-09-19;16.0285333333333;38.2029
2006-09-26;18.3626333333333;37.8082
2006-10-03;17.5102333333333;38.2771333333333
2006-10-11;19.1950333333333;38.2557
2006-10-17;20.8625;38.3160333333333
2006-10-24;20.5712333333333;38.3082333333333
2006-10-31;20.5564333333333;38.2783333333333
2006-11-07;19.6811333333333;38.2948
2006-11-14;19.4078333333333;38.2957333333333
2006-11-21;19.0104333333333;38.2621
2006-11-28;18.5263333333333;38.1890333333333
2006-12-05;17.743;38.186
2006-12-12;17.5246;38.0745666666667
2006-12-19;17.1215333333333;38.1165
2007-01-09;15.4746;38.1671333333333
2007-01-16;15.4091;38.2189666666667
2007-01-23;15.4358666666667;38.2465666666667
2007-01-30;14.9634;38.1864666666667
2007-02-06;14.7619666666667;38.1787666666667
2007-02-13;14.5073;38.1510666666667
2007-02-20;14.2869;38.1158333333333
2007-02-27;14.1858666666667;38.1301
2007-03-06;14.3641333333333;38.0692666666667
2007-03-13;14.3127666666667;38.0347666666667
2007-03-20;14.1488;38.1451
2007-03-27;13.9864;38.0932
2007-04-03;13.9788;38.0966
2007-04-17;14.9944666666667;38.0175333333333
2007-04-24;14.8855666666667;38.0181333333333
2007-05-02;14.6496333333333;38.0803666666667
2007-05-09;14.9810666666667;37.9879
2007-05-15;15.0617333333333;37.9462
2007-05-22;14.7419666666667;37.9955
2007-05-30;14.7859;37.9880333333333
2007-06-05;15.6997;37.9199333333333
2007-06-12;14.8172;37.9888666666667
2007-06-19;15.9745;37.8910666666667
2007-06-27;15.1692333333333;37.9907333333333
2007-07-03;15.5398;37.9571666666667
2007-07-10;14.45;37.9885666666667
2007-07-17;15.2785;37.9269
2007-07-24;15.8091333333333;37.9261666666667
2007-07-31;16.6864;37.9111
2007-08-01;16.2968333333333;37.874
2007-08-07;16.1393666666667;37.9026333333333
2007-08-14;15.1783666666667;37.9206
2007-08-22;14.9795333333333;37.8697
2007-08-28;15.3192666666667;37.8627666666667
2007-09-04;NA;NA
2007-09-11;16.7378666666667;37.8586666666667
2007-09-18;16.5982;37.8753333333333
2007-09-25;15.6793;37.9046666666667
2007-10-02;18.0438;37.9312333333333
2007-10-09;15.9295;37.8592
2007-10-16;18.2363666666667;37.9149
2007-10-23;18.4752666666667;38.0787666666667
2007-10-30;18.3571666666667;38.0828
2007-11-06;18.1458666666667;38.0788333333333
2007-11-13;17.6515333333333;38.1261
2007-11-22;16.6373333333333;38.0612
2007-11-27;16.2578666666667;38.2131333333333
2007-12-05;15.8066;38.1576666666667
2007-12-11;NA;NA
2007-12-18;NA;NA
2008-01-04;NA;NA
2008-01-08;NA;NA
2008-01-18;13.9198333333333;38.0722333333333
2008-01-22;13.9367;38.0589666666667
2008-01-29;13.8275333333333;38.0798
2008-02-05;13.7123;38.0661333333333
2008-02-12;13.5991;38.0412333333333
2008-02-19;13.4496333333333;38.1032666666667
2008-02-26;13.4515666666667;38.1159666666667
2008-03-03;13.6071333333333;38.0821333333333
2008-03-11;13.3762666666667;38.0891333333333
2008-03-12;NA;NA
2008-03-18;13.4202666666667;38.0973333333333
2008-03-26;13.4282666666667;38.0790666666667
2008-04-01;13.5631;38.0644333333333
2008-04-08;13.317;38.1196333333333
2008-04-15;13.3921333333333;38.0936
2008-04-23;13.7566666666667;38.0168
2008-04-28;13.8784666666667;37.9908
2008-05-06;14.9483666666667;37.9251
2008-05-13;15.6233;37.9968
2008-05-20;15.0255666666667;38.0060333333333
2008-05-28;17.9085333333333;37.8633666666667
2008-06-03;16.4468;37.9566666666667
2008-06-10;15.0813666666667;38.0083666666667
2008-06-17;14.5947333333333;38.0349
2008-06-23;NA;NA
2008-06-24;14.6261;38.0201333333333
2008-07-02;14.7215;37.9809666666667
2008-07-08;14.3871333333333;38.021
2008-07-16;15.8216666666667;37.9496333333333
2008-07-22;15.2741666666667;37.9758666666667
2008-07-28;14.6095666666667;38.049
2008-08-05;15.0642666666667;38.0102666666667
2008-08-19;14.4504666666667;38.0385
2008-08-26;14.9934666666667;37.9864666666667
2008-09-02;14.9217666666667;37.9625333333333
2008-09-10;16.5174333333333;37.9084666666667
2008-09-16;16.8858;37.9099333333333
2008-09-22;16.9332333333333;37.9587666666667
2008-09-29;15.8035;37.9379
2008-10-07;16.7687333333333;37.9717333333333
2008-10-14;15.7328333333333;NA
2008-10-21;18.4588333333333;NA
2008-10-28;18.3087666666667;38.1729333333333
2008-11-06;18.8287666666667;38.1290333333333
2008-11-10;18.7049333333333;38.0754
2008-11-20;18.4450333333333;38.122
2008-11-25;17.9494;38.0981333333333
2008-12-02;16.7156666666667;38.0674666666667
2008-12-09;16.2307333333333;38.0656
2008-12-17;15.4004333333333;NA
2008-12-22;15.6829;37.8743333333333
2009-01-06;14.6270333333333;38.0319
2009-01-13;14.3535666666667;38.0555
2009-01-14;14.3535666666667;38.0554333333333
2009-01-22;NA;NA
2009-01-27;13.9552666666667;38.0184666666667
2009-02-03;13.8737;37.9975666666667
2009-02-10;13.924;37.9953333333333
2009-02-17;13.645;37.9565666666667
2009-02-23;13.6113333333333;37.9547666666667
2009-02-24;NA;NA
2009-03-03;13.6090666666667;38.0214666666667
2009-03-10;13.7116666666667;37.9934
2009-03-17;13.9003666666667;38.0075666666667
2009-03-23;13.8447666666667;38.0232
2009-03-31;NA;NA
2009-04-07;13.9443;37.9434333333333
2009-04-14;14.1152333333333;37.9927333333333
2009-04-21;14.0289333333333;37.9867333333333
2009-04-28;15.0997333333333;37.7726666666667
2009-05-05;NA;NA
2009-05-06;14.3506;37.9075333333333
2009-05-12;15.7016333333333;37.6909666666667
2009-05-19;14.3497666666667;37.9435
2009-05-26;15.0852333333333;37.8606333333333
2009-06-02;15.1715666666667;37.8612
2009-06-09;14.6952;37.9043333333333
2009-06-16;15.2655333333333;37.8662666666667
2009-06-23;15.2216333333333;37.8311
2009-06-30;14.3742;37.9038666666667
2009-07-07;14.4468;37.9214
2009-07-13;14.7294333333333;37.8962333333333
2009-07-21;15.5673333333333;37.8378666666667
2009-07-28;15.0891;37.8669666666667
2009-08-04;NA;NA
2009-08-11;14.9134;37.8203666666667
2009-08-18;15.2854;37.8049
2009-08-25;14.8715333333333;37.8832666666667
2009-09-01;15.2624333333333;37.8491666666667
2009-09-08;14.7306;37.9097666666667
2009-09-24;16.7566333333333;37.8690333333333
2009-09-29;18.2093333333333;37.9011
2009-10-06;16.3717666666667;37.8355333333333
2009-10-13;22.3584;38.0565333333333
2009-10-20;21.1121666666667;38.0865333333333
2009-10-29;18.9937333333333;38.0016333333333
2009-11-05;16.4415333333333;37.8905
2009-11-10;18.6082333333333;37.9897333333333
2009-11-17;18.0446333333333;37.9632333333333
2009-11-24;17.5519333333333;37.9878333333333
2009-12-01;17.2103666666667;37.9949333333333
2009-12-08;16.7667;37.9273
2009-12-15;15.9782333333333;37.9491333333333
2009-12-22;14.8141;37.9919333333333
2010-01-04;14.3735;37.8938
2010-01-05;NA;NA
2010-01-12;13.9622333333333;37.8538666666667
2010-01-19;13.7429;37.9309666666667
2010-01-25;13.3292666666667;37.8487
2010-02-02;13.3053666666667;37.9226333333333
2010-02-12;13.2359333333333;37.9078333333333
2010-02-16;13.2383333333333;37.9376
2010-02-23;13.1410666666667;37.8711
2010-03-02;13.1454666666667;37.8231666666667
2010-03-09;NA;NA
2010-03-16;13.1503333333333;37.9535333333333
2010-03-23;13.2302666666667;37.8898
2010-03-30;13.4306666666667;37.8743666666667
2010-04-06;13.6263333333333;37.8298666666667
2010-04-13;13.7313;37.8154
2010-04-20;13.6452333333333;37.8827333333333
2010-04-27;14.0458;37.7931333333333
2010-05-05;15.1506;37.7415333333333
2010-05-10;14.167;37.9004333333333
2010-05-17;14.3966333333333;37.8698666666667
2010-05-18;NA;NA
2010-05-25;14.5073333333333;37.8867666666667
2010-06-02;15.7909333333333;37.8019333333333
2010-06-08;14.6245333333333;37.8942
2010-06-15;15.6353666666667;37.8702
2010-06-22;15.4389666666667;37.8826666666667
2010-06-23;NA;NA
2010-06-29;14.5556;37.9201
2010-07-06;15.3617333333333;37.8925333333333
2010-07-13;14.5845666666667;37.9043666666667
2010-07-20;15.4477666666667;37.8820666666667
2010-07-27;14.8857666666667;37.8976
2010-08-03;14.7356666666667;37.9199333333333
2010-08-17;14.8649333333333;37.922
2010-08-24;15.2444666666667;37.9392
2010-08-31;15.6623333333333;37.9114
2010-09-07;16.1368333333333;37.9048
2010-09-14;15.2161333333333;37.9209666666667
2010-09-21;17.3936;37.9435333333333
2010-09-28;15.441;37.9064666666667
2010-10-05;20.2669666666667;38.0911333333333
2010-10-07;NA;NA
2010-10-12;20.0330333333333;38.1202
2010-10-19;19.6183333333333;38.1048
2010-10-26;NA;NA
2010-11-03;NA;NA
2010-11-09;15.4046666666667;38.0329333333333
2010-11-17;17.8152;37.9717333333333
2010-11-23;17.1681666666667;37.6389666666667
2010-11-30;NA;NA
2010-12-08;NA;NA
2010-12-14;15.6969666666667;37.8656333333333
2010-12-21;14.8396;37.8890333333333
2010-12-28;14.603;37.8835333333333
2011-01-04;14.1636;37.8541
2011-01-11;13.8027666666667;37.7888666666667
2011-01-18;13.7496333333333;37.7687333333333
2011-01-25;13.5228;38.2156
2011-02-01;13.4141;37.9392
2011-02-08;13.3996;37.9629333333333
2011-02-15;13.5487;38.0094
2011-02-22;13.3742666666667;37.9371666666667
2011-03-01;13.3479333333333;37.9884
2011-03-08;13.0885666666667;37.9694333333333
2011-03-15;13.1279333333333;37.9755
2011-03-22;13.1324;37.9128
2011-03-29;13.2671;37.8406666666667
2011-04-05;13.4071;37.9655666666667
2011-04-12;13.5240666666667;37.9608666666667
2011-04-19;13.5260333333333;37.9567666666667
2011-04-26;14.9747666666667;37.9605333333333
2011-05-02;14.1828333333333;37.9714
2011-05-03;15.6910333333333;37.879
2011-05-09;15.6139;37.8949333333333
2011-05-10;14.5803666666667;37.9624333333333
2011-05-11;14.0593;37.9545333333333
2011-05-12;13.9814666666667;37.9692
2011-05-13;14.1739;37.9539333333333
2011-05-16;14.3068;37.9591333333333
2011-05-17;15.3890666666667;37.9468
2011-05-18;14.6988333333333;37.9668666666667
2011-05-19;14.448;37.9675
2011-05-20;14.4497;37.9736333333333
2011-05-24;14.4271;37.9767666666667
2011-05-31;14.7089666666667;37.9755333333333
2011-06-07;14.9493;37.9739
2011-06-14;14.204;37.9907333333333
2011-06-21;16.1087333333333;37.9377666666667
2011-06-28;15.2668;37.9704333333333
2011-07-05;14.6132666666667;37.9695333333333
2011-07-12;15.7150666666667;37.9585333333333
2011-07-19;14.9086333333333;37.9789333333333
2011-07-26;15.8148333333333;37.9419666666667
2011-08-02;14.9191333333333;37.9474333333333
2011-08-09;14.9621333333333;37.9480666666667
2011-08-16;15.5078666666667;37.9363333333333
2011-08-23;15.4197;37.9373666666667
2011-08-30;15.3535;37.9428
2011-09-06;16.1749;37.9202666666667
2011-09-13;15.4024666666667;37.9403
2011-09-27;15.4197666666667;37.9511
2011-10-04;16.0651333333333;37.9305666666667
2011-10-11;15.5339666666667;37.9278333333333
2011-10-18;NA;NA
2011-10-25;18.9078333333333;38.1884
2011-10-26;NA;NA
2011-11-02;18.8868666666667;38.1739666666667
2011-11-10;18.8361;38.0383333333333
2011-11-15;18.5484;38.0265
2011-11-22;18.1435;38.0842
2011-11-29;17.8167666666667;38.0867
2011-12-06;NA;NA
2012-01-10;15.1307666666667;38.0969333333333
2012-01-17;14.8253666666667;38.1115666666667
2012-01-24;14.5773666666667;38.1198333333333
2012-01-31;14.3776333333333;38.1168333333333
2012-02-07;13.5857;38.1624333333333
2012-02-14;13.1726666666667;38.2223666666667
2012-02-21;13.4194333333333;38.1702333333333
2012-02-28;13.3760666666667;38.1854
2012-03-06;13.4234;38.1858
2012-03-13;NA;NA
2012-03-20;13.4524666666667;38.1602
2012-03-27;13.5181333333333;38.1689666666667
2012-04-03;13.9492;38.1519
2012-04-10;13.6278333333333;38.1827
2012-04-17;14.3882666666667;38.1113333333333
2012-04-25;14.3761333333333;38.1087666666667
2012-05-02;13.2893333333333;38.2203666666667
2012-05-09;14.4497666666667;38.1106
2012-05-15;15.8948666666667;38.1122333333333
2012-05-22;16.0989333333333;38.1885
2012-05-29;15.004;38.1654
2012-06-05;15.1058333333333;38.1538666666667
2012-06-13;14.4568333333333;38.1617666666667
2012-06-19;14.6612666666667;38.1387666666667
2012-06-26;15.2384333333333;38.1215666666667
2012-07-03;14.78;38.1268333333333
2012-07-10;14.8549;38.1176333333333
2012-07-17;15.5186;38.1093
2012-07-24;16.2423333333333;37.9986
2012-07-31;14.8888333333333;38.1414
2012-08-07;14.3941;38.1418666666667
2012-08-21;14.9182666666667;38.1302666666667
2012-08-28;16.1652666666667;38.1048
2012-09-04;17.8155333333333;38.1363333333333
2012-09-11;14.5361;38.1266666666667
2012-09-18;14.8577;38.1163
2012-09-25;14.3873;38.1327333333333
2012-10-02;19.6868333333333;38.1720666666667
2012-10-09;19.8405666666667;38.2165666666667
2012-10-16;15.2072666666667;38.1071666666667
2012-10-23;18.8894333333333;38.2233
2012-10-30;20.0129666666667;38.2421
2012-11-06;14.9013333333333;NA
2012-11-07;16.6740666666667;NA
2012-11-13;18.0787;NA
2012-11-14;18.1434;38.0989
2012-11-20;17.3882333333333;38.1473333333333
2012-11-27;17.3132666666667;38.1458333333333
2012-12-05;16.9093333333333;38.1207333333333
2012-12-11;NA;NA
2012-12-12;16.3189666666667;38.1222
2012-12-18;15.8216666666667;38.0925666666667
2012-12-28;14.8272333333333;37.9754
2013-01-04;14.5305;37.9153333333333
2013-01-08;14.4189;38.0191333333333
2013-01-15;14.1993666666667;38.0162666666667
2013-01-23;13.7511333333333;38.0456
2013-01-24;13.7324333333333;38.0364333333333
2013-01-29;13.4916;38.0351
2013-02-05;13.7074666666667;38.1453
2013-02-12;13.4571;38.1136
2013-02-19;13.2898666666667;38.1090333333333
2013-02-25;13.1931333333333;38.1628666666667
2013-03-07;13.2336;38.2098333333333
2013-03-12;13.2427666666667;38.1068
2013-03-20;13.2778666666667;38.1335
2013-03-26;13.1971;37.8110333333333
2013-04-02;13.2762333333333;38.0023333333333
2013-04-09;13.4579666666667;37.9246
2013-04-16;13.5446;37.9920666666667
2013-04-26;14.2687666666667;37.9597
2013-04-30;14.7041666666667;38.006
2013-05-07;14.0069;38.1847
2013-05-14;14.2929333333333;38.1476333333333
2013-05-21;13.9945;38.1934666666667
2013-05-28;14.3014333333333;38.1513333333333
2013-06-04;14.0524;38.1709666666667
2013-06-11;14.0598333333333;38.1800666666667
2013-06-18;15.1112;38.1348333333333
2013-06-25;15.4667;38.1929333333333
2013-07-02;15.4404666666667;38.165
2013-07-09;15.5608;38.1492333333333
2013-07-16;15.0052;38.1022666666667
2013-07-23;14.9112333333333;38.1082666666667
2013-07-30;14.3056;38.0738333333333
2013-08-06;15.6212666666667;38.0535333333333
2013-08-20;15.0532666666667;38.0446333333333
2013-08-28;15.4653;37.9888666666667
2013-09-03;15.2254333333333;38.0033666666667
2013-09-09;15.7566;37.9734
2013-09-11;NA;NA
2013-09-18;15.6028;37.9817666666667
2013-09-24;15.1749333333333;37.9667333333333
2013-10-08;20.0438;38.1798333333333
2013-10-15;18.0695666666667;38.0424333333333
2013-10-22;17.6965666666667;38.0495333333333
2013-10-29;19.3644;38.1256
2013-11-05;16.3849666666667;38.0502333333333
2013-11-12;18.2236;38.1255
2013-11-21;NA;NA
2013-11-27;17.1029666666667;38.1506
2013-12-03;15.9381333333333;38.1888666666667
2013-12-10;16.1814666666667;38.1966333333333
2013-12-17;15.8154;38.1799
2013-12-23;15.7491333333333;38.1659
2014-01-07;14.9805333333333;37.9327
2014-01-14;14.9878333333333;38.0729
2014-01-21;14.9360666666667;37.9524333333333
2014-01-28;14.8115666666667;37.8701666666667
2014-02-05;14.4478;38.0074
2014-02-11;14.1984;37.8813666666667
2014-02-18;14.2369;37.8402666666667
2014-02-25;14.2007375;37.7727833606367
2014-03-04;14.1607961538462;37.7863280063127
2014-03-11;14.2779333333333;37.815
2014-03-19;14.3508;37.8993666666667
2014-03-25;14.3697666666667;38.0083
2014-04-01;14.3928;37.9299666666667
2014-04-08;NA;NA
2014-04-15;NA;NA
2014-04-22;NA;NA
2014-04-29;NA;NA
2014-05-06;15.0813333333333;37.9018333333333
2014-05-13;14.926;37.9284666666667
2014-05-20;NA;NA
2014-05-27;NA;NA
2014-06-03;NA;NA
2014-06-10;15.2479;37.9659666666667
2014-06-17;15.9779666666667;37.9554
2014-06-24;15.6017;37.9895666666667
2014-07-01;16.6639;38.0069
2014-07-08;16.4433;37.9636666666667
2014-07-15;16.8164666666667;37.9577
2014-07-22;15.9533666666667;37.979
2014-07-30;16.3218;37.9504666666667
2014-08-05;16.3395666666667;37.9561666666667
2014-08-19;16.2328;37.9566666666667
2014-08-26;16.2847333333333;37.9357666666667
2014-09-02;16.6794;37.9514666666667
2014-09-09;16.0420333333333;37.9427666666667
2014-09-15;15.8993;37.9447333333333
2014-09-23;19.6094333333333;38.0504666666667
2014-09-30;21.9921666666667;38.1586666666667
2014-10-07;20.0176333333333;38.1063333333333
2014-10-14;22.1704666666667;38.1655666666667
2014-10-21;20.6955666666667;38.1115333333333
2014-10-29;21.0963666666667;38.1559666666667
2014-11-06;20.3589666666667;38.1749666666667
2014-11-12;20.0620333333333;38.0426666666667
2014-11-18;19.5939;37.9557666666667
2014-11-25;18.9803;37.9776
2014-12-02;18.4366;37.908
2014-12-09;18.1535333333333;37.8686333333333
2014-12-16;17.6948;37.8419333333333
2014-12-22;17.4625333333333;37.8432333333333
2015-01-06;16.0644666666667;37.9446
2015-01-12;15.8101;37.9636666666667
2015-01-20;15.4052666666667;37.9724666666667
2015-01-27;14.9388;37.9992666666667
2015-01-28;14.9048;37.9967333333333
2015-02-03;14.4532;38.0486
2015-02-10;13.9885666666667;38.0602333333333
2015-02-17;13.8925;38.003
2015-02-24;13.8642333333333;37.9661
2015-03-03;13.9254333333333;38.0663666666667
2015-03-10;13.8749333333333;38.0273
2015-03-17;13.7949;38.0106666666667
2015-03-24;13.7970666666667;37.9821666666667
2015-03-31;13.8671;37.9731666666667
2015-04-07;NA;NA
2015-04-14;NA;NA
2015-04-21;14.4518333333333;37.8884333333333
2015-04-28;14.7873;37.9459666666667
2015-05-05;14.8828333333333;37.9362666666667
2015-05-12;14.6008666666667;37.9448666666667
2015-05-19;14.6114;37.9352
2015-05-26;15.3983333333333;37.9126333333333
2015-06-02;15.0311;37.9541
2015-06-09;14.5950666666667;38.0067333333333
2015-06-16;14.6552333333333;37.9788
2015-06-22;15.1153666666667;37.9602666666667
2015-06-30;15.6961333333333;37.9570333333333
2015-07-07;14.9029666666667;37.9827666666667
2015-07-15;14.7613;37.9776666666667
2015-07-21;NA;NA
2015-07-28;NA;NA
2015-08-04;15.1172333333333;37.9670333333333
2015-08-11;14.9686333333333;37.9746
2015-08-25;15.5562666666667;37.9514333333333
2015-09-01;15.4220333333333;37.9569
2015-09-08;15.4662666666667;37.9631666666667
2015-09-15;15.5328333333333;37.9912666666667
2015-09-22;17.4678666666667;37.9786666666667
2015-09-29;21.6722666666667;38.3899333333333
2015-10-06;19.6017;38.3345666666667
2015-10-13;20.1966333333333;38.3254
2015-10-20;20.1119333333333;38.3479333333333
2015-10-27;18.8539666666667;38.2954
2015-11-03;18.1597;38.2653
2015-11-10;NA;NA
2015-11-17;18.3297;38.2591333333333
2015-11-24;18.0372333333333;38.2604333333333
2015-12-01;16.9161666666667;38.24
2015-12-08;17.0217;38.2465
2015-12-15;16.4649333333333;38.2321666666667
2015-12-22;16.3479333333333;38.2268333333333
2016-01-05;15.6295666666667;38.2104333333333
2016-01-13;13.9929333333333;38.3638333333333
2016-01-19;14.4419666666667;38.2217
2016-01-26;14.2930333333333;38.2091
2016-02-02;14.1273333333333;38.1970666666667
2016-02-09;14.0748666666667;38.1854666666667
2016-02-16;NA;NA
2016-02-19;13.9019;38.1982333333333
2016-02-23;13.8419;38.1832666666667
2016-03-01;13.5405666666667;37.8877666666667
2016-03-09;13.5667;38.0036
2016-03-15;NA;NA
2016-03-16;13.5599;37.9237333333333
2016-03-22;13.6299;37.9988
2016-03-29;13.7623666666667;38.0786
2016-04-05;14.2842;38.0927333333333
2016-04-12;14.452;38.1404333333333
2016-04-19;14.4066333333333;38.1545333333333
2016-04-25;15.2646;38.0844666666667
2016-05-03;15.6307;38.1179
2016-05-10;16.1698;38.1146666666667
2016-05-17;15.9237666666667;38.1308
2016-05-24;14.7039666666667;38.2001
2016-06-01;15.4815333333333;38.1275333333333
2016-06-07;15.944;38.1105
2016-06-14;15.6777333333333;38.1223666666667
2016-06-21;16.3508333333333;38.1098666666667
2016-06-28;16.8797333333333;38.1382
2016-07-05;16.4032;38.1354
2016-07-12;16.2109333333333;38.1220666666667
2016-07-19;16.3058333333333;38.1253666666667
2016-07-26;16.0044666666667;38.119
2016-08-02;NA;NA
2016-08-16;NA;NA
2016-08-23;NA;NA
2016-08-31;NA;NA
2016-09-06;15.7642333333333;38.0824
2016-09-13;15.5468666666667;38.0724
2016-09-20;16.5193333333333;38.0412333333333
2016-09-27;16.2888;38.0409333333333
2016-10-04;19.7309333333333;38.0611
2016-10-11;21.6633;38.2772333333333
2016-10-18;19.3926;38.1883666666667
2016-10-26;19.4583666666667;38.2067333333333
2016-11-02;19.3676666666667;38.1904
2016-11-08;16.6058333333333;38.0912
2016-11-15;17.9353666666667;38.2246
2016-11-22;17.2849666666667;38.1926333333333
2016-11-30;17.4029;38.1806333333333
2016-12-06;17.0461;38.2021333333333
2016-12-13;16.6599666666667;38.1830666666667
2016-12-21;16.2556666666667;38.1974
2017-01-03;15.7096666666667;38.1322666666667
2017-01-10;15.2925333333333;38.1657666666667
2017-01-17;14.6498333333333;38.1717666666667
2017-01-24;14.0800333333333;38.2002333333333
2017-01-31;13.9248333333333;38.2032
2017-02-07;13.8922666666667;38.2222333333333
2017-02-14;13.7408;38.2116
2017-02-21;13.8367333333333;38.2511333333333
2017-03-01;13.8079666666667;38.2306333333333
2017-03-07;13.7486333333333;38.2572333333333
2017-03-14;13.9432666666667;38.2191
2017-03-21;14.0251333333333;38.1732
2017-03-28;14.0968;38.1610333333333
2017-04-04;14.4036;38.0745
2017-04-11;14.3269;38.0946666666667
2017-04-18;14.4105333333333;38.0941666666667
2017-04-25;14.4689;38.1166
2017-05-02;14.9746;38.0847
2017-05-09;14.8814333333333;38.1013
2017-05-16;14.6743666666667;38.1119333333333
2017-05-23;15.0765;38.0955666666667
2017-05-30;14.4088333333333;38.1426666666667
2017-06-06;14.7770333333333;38.1103333333333
2017-06-14;14.4604333333333;38.1354666666667
2017-06-20;NA;NA
2017-06-27;15.9922666666667;38.0698333333333
2017-07-04;15.0226;38.1186666666667
2017-07-11;14.9738333333333;38.1337333333333
2017-07-18;14.8603666666667;38.1383333333333
2017-07-25;15.6871;38.0683
2017-08-01;15.3637333333333;38.0814666666667
2017-08-07;15.7635333333333;38.0701333333333
2017-08-23;14.9380333333333;38.0516666666667
2017-08-29;15.1606333333333;38.0452666666667
2017-09-05;15.5279333333333;37.9740666666667
2017-09-13;16.6384333333333;37.9329666666667
2017-09-19;14.7365333333333;38.098
2017-09-26;15.9529;38.0168
2017-10-03;15.9689;37.9612666666667
2017-10-10;16.2013333333333;37.9819666666667
2017-10-17;16.0093333333333;38.027
2017-10-24;16.4847;38.0510666666667
2017-10-31;16.8574333333333;38.1231666666667
2017-11-07;19.0056;38.2709
2017-11-14;17.7250333333333;38.2159666666667
2017-11-21;16.5449333333333;38.1852
2017-11-28;16.7944333333333;38.2157333333333
2017-12-04;16.272;38.2064
2017-12-13;14.8212;38.2241
2017-12-19;14.6243666666667;38.1867
2018-01-03;14.3188333333333;38.2023
2018-01-10;14.0987666666667;38.1729666666667
2018-01-18;13.9136;38.2542333333333
2018-01-23;13.8953333333333;38.2706333333333
2018-01-30;13.8454333333333;38.2740333333333
2018-02-07;13.774;38.3028666666667
2018-02-13;13.6136333333333;38.3352333333333
2018-02-19;13.5397333333333;38.3053
2018-02-27;NA;NA
2018-02-28;13.4321333333333;38.3379333333333
2018-03-07;13.2924666666667;38.2962666666667
2018-03-14;13.3832;38.3093
2018-03-20;13.7094;38.2542666666667
2018-03-27;13.4989333333333;38.1301
2018-04-04;13.6824666666667;38.1546
2018-04-17;NA;NA
2018-04-24;NA;NA
2018-04-25;14.2605;38.1245333333333
2018-05-02;14.7032666666667;38.1473666666667
2018-05-07;15.1323666666667;38.1496666666667
2018-05-14;14.5620333333333;38.2056666666667
2018-05-22;15.5000666666667;38.1187333333333
2018-05-29;14.4802333333333;38.2019
2018-06-04;14.4217333333333;38.2206666666667
2018-06-12;NA;NA
2018-06-19;14.4710333333333;38.1869
2018-06-26;14.9212666666667;38.1687
2018-07-03;15.1147333333333;38.1627
2018-07-10;14.7007;38.1815
2018-07-17;15.0531;38.1524
2018-07-24;15.0415666666667;38.1351
2018-07-31;15.0794666666667;38.1510333333333
2018-08-07;14.9565333333333;38.1443
2018-08-10;15.0604666666667;38.1427
2018-08-21;15.9915666666667;38.0868666666667
2018-08-28;16.2034;38.0875333333333
2018-09-04;15.4561333333333;38.0889
2018-09-11;15.1496;38.0811
2018-09-17;15.3239333333333;38.0809
2018-09-26;24.74;38.4055
2018-10-02;16.5021;38.0902666666667
2018-10-09;20.6651666666667;38.3506666666667
2018-10-16;21.5103333333333;38.3329
2018-10-23;20.8237333333333;38.304
2018-11-06;20.0298666666667;38.1374666666667
2018-11-13;NA;NA
2018-11-20;NA;NA
2018-11-27;18.2979666666667;38.0891
2018-12-04;17.5894333333333;38.1146
2018-12-11;17.1865;38.1091
2018-12-18;16.7118333333333;38.0925666666667
2019-01-02;16.0049;38.0700666666667
2019-01-08;15.6747333333333;38.0704666666667
2019-01-15;14.5926333333333;38.0628
2019-01-22;14.4745;38.0624
2019-01-29;13.9787;38.1115666666667
2019-02-05;13.8261333333333;38.0137333333333
2019-02-12;13.7494333333333;38.0622333333333
2019-02-19;13.7497;38.0711
2019-02-26;13.8494666666667;38.0708
2019-03-06;13.8685333333333;38.1023666666667
2019-03-12;13.7486666666667;38.1216333333333
2019-03-19;13.7484666666667;38.1315666666667
2019-03-27;13.8238666666667;38.1527666666667
2019-04-02;13.6452333333333;38.2257666666667
2019-04-09;13.7366666666667;38.1523
2019-04-16;14.0204666666667;38.0709
2019-04-23;14.7973666666667;38.0204666666667
2019-04-30;14.8087333333333;37.9947666666667
2019-05-07;15.2460333333333;37.9177333333333
2019-05-14;15.0418;37.9916
2019-05-21;15.2383666666667;38.0688666666667
2019-05-28;16.0123666666667;37.9697333333333
2019-06-05;15.4183333333333;38.0438333333333
2019-06-11;15.9946666666667;38.0150666666667
2019-06-19;14.8074666666667;38.1074
2019-06-25;15.4630666666667;38.0671333333333
2019-07-02;15.0710333333333;38.0919
2019-07-09;15.2823666666667;38.0668666666667
2019-07-16;16.1209;38.0268666666667
2019-07-23;15.3313666666667;38.0670333333333
2019-07-30;16.4126;38.0108
2019-08-06;15.4564666666667;38.0523333333333
2019-08-20;14.8523333333333;38.0922666666667
2019-08-27;15.1763666666667;38.0880333333333
2019-09-03;15.4480333333333;38.0760666666667
2019-09-10;15.4107333333333;38.0888333333333
2019-09-17;15.5375333333333;38.1078666666667
2019-09-24;17.2188;38.0791666666667
2019-10-01;20.0186666666667;38.1491
2019-10-08;20.4262;38.1560666666667
2019-10-16;16.4674333333333;38.0486666666667
2019-10-22;20.7939;38.1463
2019-10-29;19.7292333333333;38.1698333333333
2019-11-05;17.6707666666667;38.1098
2019-11-12;18.9924666666667;38.0509
2019-11-19;17.8446666666667;38.0643666666667
2019-11-26;17.7572;37.7999666666667
2019-12-03;17.5776333333333;37.9779
2019-12-10;16.9186666666667;37.9054666666667
2019-12-17;16.2896666666667;37.9745666666667
2020-01-07;15.536;37.9034666666667
2020-01-14;15.2086666666667;37.9447
2020-01-21;14.7400333333333;38.0804666666667
2020-01-28;14.519;38.0922666666667
2020-02-05;14.3252333333333;38.1108
2020-02-12;14.0075333333333;38.2688333333333
2020-02-17;14.2499;38.1093666666667
2020-02-25;14.2109333333333;38.1166333333333
2020-03-03;13.9748666666667;38.2033
2020-03-10;13.8830333333333;38.0734333333333
2020-04-23;15.0696;38.0185
2020-05-05;15.4608;38.0046
2020-05-14;16.7411666666667;37.8818666666667
2020-05-19;16.3061666666667;37.8387333333333
2020-05-26;15.6120333333333;37.8678666666667
2020-06-02;14.8016833333333;38.0194666666667
2020-06-09;18.0025;37.9992
2020-06-15;NA;NA
2020-06-23;14.3802666666667;38.1007
2020-06-30;15.3737666666667;38.0027666666667
2020-07-07;15.3717;38.0007333333333
2020-07-15;14.7182333333333;38.0643333333333
2020-07-21;14.9787;38.0352
2020-07-28;15.2855666666667;38.0179666666667
2020-08-04;16.0448333333333;37.9818333333333
2020-08-25;15.3719;38.0373
2020-09-01;16.5174;37.9380666666667
2020-09-07;15.4818666666667;38.0133666666667
2020-09-14;15.8409;37.9623666666667
2020-09-22;15.2199;38.0459666666667
2020-09-29;14.5034666666667;38.1451666666667
2020-10-06;18.2173;37.8164666666667
2020-10-13;19.4680666666667;37.9285
2020-10-20;18.1866666666667;37.9776
2020-10-27;15.9431666666667;37.9617666666667
2020-11-03;17.8149333333333;37.959
2020-11-10;18.397;37.9557
2020-11-17;17.9382666666667;37.9921666666667
2020-11-24;15.9446666666667;38.0194666666667
2020-12-02;16.4934333333333;37.9988333333333
2020-12-08;16.0905;38.0148666666667
2020-12-15;15.8992333333333;37.9820666666667
2020-12-22;NA;NA
2021-01-05;NA;NA
2021-01-12;14.5108;37.9483
2021-01-19;14.3070333333333;38.0107666666667
2021-01-26;14.1697666666667;38.0417
2021-02-02;14.0497;38.0557
2021-02-09;13.9189666666667;37.9760333333333
2021-02-16;13.9391;38.0416333333333
2021-02-23;13.9197333333333;38.0657666666667
2021-03-02;13.9196;38.0746666666667
2021-03-09;13.9785333333333;38.1311
2021-03-16;13.9169333333333;38.1169666666667
2021-03-23;13.8665;38.1505666666667
2021-03-30;13.8650666666667;38.1944666666667
2021-04-06;14.685;38.1601
2021-04-13;14.4298;38.1805
2021-04-20;14.198;38.0995333333333
2021-04-27;14.6781333333333;38.0797
2021-05-04;14.5387333333333;38.1115333333333
2021-05-11;15.8614;38.0601
2021-05-18;14.3925;38.1563333333333
2021-05-25;15.5532333333333;38.0895
2021-06-01;15.6074666666667;38.1211666666667
2021-06-09;15.0487666666667;38.1654333333333
2021-06-15;14.6782666666667;38.1545
2021-06-22;14.9601666666667;38.1513
2021-06-29;15.7563666666667;38.1485333333333
2021-07-06;15.3195;38.1433
2021-07-13;15.2544333333333;38.1205666666667
2021-07-20;14.7439333333333;38.1331
2021-07-27;16.3105666666667;38.0806333333333
2021-08-03;16.1468;38.0752666666667
2021-09-07;15.5950666666667;38.0733666666667
2021-09-14;15.2776333333333;38.0773
2021-09-21;15.7837333333333;38.0411666666667
2021-09-28;15.7455333333333;38.0445333333333
2021-10-05;17.4086333333333;38.0035666666667
2021-10-12;16.8346333333333;38.0089333333333
2021-10-19;16.5596;38.0727333333333
2021-10-26;19.9132333333333;38.1853666666667
2021-11-03;16.1661333333333;38.0836
2021-11-09;18.5212333333333;38.1521666666667
2021-11-23;17.7944666666667;38.1189
2021-12-07;16.3749;38.1435
2021-12-14;15.4697333333333;38.1259333333333
2021-12-21;15.1496333333333;NA
2022-01-11;14.9039333333333;38.1117333333333
2022-01-18;14.5150666666667;38.1482
2022-01-25;14.2828333333333;38.1446333333333
2022-02-01;14.1893666666667;38.1474333333333
2022-02-08;14.1613;38.1598
2022-02-15;13.9695333333333;38.2237333333333
2022-02-22;13.8612666666667;38.2006333333333
2022-03-02;13.7931;38.1992
2022-03-08;13.7196;38.2111666666667
2022-03-16;13.6155666666667;38.2327333333333
2022-03-22;13.5124666666667;38.2718333333333
2022-03-30;13.5969;38.2763
2022-04-05;13.7012;38.2702666666667
2022-04-12;13.743;38.276
2022-04-19;14.1176666666667;38.2506666666667
2022-04-26;13.9701333333333;38.2311333333333
2022-05-02;14.0163333333333;38.2133666666667
2022-05-10;15.0696666666667;38.1504
2022-05-10;15.0478;38.1502
2022-05-17;14.454;38.1901
2022-05-24;14.6032;38.1525
2022-05-31;14.7304;38.1327
2022-06-08;15.0628;38.1505
2022-06-14;14.4617;38.1706
2022-06-21;14.5145;38.1417
2022-06-28;15.8665;38.0812
2022-07-05;14.6285;38.1395
2022-07-12;14.3778;38.1624
2022-07-19;14.4822;38.1632
2022-07-25;14.6661;38.1486
2022-08-02;14.9524;NA
2022-08-09;NA;NA
2022-08-16;NA;NA
2022-08-23;15.1352;38.1292
2022-08-30;15.62;38.1027
2022-09-06;NA;NA
2022-09-13;15.24;38.1321
2022-09-20;NA;NA
2022-09-28;17.7703;38.2065
2022-10-04;19.4445;38.2168
2022-10-11;18.246;38.7861
2022-10-25;NA;NA
2022-11-02;NA;NA
2022-11-08;NA;NA
2022-11-16;19.9004;38.3125
2022-11-22;19.3214;38.3197
2022-11-23;18.1;38.237
2022-12-06;17.5719;38.2426
2022-12-13;16.9206;38.1799
2022-12-20;16.6211;38.1505
