"datetime";"temperature";"salinity";"impute_temp_9222_0m";"impute_sal_9222_0m";"Month"
1992-05-24;18.061;37.7849333333333;18.061;37.7849333333333;5
1992-05-31;18.9227;37.8554666666667;18.9227;37.8554666666667;5
1992-06-04;18.9632333333333;37.8292;18.9632333333333;37.8292;6
1992-06-08;16.0964;37.8482;16.0964;37.8482;6
1992-06-10;18.5159;37.9165;18.5159;37.9165;6
1992-06-24;19.9366333333333;37.3768333333333;19.9366333333333;37.3768333333333;6
1992-06-28;20.5645;37.6661333333333;20.5645;37.6661333333333;6
1992-07-01;20.4535333333333;37.6833666666667;20.4535333333333;37.6833666666667;7
1992-07-05;20.3132666666667;37.8281666666667;20.3132666666667;37.8281666666667;7
1992-07-08;20.324;37.8802666666667;20.324;37.8802666666667;7
1992-07-16;23.0814666666667;37.8650666666667;23.0814666666667;37.8650666666667;7
1992-07-22;25.2001;37.9343666666667;25.2001;37.9343666666667;7
1992-08-16;25.1275666666667;38.0822333333333;25.1275666666667;38.0822333333333;8
1992-08-19;25.5972666666667;38.0098;25.5972666666667;38.0098;8
1992-08-23;22.4461;37.9407666666667;22.4461;37.9407666666667;8
1992-08-26;24.2749;38.3229333333333;24.2749;38.3229333333333;8
1992-08-30;18.5256333333333;37.8679333333333;18.5256333333333;37.8679333333333;8
1992-09-02;16.7819;37.8565;16.7819;37.8565;9
1992-09-06;21.8534;38.1532333333333;21.8534;38.1532333333333;9
1992-09-09;22.0124;38.1498;22.0124;38.1498;9
1992-09-13;22.6478;38.1351666666667;22.6478;38.1351666666667;9
1992-09-16;22.4191333333333;38.1208;22.4191333333333;38.1208;9
1992-09-20;22.4414666666667;37.9236333333333;22.4414666666667;37.9236333333333;9
1992-09-23;22.1574333333333;37.9803666666667;22.1574333333333;37.9803666666667;9
1992-09-27;21.6987;37.8621666666667;21.6987;37.8621666666667;9
1992-10-11;20.5937;37.2590666666667;20.5937;37.2590666666667;10
1992-10-14;20.4965333333333;37.6665666666667;20.4965333333333;37.6665666666667;10
1992-10-20;19.7412;37.7493;19.7412;37.7493;10
1992-10-27;18.4443666666667;37.7601666666667;18.4443666666667;37.7601666666667;10
1992-11-18;15.9039;37.8027666666667;15.9039;37.8027666666667;11
1992-11-24;16.2425333333333;37.4690666666667;16.2425333333333;37.4690666666667;11
1992-12-01;16.1631;37.6538666666667;16.1631;37.6538666666667;12
1992-12-08;15.3811666666667;37.7803666666667;15.3811666666667;37.7803666666667;12
1992-12-15;15.3397333333333;37.7234;15.3397333333333;37.7234;12
1992-12-21;15.1266;37.8221;15.1266;37.8221;12
1992-12-28;14.6061;37.8191;14.6061;37.8191;12
1993-01-06;14.038;37.9346;14.038;37.9346;1
1993-01-13;13.9367666666667;37.9575666666667;13.9367666666667;37.9575666666667;1
1993-01-20;13.7318333333333;37.9951666666667;13.7318333333333;37.9951666666667;1
1993-01-27;13.6360666666667;38.0140333333333;13.6360666666667;38.0140333333333;1
1993-02-03;13.4883666666667;38.0517666666667;13.4883666666667;38.0517666666667;2
1993-02-05;13.4516666666667;38.0336666666667;13.4516666666667;38.0336666666667;2
1993-02-10;13.4092;38.0426666666667;13.4092;38.0426666666667;2
1993-02-17;13.29;38.0075333333333;13.29;38.0075333333333;2
1993-02-24;13.1151;38.0088333333333;13.1151;38.0088333333333;2
1993-03-03;12.9483333333333;38.041;12.9483333333333;38.041;3
1993-03-25;13.3773666666667;37.9756333333333;13.3773666666667;37.9756333333333;3
1993-03-31;13.1687;37.9844;13.1687;37.9844;3
1993-04-07;13.3707666666667;37.9090333333333;13.3707666666667;37.9090333333333;4
1993-04-12;13.4561666666667;37.8581666666667;13.4561666666667;37.8581666666667;4
1993-04-29;14.3034;37.3780333333333;14.3034;37.3780333333333;4
1993-05-05;15.0144666666667;37.5040333333333;15.0144666666667;37.5040333333333;5
1993-05-12;16.5051333333333;37.6096;16.5051333333333;37.6096;5
1993-06-02;20.0480333333333;37.9120333333333;20.0480333333333;37.9120333333333;6
1993-06-07;21.5186;37.9013333333333;21.5186;37.9013333333333;6
1993-06-22;22.0447333333333;37.9193333333333;22.0447333333333;37.9193333333333;6
1993-06-30;23.1136666666667;37.9911;23.1136666666667;37.9911;6
1993-07-13;22.8947666666667;37.9977;22.8947666666667;37.9977;7
1993-07-28;23.0617333333333;37.9567666666667;23.0617333333333;37.9567666666667;7
1993-08-04;24.0567666666667;37.9548666666667;24.0567666666667;37.9548666666667;8
1993-08-11;24.9276;37.9938333333333;24.9276;37.9938333333333;8
1993-08-18;24.8862666666667;38.0895666666667;24.8862666666667;38.0895666666667;8
1993-08-25;23.3084666666667;37.9629333333333;23.3084666666667;37.9629333333333;8
1993-09-02;23.4978;38.034;23.4978;38.034;9
1993-09-16;19.4013;37.7460666666667;19.4013;37.7460666666667;9
1993-09-30;20.8331;37.7479;20.8331;37.7479;9
1993-10-20;19.3978666666667;37.7591666666667;19.3978666666667;37.7591666666667;10
1993-10-27;18.807;37.6821;18.807;37.6821;10
1993-11-17;17.9617333333333;37.8601333333333;17.9617333333333;37.8601333333333;11
1993-11-26;16.7815333333333;37.9317666666667;16.7815333333333;37.9317666666667;11
1993-12-17;14.6485333333333;37.8793333333333;14.6485333333333;37.8793333333333;12
1993-12-22;14.9626;37.9725333333333;14.9626;37.9725333333333;12
1995-01-18;14.0355;38.0418666666667;14.0355;38.0418666666667;1
1995-01-26;13.8528666666667;38.2137666666667;13.8528666666667;38.2137666666667;1
1995-02-01;13.8733333333333;38.2027;13.8733333333333;38.2027;2
1995-02-08;13.7107333333333;38.1204333333333;13.7107333333333;38.1204333333333;2
1995-02-15;13.5628333333333;38.1938666666667;13.5628333333333;38.1938666666667;2
1995-02-22;13.4990666666667;37.9130333333333;13.4990666666667;37.9130333333333;2
1995-03-01;13.2291666666667;38.0917;13.2291666666667;38.0917;3
1995-03-08;12.9627333333333;38.0253666666667;12.9627333333333;38.0253666666667;3
1995-03-15;12.8594;38.0733333333333;12.8594;38.0733333333333;3
1995-03-22;13.0883666666667;37.9738;13.0883666666667;37.9738;3
1995-03-30;13.0139333333333;38.0201666666667;13.0139333333333;38.0201666666667;3
1995-04-05;13.6754333333333;38.0001;13.6754333333333;38.0001;4
1995-04-11;13.8378333333333;38.0170333333333;13.8378333333333;38.0170333333333;4
1995-04-19;14.1824;38.0928666666667;14.1824;38.0928666666667;4
1995-04-26;13.9234333333333;37.9591;13.9234333333333;37.9591;4
1995-05-03;16.2953333333333;37.6505666666667;16.2953333333333;37.6505666666667;5
1995-05-10;17.3552;37.7505;17.3552;37.7505;5
1995-05-17;16.8140333333333;37.7324333333333;16.8140333333333;37.7324333333333;5
1995-05-24;18.0245;37.6553666666667;18.0245;37.6553666666667;5
1995-05-31;17.5462333333333;37.7448333333333;17.5462333333333;37.7448333333333;5
1995-06-07;19.3555666666667;37.8055333333333;19.3555666666667;37.8055333333333;6
1995-06-14;18.5733333333333;37.9609;18.5733333333333;37.9609;6
1995-06-21;21.7564666666667;37.8592333333333;21.7564666666667;37.8592333333333;6
1995-06-29;20.9249666666667;38.0005;20.9249666666667;38.0005;6
1995-07-12;23.1446666666667;NA;23.1446666666667;38.17665;7
1995-07-26;26.5855;38.3528;26.5855;38.3528;7
1995-08-02;25.9338333333333;38.083;25.9338333333333;38.083;8
1995-08-09;23.498;38.1486333333333;23.498;38.1486333333333;8
1995-08-16;25.2925333333333;38.2160333333333;25.2925333333333;38.2160333333333;8
1995-08-23;24.8468666666667;38.3032666666667;24.8468666666667;38.3032666666667;8
1995-08-30;24.1303;38.2598333333333;24.1303;38.2598333333333;8
1995-09-06;22.2605666666667;38.1723666666667;22.2605666666667;38.1723666666667;9
1995-09-13;21.8859333333333;37.6701333333333;21.8859333333333;37.6701333333333;9
1995-09-21;21.1717;38.0308;21.1717;38.0308;9
1995-09-27;21.0681;38.0795333333333;21.0681;38.0795333333333;9
1995-10-04;20.6048333333333;38.0565666666667;20.6048333333333;38.0565666666667;10
1995-10-11;20.4332;37.7856;20.4332;37.7856;10
1995-10-18;20.2934;37.5545666666667;20.2934;37.5545666666667;10
1995-10-24;20.2082;37.9561333333333;20.2082;37.9561333333333;10
1995-10-31;19.7089333333333;38.0547;19.7089333333333;38.0547;10
1995-11-08;18.1275;38.1796666666667;18.1275;38.1796666666667;11
1995-11-15;17.876;38.094;17.876;38.094;11
1995-11-29;16.2752;38.1211333333333;16.2752;38.1211333333333;11
1995-12-06;16.0721666666667;38.1488666666667;16.0721666666667;38.1488666666667;12
1995-12-13;15.5693333333333;38.1634333333333;15.5693333333333;38.1634333333333;12
1995-12-19;15.2064666666667;38.1630666666667;15.2064666666667;38.1630666666667;12
1995-12-29;14.8968;38.1779;14.8968;38.1779;12
1996-01-03;14.814;38.1327666666667;14.814;38.1327666666667;1
1996-01-12;14.2923666666667;38.058;14.2923666666667;38.058;1
1996-01-17;13.9207;37.6838;13.9207;37.6838;1
1996-01-24;13.8997333333333;37.9124;13.8997333333333;37.9124;1
1996-02-01;14.1671333333333;38.0346;14.1671333333333;38.0346;2
1996-02-08;13.8490666666667;37.9968;13.8490666666667;37.9968;2
1996-02-14;13.7379;38.0697;13.7379;38.0697;2
1996-02-21;13.5214333333333;38.0365;13.5214333333333;38.0365;2
1996-02-28;13.4897666666667;38.064;13.4897666666667;38.064;2
1996-03-06;13.3933333333333;38.0721666666667;13.3933333333333;38.0721666666667;3
1996-03-13;13.2981666666667;38.0865333333333;13.2981666666667;38.0865333333333;3
1996-03-20;13.4558;38.0273333333333;13.4558;38.0273333333333;3
1996-03-21;13.2815333333333;38.0273;13.2815333333333;38.0273;3
1996-03-27;13.7374;38.0552666666667;13.7374;38.0552666666667;3
1997-05-28;19.7285;37.8038;19.7285;37.8038;5
1997-06-18;22.9981;37.5724;22.9981;37.5724;6
1997-06-24;19.3687;37.8061;19.3687;37.8061;6
1997-07-08;22.2229;37.8331;22.2229;37.8331;7
1997-07-16;23.3670333333333;37.9189333333333;23.3670333333333;37.9189333333333;7
1997-07-30;25.77475;37.9196;25.77475;37.9196;7
1997-08-13;25.6002;37.9385;25.6002;37.9385;8
1997-08-27;24.9306;37.8251;24.9306;37.8251;8
1997-09-03;23.6895666666667;37.8517666666667;23.6895666666667;37.8517666666667;9
1997-09-24;23.0307;38.1313;23.0307;38.1313;9
1997-10-01;22.9939;38.1339;22.9939;38.1339;10
1997-10-03;22.8088333333333;38.1669666666667;22.8088333333333;38.1669666666667;10
1997-11-26;16.9791;37.9551;16.9791;37.9551;11
1997-12-10;16.2351;37.9553;16.2351;37.9553;12
1998-02-11;13.93765;37.9347;13.93765;37.9347;2
1998-02-18;13.8894;37.8136;13.8894;37.8136;2
1998-02-25;13.99405;37.8896;13.99405;37.8896;2
1998-03-04;14.1817;37.87035;14.1817;37.87035;3
1998-03-11;13.9524;37.91685;13.9524;37.91685;3
1998-03-18;14.1994;37.89305;14.1994;37.89305;3
1998-03-23;14.0091;37.9191;14.0091;37.9191;3
1998-03-25;13.9774666666667;37.9190666666667;13.9774666666667;37.9190666666667;3
1998-04-01;14.30225;37.9384;14.30225;37.9384;4
1998-04-08;13.8711;37.9225;13.8711;37.9225;4
1998-04-15;13.4735;37.903;13.4735;37.903;4
1998-04-29;15.39625;37.5502;15.39625;37.5502;4
1998-05-06;15.7812666666667;37.3265;15.7812666666667;37.3265;5
1998-05-13;18.1456333333333;37.4744666666667;18.1456333333333;37.4744666666667;5
1998-05-20;19.3374;37.53155;19.3374;37.53155;5
1998-05-27;19.5396;37.62565;19.5396;37.62565;5
1998-06-03;19.73525;37.30535;19.73525;37.30535;6
1998-06-10;21.7725;37.7502;21.7725;37.7502;6
1998-06-17;20.2762;37.78925;20.2762;37.78925;6
1998-06-24;22.3852;37.75675;22.3852;37.75675;6
1998-07-01;24.2154;37.8086;24.2154;37.8086;7
1998-07-08;22.42265;37.88375;22.42265;37.88375;7
1998-07-15;23.78205;37.998;23.78205;37.998;7
1998-07-22;24.77205;38.0133;24.77205;38.0133;7
1998-07-23;24.7858;37.96295;24.7858;37.96295;7
1998-07-24;25.51735;37.98135;25.51735;37.98135;7
1998-07-29;25.49065;38.047;25.49065;38.047;7
1998-08-05;24.7232;38.02765;24.7232;38.02765;8
1998-08-12;25.4296;38.0938;25.4296;38.0938;8
1998-08-19;25.14025;38.16035;25.14025;38.16035;8
1998-08-26;25.9418;38.079;25.9418;38.079;8
1998-09-02;24.3161;38.1643;24.3161;38.1643;9
1998-09-09;23.6915;38.0522;23.6915;38.0522;9
1998-09-17;21.9457;38.0646;21.9457;38.0646;9
1998-09-23;21.8946;38.1269;21.8946;38.1269;9
1998-10-01;20.3738;37.5003;20.3738;37.5003;10
1998-10-14;19.5184;37.7995;19.5184;37.7995;10
1999-06-09;21.2205;37.8720333333333;21.2205;37.8720333333333;6
1999-06-16;22.1386;38.0058;22.1386;38.0058;6
1999-06-23;22.3442333333333;38.06995;22.3442333333333;38.06995;6
1999-07-01;23.446;38.1042333333333;23.446;38.1042333333333;7
1999-07-07;23.7445666666667;38.1687;23.7445666666667;38.1687;7
1999-07-08;23.1038333333333;38.1646333333333;23.1038333333333;38.1646333333333;7
1999-07-15;24.0167666666667;38.1495333333333;24.0167666666667;38.1495333333333;7
1999-07-21;25.1875666666667;38.1069;25.1875666666667;38.1069;7
1999-07-28;24.5233333333333;38.1952333333333;24.5233333333333;38.1952333333333;7
1999-08-04;25.0582666666667;38.2378333333333;25.0582666666667;38.2378333333333;8
1999-08-11;24.6392666666667;38.2178;24.6392666666667;38.2178;8
1999-08-18;25.0286333333333;38.2456666666667;25.0286333333333;38.2456666666667;8
1999-08-25;25.8255333333333;38.3524;25.8255333333333;38.3524;8
1999-09-01;25.4432;38.3251;25.4432;38.3251;9
1999-09-08;24.6716666666667;38.3353666666667;24.6716666666667;38.3353666666667;9
1999-09-13;24.4924333333333;38.3416333333333;24.4924333333333;38.3416333333333;9
1999-09-14;24.6684333333333;38.3600666666667;24.6684333333333;38.3600666666667;9
1999-09-16;24.1341;38.327;24.1341;38.327;9
1999-09-22;23.388;38.1462;23.388;38.1462;9
1999-09-29;22.9007333333333;38.2304666666667;22.9007333333333;38.2304666666667;9
1999-10-06;22.3088;38.2724;22.3088;38.2724;10
1999-10-13;21.88205;38.2346;21.88205;38.2346;10
1999-10-20;20.96865;38.2438;20.96865;38.2438;10
1999-10-27;19.4711;37.4880666666667;19.4711;37.4880666666667;10
1999-11-03;20.20355;37.5084;20.20355;37.5084;11
1999-11-05;20.2398;37.8605;20.2398;37.8605;11
1999-11-10;19.66555;38.05715;19.66555;38.05715;11
1999-11-18;18.1681;38.0369;18.1681;38.0369;11
1999-11-24;17.138;38.06135;17.138;38.06135;11
1999-12-01;16.33435;38.10405;16.33435;38.10405;12
1999-12-08;15.85425;38.08625;15.85425;38.08625;12
1999-12-17;15.0653;38.0809;15.0653;38.0809;12
1999-12-22;14.7785;38.0783;14.7785;38.0783;12
1999-12-30;13.71275;38.1937;13.71275;38.1937;12
2000-01-05;13.67065;38.1486;13.67065;38.1486;1
2000-01-12;13.66805;38.1121;13.66805;38.1121;1
2000-01-19;13.48315;38.1346;13.48315;38.1346;1
2000-01-26;13.27545;38.15895;13.27545;38.15895;1
2000-02-18;13.08155;38.15765;13.08155;38.15765;2
2000-02-23;13.023;38.1498;13.023;38.1498;2
2000-03-02;13.015;38.1556;13.015;38.1556;3
2000-03-09;13.4661;38.17125;13.4661;38.17125;3
2000-03-15;13.69785;38.12025;13.69785;38.12025;3
2000-03-22;13.69575;38.15235;13.69575;38.15235;3
2000-03-29;13.4227666666667;38.0878333333333;13.4227666666667;38.0878333333333;3
2000-04-06;13.4013;38.0643;13.4013;38.0643;4
2000-04-14;13.706;37.8653;13.706;37.8653;4
2000-04-26;15.1894;37.7942;15.1894;37.7942;4
2000-05-03;16.3179666666667;37.7690666666667;16.3179666666667;37.7690666666667;5
2000-05-10;16.8325;37.7432;16.8325;37.7432;5
2000-05-12;17.3042;37.8338;17.3042;37.8338;5
2000-05-16;18.35595;37.83975;18.35595;37.83975;5
2000-05-18;19.7613666666667;37.8196333333333;19.7613666666667;37.8196333333333;5
2000-05-23;19.1231333333333;37.9434333333333;19.1231333333333;37.9434333333333;5
2000-05-24;19.4289333333333;38.0208333333333;19.4289333333333;38.0208333333333;5
2000-05-25;20.211;37.9808666666667;20.211;37.9808666666667;5
2000-05-30;17.5098666666667;38.0238;17.5098666666667;38.0238;5
2000-06-07;21.5477;37.9444666666667;21.5477;37.9444666666667;6
2000-06-14;22.4236666666667;37.8828666666667;22.4236666666667;37.8828666666667;6
2000-06-21;23.5607333333333;37.7757333333333;23.5607333333333;37.7757333333333;6
2000-06-28;24.1405;37.9414;24.1405;37.9414;6
2000-07-05;23.3670333333333;38.0971;23.3670333333333;38.0971;7
2000-07-13;18.5572666666667;38.0806;18.5572666666667;38.0806;7
2000-07-19;22.5332333333333;38.1501666666667;22.5332333333333;38.1501666666667;7
2000-07-26;22.6848666666667;38.1520666666667;22.6848666666667;38.1520666666667;7
2000-08-02;23.7784333333333;38.1513;23.7784333333333;38.1513;8
2000-08-16;24.9605666666667;38.1913333333333;24.9605666666667;38.1913333333333;8
2000-08-23;25.5930333333333;38.2110666666667;25.5930333333333;38.2110666666667;8
2000-08-30;25.4738333333333;38.2709666666667;25.4738333333333;38.2709666666667;8
2000-09-13;24.0347333333333;38.2788666666667;24.0347333333333;38.2788666666667;9
2000-09-19;23.6725333333333;38.2898;23.6725333333333;38.2898;9
2000-09-20;23.0151333333333;38.2863333333333;23.0151333333333;38.2863333333333;9
2000-09-27;22.3342333333333;38.2740666666667;22.3342333333333;38.2740666666667;9
2000-10-04;21.8130333333333;38.2212666666667;21.8130333333333;38.2212666666667;10
2000-10-18;19.7602333333333;37.4662;19.7602333333333;37.4662;10
2000-10-20;19.9005;37.6814333333333;19.9005;37.6814333333333;10
2000-10-25;19.9153;37.8191666666667;19.9153;37.8191666666667;10
2000-11-02;19.2843333333333;37.9047333333333;19.2843333333333;37.9047333333333;11
2000-11-10;18.0397333333333;37.9018;18.0397333333333;37.9018;11
2000-11-15;17.7041;37.3646666666667;17.7041;37.3646666666667;11
2000-11-22;17.5808333333333;37.7711666666667;17.5808333333333;37.7711666666667;11
2000-11-29;17.4493666666667;37.9241333333333;17.4493666666667;37.9241333333333;11
2000-12-05;16.3864666666667;37.6378333333333;16.3864666666667;37.6378333333333;12
2000-12-11;16.3231666666667;38.0033666666667;16.3231666666667;38.0033666666667;12
2000-12-20;15.8984;38.0150333333333;15.8984;38.0150333333333;12
2001-01-04;15.0547;38.0755333333333;15.0547;38.0755333333333;1
2001-01-11;14.3811333333333;37.7301333333333;14.3811333333333;37.7301333333333;1
2001-01-17;14.1123666666667;37.7805333333333;14.1123666666667;37.7805333333333;1
2001-01-18;14.1894;37.8737333333333;14.1894;37.8737333333333;1
2001-01-24;14.0966;37.9324333333333;14.0966;37.9324333333333;1
2001-01-31;13.9674;38.067;13.9674;38.067;1
2001-02-08;13.8124666666667;38.0001666666667;13.8124666666667;38.0001666666667;2
2001-02-14;13.7181;37.9613;13.7181;37.9613;2
2001-02-22;13.8471666666667;37.98;13.8471666666667;37.98;2
2001-03-02;13.8996333333333;38.1197666666667;13.8996333333333;38.1197666666667;3
2001-03-07;13.9081;38.0100666666667;13.9081;38.0100666666667;3
2001-03-12;14.0775;37.4851666666667;14.0775;37.4851666666667;3
2001-03-15;14.0065666666667;38.0299333333333;14.0065666666667;38.0299333333333;3
2001-03-27;14.3672333333333;37.8114;14.3672333333333;37.8114;3
2001-04-04;14.6857;37.8417;14.6857;37.8417;4
2001-04-11;14.9088333333333;37.9343333333333;14.9088333333333;37.9343333333333;4
2001-04-18;14.9722;37.9712;14.9722;37.9712;4
2001-04-25;14.9929666666667;37.9965333333333;14.9929666666667;37.9965333333333;4
2001-05-02;15.5987333333333;37.6773333333333;15.5987333333333;37.6773333333333;5
2001-05-09;16.1714333333333;37.3182666666667;16.1714333333333;37.3182666666667;5
2001-05-16;17.9766;37.7427666666667;17.9766;37.7427666666667;5
2001-06-13;20.9618333333333;37.9139666666667;20.9618333333333;37.9139666666667;6
2001-06-20;20.9979666666667;37.9871;20.9979666666667;37.9871;6
2001-06-27;23.0489333333333;37.9518;23.0489333333333;37.9518;6
2001-07-04;24.3563;37.9623333333333;24.3563;37.9623333333333;7
2001-07-11;23.3048333333333;38.0165666666667;23.3048333333333;38.0165666666667;7
2001-07-18;23.8031666666667;38.0987666666667;23.8031666666667;38.0987666666667;7
2001-07-25;23.9533;38.0569;23.9533;38.0569;7
2001-08-01;24.9941666666667;38.0830333333333;24.9941666666667;38.0830333333333;8
2001-08-08;24.4584333333333;38.0940666666667;24.4584333333333;38.0940666666667;8
2001-08-21;24.7118666666667;38.1853666666667;24.7118666666667;38.1853666666667;8
2001-08-30;26.5317666666667;38.2294666666667;26.5317666666667;38.2294666666667;8
2001-09-05;21.0324333333333;38.1465666666667;21.0324333333333;38.1465666666667;9
2001-09-21;20.8264;38.2252666666667;20.8264;38.2252666666667;9
2001-09-26;20.9718;38.2075;20.9718;38.2075;9
2001-10-03;21.0234666666667;38.1893666666667;21.0234666666667;38.1893666666667;10
2001-10-10;21.1805;38.1512;21.1805;38.1512;10
2001-10-17;20.9665666666667;38.1237666666667;20.9665666666667;38.1237666666667;10
2001-10-24;20.7184;38.1513333333333;20.7184;38.1513333333333;10
2001-11-07;19.7604;38.102;19.7604;38.102;11
2001-11-14;18.1919666666667;38.0397;18.1919666666667;38.0397;11
2001-11-21;17.22;38.0504333333333;17.22;38.0504333333333;11
2001-11-28;16.9131;38.0459;16.9131;38.0459;11
2001-12-05;16.7931333333333;38.0832;16.7931333333333;38.0832;12
2001-12-19;15.3815666666667;38.0727;15.3815666666667;38.0727;12
2001-12-26;14.9272;38.1038666666667;14.9272;38.1038666666667;12
2002-01-02;14.3918333333333;38.1298;14.3918333333333;38.1298;1
2002-01-09;14.0312666666667;38.1697666666667;14.0312666666667;38.1697666666667;1
2002-01-16;13.8409;38.1943333333333;13.8409;38.1943333333333;1
2002-01-23;13.7142;38.2129333333333;13.7142;38.2129333333333;1
2002-01-30;13.6068333333333;38.1361;13.6068333333333;38.1361;1
2002-02-06;13.3222666666667;37.7269666666667;13.3222666666667;37.7269666666667;2
2002-02-07;13.3525666666667;37.69475;13.3525666666667;37.69475;2
2002-02-13;13.3278666666667;38.0220333333333;13.3278666666667;38.0220333333333;2
2002-02-19;13.3679333333333;37.9067666666667;13.3679333333333;37.9067666666667;2
2002-02-20;13.0846333333333;37.9011;13.0846333333333;37.9011;2
2002-03-01;NA;NA;13.2904333333333;37.9622166666667;3
2002-03-08;13.4962333333333;38.0233333333333;13.4962333333333;38.0233333333333;3
2002-03-13;NA;NA;13.6410766666667;38.0192966666667;3
2002-03-20;NA;NA;13.78592;38.01526;3
2002-03-27;NA;NA;13.9307633333333;38.0112233333333;3
2002-04-04;NA;NA;14.0756066666667;38.0071866666667;4
2002-04-05;14.22045;38.00315;14.22045;38.00315;4
2002-04-10;NA;NA;14.382575;37.9589916666667;4
2002-04-18;14.5447;37.9148333333333;14.5447;37.9148333333333;4
2002-04-24;14.8982;37.8871666666667;14.8982;37.8871666666667;4
2002-04-29;15.8724666666667;37.9224333333333;15.8724666666667;37.9224333333333;4
2002-04-30;15.75965;37.92665;15.75965;37.92665;4
2002-05-07;16.1882;37.5287;16.1882;37.5287;5
2002-05-15;17.897;37.3586666666667;17.897;37.3586666666667;5
2002-05-22;19.3121666666667;37.5114666666667;19.3121666666667;37.5114666666667;5
2002-05-28;18.5402333333333;37.6685333333333;18.5402333333333;37.6685333333333;5
2002-06-05;20.0741333333333;37.6893333333333;20.0741333333333;37.6893333333333;6
2002-06-12;19.9972666666667;37.6325333333333;19.9972666666667;37.6325333333333;6
2002-06-19;21.2712333333333;37.5818333333333;21.2712333333333;37.5818333333333;6
2002-06-26;25.0369666666667;37.5765333333333;25.0369666666667;37.5765333333333;6
2002-07-02;23.8959333333333;37.7181666666667;23.8959333333333;37.7181666666667;7
2002-07-10;22.5955666666667;37.7654333333333;22.5955666666667;37.7654333333333;7
2002-07-17;23.3949666666667;37.2957;23.3949666666667;37.2957;7
2002-07-18;23.8732333333333;37.6423666666667;23.8732333333333;37.6423666666667;7
2002-07-24;24.9317666666667;37.6357;24.9317666666667;37.6357;7
2002-07-31;24.952;37.6144;24.952;37.6144;7
2002-08-07;23.1941;37.8241333333333;23.1941;37.8241333333333;8
2002-08-14;23.6052666666667;37.7806;23.6052666666667;37.7806;8
2002-08-21;24.2521666666667;37.7708333333333;24.2521666666667;37.7708333333333;8
2002-08-28;24.0499333333333;37.7782333333333;24.0499333333333;37.7782333333333;8
2002-09-04;23.5829333333333;37.7194;23.5829333333333;37.7194;9
2002-09-11;23.1477;37.8496666666667;23.1477;37.8496666666667;9
2002-09-12;23.1552;NA;23.1552;37.8511083333333;9
2002-09-19;23.1829333333333;NA;23.1829333333333;37.85255;9
2002-09-26;22.1716333333333;NA;22.1716333333333;37.8539916666667;9
2002-10-02;21.6314666666667;37.8554333333333;21.6314666666667;37.8554333333333;10
2002-10-09;21.034;37.8780666666667;21.034;37.8780666666667;10
2002-10-16;20.5594666666667;37.7708;20.5594666666667;37.7708;10
2002-10-25;19.6806666666667;37.7296666666667;19.6806666666667;37.7296666666667;10
2002-10-30;19.4862333333333;37.7532;19.4862333333333;37.7532;10
2002-11-06;18.7363333333333;37.7945333333333;18.7363333333333;37.7945333333333;11
2002-11-13;17.7992333333333;37.7890333333333;17.7992333333333;37.7890333333333;11
2002-11-20;17.6544333333333;37.7372;17.6544333333333;37.7372;11
2002-11-27;17.5366666666667;37.6557666666667;17.5366666666667;37.6557666666667;11
2002-12-04;17.1938;37.6909333333333;17.1938;37.6909333333333;12
2002-12-13;15.9647666666667;37.8273333333333;15.9647666666667;37.8273333333333;12
2002-12-18;15.8242;37.8604;15.8242;37.8604;12
2002-12-23;15.6156;37.8894666666667;15.6156;37.8894666666667;12
2002-12-30;15.3237666666667;37.7926;15.3237666666667;37.7926;12
2003-01-09;14.8767;37.9409;14.8767;37.9409;1
2003-01-15;14.5123666666667;37.9167333333333;14.5123666666667;37.9167333333333;1
2003-01-23;13.9564;37.8381333333333;13.9564;37.8381333333333;1
2003-01-30;13.9442;37.9205666666667;13.9442;37.9205666666667;1
2003-02-05;13.6617333333333;37.9605333333333;13.6617333333333;37.9605333333333;2
2003-02-12;13.4437666666667;37.9820666666667;13.4437666666667;37.9820666666667;2
2003-02-19;13.2518333333333;38.1177333333333;13.2518333333333;38.1177333333333;2
2003-02-28;13.1236333333333;38.1209;13.1236333333333;38.1209;2
2003-03-05;13.2826666666667;38.1145333333333;13.2826666666667;38.1145333333333;3
2003-03-12;13.5842;38.1015666666667;13.5842;38.1015666666667;3
2003-03-19;13.4708333333333;38.1233333333333;13.4708333333333;38.1233333333333;3
2003-03-26;14.0364333333333;38.0770333333333;14.0364333333333;38.0770333333333;3
2003-04-03;13.6246333333333;38.1242333333333;13.6246333333333;38.1242333333333;4
2003-04-10;13.3840333333333;38.0414333333333;13.3840333333333;38.0414333333333;4
2003-04-16;13.7723;38.0187333333333;13.7723;38.0187333333333;4
2003-04-24;14.5171666666667;37.9762666666667;14.5171666666667;37.9762666666667;4
2003-04-30;15.8279333333333;37.8383666666667;15.8279333333333;37.8383666666667;4
2003-05-07;16.7383;37.8520333333333;16.7383;37.8520333333333;5
2003-05-08;16.7369666666667;37.8537;16.7369666666667;37.8537;5
2003-05-14;19.3947333333333;37.4672666666667;19.3947333333333;37.4672666666667;5
2003-05-21;19.0577;37.6974;19.0577;37.6974;5
2003-05-27;18.703;37.8427666666667;18.703;37.8427666666667;5
2003-05-28;18.7016111111111;37.8430333333333;18.7016111111111;37.8430333333333;5
2003-06-04;20.7416666666667;37.6777;20.7416666666667;37.6777;6
2003-06-11;23.7284666666667;37.8137;23.7284666666667;37.8137;6
2003-06-18;25.1509333333333;37.7532666666667;25.1509333333333;37.7532666666667;6
2003-06-25;25.8912666666667;37.9585666666667;25.8912666666667;37.9585666666667;6
2003-07-04;17.8869;37.9728666666667;17.8869;37.9728666666667;7
2003-07-07;24.9411;38.1253;24.9411;38.1253;7
2003-07-09;25.4623;38.1326666666667;25.4623;38.1326666666667;7
2003-07-16;26.46245;38.13605;26.46245;38.13605;7
2003-07-23;26.8299333333333;38.0872666666667;26.8299333333333;38.0872666666667;7
2003-07-30;26.86605;38.13475;26.86605;38.13475;7
2003-08-06;26.9558333333333;38.1368666666667;26.9558333333333;38.1368666666667;8
2003-08-13;27.6527666666667;38.2009333333333;27.6527666666667;38.2009333333333;8
2003-08-20;27.9499666666667;38.207;27.9499666666667;38.207;8
2003-08-27;27.5492666666667;38.174;27.5492666666667;38.174;8
2003-09-03;24.7947666666667;38.1709666666667;24.7947666666667;38.1709666666667;9
2003-09-10;23.3957666666667;38.1849333333333;23.3957666666667;38.1849333333333;9
2003-09-18;23.0666;38.2061;23.0666;38.2061;9
2003-09-23;22.8041333333333;38.2015666666667;22.8041333333333;38.2015666666667;9
2003-09-30;22.3624333333333;38.2071333333333;22.3624333333333;38.2071333333333;9
2003-10-09;20.2880666666667;38.1633;20.2880666666667;38.1633;10
2003-10-14;20.8509666666667;38.2158333333333;20.8509666666667;38.2158333333333;10
2003-10-22;18.191;38.1335333333333;18.191;38.1335333333333;10
2003-10-28;17.9421333333333;38.1702333333333;17.9421333333333;38.1702333333333;10
2003-11-04;17.0777333333333;37.9668;17.0777333333333;37.9668;11
2003-11-12;16.8404;38.0526;16.8404;38.0526;11
2003-11-18;16.5898333333333;38.0130666666667;16.5898333333333;38.0130666666667;11
2003-11-25;16.7688666666667;38.0128333333333;16.7688666666667;38.0128333333333;11
2003-12-05;16.5035666666667;37.958;16.5035666666667;37.958;12
2003-12-08;16.5035333333333;37.9919333333333;16.5035333333333;37.9919333333333;12
2003-12-16;16.0377;37.9839666666667;16.0377;37.9839666666667;12
2003-12-17;16.0375666666667;37.9869777777778;16.0375666666667;37.9869777777778;12
2003-12-22;15.7584666666667;38.0054;15.7584666666667;38.0054;12
2003-12-29;15.0894333333333;37.62735;15.0894333333333;37.62735;12
2004-01-06;14.6691333333333;37.9956;14.6691333333333;37.9956;1
2004-01-16;14.3035666666667;38.0316666666667;14.3035666666667;38.0316666666667;1
2004-01-20;14.0561;38.0535;14.0561;38.0535;1
2004-01-30;13.7101;38.0650666666667;13.7101;38.0650666666667;1
2004-02-03;13.5780333333333;38.0762666666667;13.5780333333333;38.0762666666667;2
2004-02-10;13.4472666666667;38.1413;13.4472666666667;38.1413;2
2004-02-17;13.3858;38.0986333333333;13.3858;38.0986333333333;2
2004-02-25;13.3159;38.1112333333333;13.3159;38.1112333333333;2
2004-03-01;13.1622666666667;38.1263666666667;13.1622666666667;38.1263666666667;3
2004-03-02;NA;NA;13.1062166666667;38.0753333333333;3
2004-03-05;13.0501666666667;38.0243;13.0501666666667;38.0243;3
2004-03-09;13.0107333333333;38.1123;13.0107333333333;38.1123;3
2004-03-15;13.0485666666667;38.1169666666667;13.0485666666667;38.1169666666667;3
2004-03-17;13.2179666666667;38.0911666666667;13.2179666666667;38.0911666666667;3
2004-03-22;13.5141333333333;37.9474;13.5141333333333;37.9474;3
2004-03-24;13.1564333333333;37.8008666666667;13.1564333333333;37.8008666666667;3
2004-03-25;13.1464333333333;37.7230333333333;13.1464333333333;37.7230333333333;3
2004-03-26;13.3501;NA;13.3501;37.7966;3
2004-03-31;13.0715333333333;37.8701666666667;13.0715333333333;37.8701666666667;3
2004-04-06;13.5372666666667;37.8243;13.5372666666667;37.8243;4
2004-04-14;13.8324;37.8305666666667;13.8324;37.8305666666667;4
2004-04-21;14.0846333333333;37.8977111111111;14.0846333333333;37.8977111111111;4
2004-04-28;15.0352;37.9424666666667;15.0352;37.9424666666667;4
2004-05-04;14.9607666666667;37.8087666666667;14.9607666666667;37.8087666666667;5
2004-05-11;15.7796666666667;37.7543666666667;15.7796666666667;37.7543666666667;5
2004-05-13;15.627;37.7104333333333;15.627;37.7104333333333;5
2004-05-18;17.0823;37.5360333333333;17.0823;37.5360333333333;5
2004-05-19;17.7022666666667;37.4166;17.7022666666667;37.4166;5
2004-06-15;19.7919666666667;37.8754;19.7919666666667;37.8754;6
2004-06-22;NA;NA;21.5000833333333;37.9336166666667;6
2004-06-29;23.2082;37.9918333333333;23.2082;37.9918333333333;6
2004-07-06;NA;NA;23.65;38.0224096296296;7
2004-07-20;NA;NA;24.0918;38.0529859259259;7
2004-07-27;NA;NA;24.5336;38.0835622222222;7
2004-08-03;24.9754;NA;24.9754;38.1141385185185;8
2004-08-04;24.8880333333333;NA;24.8880333333333;38.1447148148148;8
2004-08-10;25.4023333333333;NA;25.4023333333333;38.1752911111111;8
2004-08-17;25.04055;NA;25.04055;38.2058674074074;8
2004-08-24;24.6936666666667;NA;24.6936666666667;38.2364437037037;8
2004-08-31;24.28594;38.26702;24.28594;38.26702;8
2004-09-07;24.4988333333333;38.3088666666667;24.4988333333333;38.3088666666667;9
2004-09-14;NA;NA;23.81905;38.3209333333333;9
2004-09-21;23.1392666666667;38.333;23.1392666666667;38.333;9
2004-09-28;22.3036666666667;38.2941333333333;22.3036666666667;38.2941333333333;9
2004-10-05;22.0437333333333;38.2947;22.0437333333333;38.2947;10
2004-10-12;NA;NA;20.8778166666667;38.2935;10
2004-10-20;19.7119;38.2923;19.7119;38.2923;10
2004-11-02;19.5383333333333;38.0642666666667;19.5383333333333;38.0642666666667;11
2004-11-09;19.5807666666667;38.1570333333333;19.5807666666667;38.1570333333333;11
2004-11-16;NA;NA;18.5145166666667;38.1565833333333;11
2004-11-23;17.4482666666667;38.1561333333333;17.4482666666667;38.1561333333333;11
2004-11-30;16.8244333333333;38.0302666666667;16.8244333333333;38.0302666666667;11
2004-12-07;16.6912333333333;38.1480333333333;16.6912333333333;38.1480333333333;12
2004-12-14;16.16;38.1449;16.16;38.1449;12
2004-12-21;15.90845;38.13785;15.90845;38.13785;12
2004-12-28;15.41085;38.09065;15.41085;38.09065;12
2005-01-04;15.0423;38.0874;15.0423;38.0874;1
2005-01-11;14.7894;38.0558;14.7894;38.0558;1
2005-01-21;NA;NA;14.6564;38.0541777777778;1
2005-01-25;NA;NA;14.5234;38.0525555555556;1
2005-01-27;14.3904;38.0509333333333;14.3904;38.0509333333333;1
2005-02-01;13.4866666666667;38.1421333333333;13.4866666666667;38.1421333333333;2
2005-02-08;13.2952666666667;38.167;13.2952666666667;38.167;2
2005-02-15;13.1954333333333;38.197;13.1954333333333;38.197;2
2005-02-23;13.0233;38.19225;13.0233;38.19225;2
2005-03-01;12.9115;38.2371;12.9115;38.2371;3
2005-03-07;12.8092;38.23765;12.8092;38.23765;3
2005-03-15;13.0898;38.2489;13.0898;38.2489;3
2005-03-22;14.2152;38.2405;14.2152;38.2405;3
2005-03-29;14.06605;38.189;14.06605;38.189;3
2005-04-04;13.907;38.146;13.907;38.146;4
2005-04-05;NA;NA;13.7892;38.1581166666667;4
2005-04-12;13.6714;38.1702333333333;13.6714;38.1702333333333;4
2005-04-19;13.9521;38.1411666666667;13.9521;38.1411666666667;4
2005-04-26;14.4039666666667;38.13;14.4039666666667;38.13;4
2005-05-03;16.896;37.9647;16.896;37.9647;5
2005-05-10;17.7728666666667;37.7163333333333;17.7728666666667;37.7163333333333;5
2005-05-17;18.2005;37.8317666666667;18.2005;37.8317666666667;5
2005-05-24;18.7231333333333;37.8227333333333;18.7231333333333;37.8227333333333;5
2005-05-31;20.8002666666667;37.9984666666667;20.8002666666667;37.9984666666667;5
2005-06-07;21.68065;38.0273;21.68065;38.0273;6
2005-06-15;20.08695;38.1938;20.08695;38.1938;6
2005-06-21;NA;NA;21.0773222222222;38.2060444444444;6
2005-06-28;NA;NA;22.0676944444444;38.2182888888889;6
2005-07-06;23.0580666666667;38.2305333333333;23.0580666666667;38.2305333333333;7
2005-07-12;22.60125;38.23605;22.60125;38.23605;7
2005-07-19;24.6118333333333;38.2536333333333;24.6118333333333;38.2536333333333;7
2005-07-26;25.4198666666667;38.3849333333333;25.4198666666667;38.3849333333333;7
2005-08-02;26.1564;38.4116;26.1564;38.4116;8
2005-08-09;24.83575;38.47865;24.83575;38.47865;8
2005-08-16;24.4158;38.4512333333333;24.4158;38.4512333333333;8
2005-08-23;24.0274;38.4053333333333;24.0274;38.4053333333333;8
2005-08-30;24.2917666666667;38.4449;24.2917666666667;38.4449;8
2005-09-06;24.2742;38.3874333333333;24.2742;38.3874333333333;9
2005-09-13;22.9887333333333;38.2677;22.9887333333333;38.2677;9
2005-09-20;NA;NA;22.8411416666667;38.3425;9
2005-09-27;22.69355;38.4173;22.69355;38.4173;9
2005-10-04;21.4729333333333;38.3255666666667;21.4729333333333;38.3255666666667;10
2005-10-11;20.7308;38.3910666666667;20.7308;38.3910666666667;10
2005-10-18;20.2520666666667;38.3809;20.2520666666667;38.3809;10
2005-10-25;19.9872333333333;38.3113;19.9872333333333;38.3113;10
2005-11-02;19.7487;38.2615666666667;19.7487;38.2615666666667;11
2005-11-08;19.5641333333333;38.2657;19.5641333333333;38.2657;11
2005-11-15;19.1409;38.2219333333333;19.1409;38.2219333333333;11
2005-11-23;18.1494;38.2254;18.1494;38.2254;11
2005-11-29;17.0035666666667;38.2609666666667;17.0035666666667;38.2609666666667;11
2005-12-06;16.4621333333333;38.2076;16.4621333333333;38.2076;12
2005-12-13;15.6891;38.173;15.6891;38.173;12
2005-12-20;14.6692;38.0968;14.6692;38.0968;12
2005-12-27;14.1311333333333;38.1397;14.1311333333333;38.1397;12
2006-01-04;13.9509;38.1888333333333;13.9509;38.1888333333333;1
2006-01-10;13.6636;38.2055333333333;13.6636;38.2055333333333;1
2006-01-17;13.2788666666667;38.1858;13.2788666666667;38.1858;1
2006-01-24;13.2270666666667;38.1977;13.2270666666667;38.1977;1
2006-01-31;12.8828333333333;38.1251666666667;12.8828333333333;38.1251666666667;1
2006-02-07;12.7545666666667;38.1167;12.7545666666667;38.1167;2
2006-02-14;12.7790666666667;38.1768666666667;12.7790666666667;38.1768666666667;2
2006-02-23;12.7348666666667;38.2435;12.7348666666667;38.2435;2
2006-02-28;12.6724666666667;38.2156666666667;12.6724666666667;38.2156666666667;2
2006-03-07;12.6109;38.2091666666667;12.6109;38.2091666666667;3
2006-03-14;12.7037333333333;38.2885333333333;12.7037333333333;38.2885333333333;3
2006-03-21;12.5115666666667;38.1753;12.5115666666667;38.1753;3
2006-03-30;12.7889333333333;38.1554666666667;12.7889333333333;38.1554666666667;3
2006-04-04;13.446;38.0700333333333;13.446;38.0700333333333;4
2006-04-11;14.1487;37.8447333333333;14.1487;37.8447333333333;4
2006-04-18;14.4957;38.0367;14.4957;38.0367;4
2006-04-25;15.3712333333333;38.0749333333333;15.3712333333333;38.0749333333333;4
2006-05-02;16.3676333333333;38.0589;16.3676333333333;38.0589;5
2006-05-10;17.0055;38.1450666666667;17.0055;38.1450666666667;5
2006-05-16;17.829;38.1258333333333;17.829;38.1258333333333;5
2006-05-23;18.4776;38.0582;18.4776;38.0582;5
2006-05-31;20.3836333333333;38.1138333333333;20.3836333333333;38.1138333333333;5
2006-06-06;18.7285;38.1870333333333;18.7285;38.1870333333333;6
2006-06-13;20.2180666666667;38.2189666666667;20.2180666666667;38.2189666666667;6
2006-06-20;20.468;38.2685666666667;20.468;38.2685666666667;6
2006-06-27;22.5540333333333;38.2724333333333;22.5540333333333;38.2724333333333;6
2006-07-04;23.93;38.2634666666667;23.93;38.2634666666667;7
2006-07-11;24.7670333333333;38.3296666666667;24.7670333333333;38.3296666666667;7
2006-07-18;26.0341666666667;38.3281666666667;26.0341666666667;38.3281666666667;7
2006-07-25;26.9652333333333;38.2886666666667;26.9652333333333;38.2886666666667;7
2006-08-01;27.7115666666667;38.3203666666667;27.7115666666667;38.3203666666667;8
2006-08-07;23.3901666666667;38.2679;23.3901666666667;38.2679;8
2006-08-16;23.6616666666667;38.4018333333333;23.6616666666667;38.4018333333333;8
2006-08-22;23.7855666666667;38.2995666666667;23.7855666666667;38.2995666666667;8
2006-08-30;23.2225;38.37215;23.2225;38.37215;8
2006-08-31;23.16552;38.36312;23.16552;38.36312;8
2006-09-05;23.2277666666667;38.4079;23.2277666666667;38.4079;9
2006-09-12;23.4328;38.4416333333333;23.4328;38.4416333333333;9
2006-09-19;22.4696;38.0287666666667;22.4696;38.0287666666667;9
2006-09-26;22.1346333333333;NA;22.1346333333333;38.12035;9
2006-10-03;22.3144666666667;38.2119333333333;22.3144666666667;38.2119333333333;10
2006-10-11;21.439;38.1316333333333;21.439;38.1316333333333;10
2006-10-17;21.2041666666667;38.3303333333333;21.2041666666667;38.3303333333333;10
2006-10-24;20.6101666666667;38.2948666666667;20.6101666666667;38.2948666666667;10
2006-10-31;20.5947333333333;38.2368;20.5947333333333;38.2368;10
2006-11-07;19.7920333333333;38.2796666666667;19.7920333333333;38.2796666666667;11
2006-11-14;19.3701;37.8311;19.3701;37.8311;11
2006-11-21;19.0110333333333;38.2488666666667;19.0110333333333;38.2488666666667;11
2006-11-28;18.5269333333333;38.1899666666667;18.5269333333333;38.1899666666667;11
2006-12-05;18.0896;38.17775;18.0896;38.17775;12
2006-12-12;17.5161666666667;38.0774;17.5161666666667;38.0774;12
2006-12-19;17.1073;38.114;17.1073;38.114;12
2007-01-09;15.4864;38.1697333333333;15.4864;38.1697333333333;1
2007-01-16;15.4189;38.2102333333333;15.4189;38.2102333333333;1
2007-01-23;15.4238666666667;38.2453333333333;15.4238666666667;38.2453333333333;1
2007-01-30;14.9576;38.1849333333333;14.9576;38.1849333333333;1
2007-02-06;14.7478666666667;38.1680666666667;14.7478666666667;38.1680666666667;2
2007-02-13;14.5036;38.1526;14.5036;38.1526;2
2007-02-20;14.2680333333333;38.1009;14.2680333333333;38.1009;2
2007-02-27;14.1788;38.127;14.1788;38.127;2
2007-03-06;14.4982333333333;38.0539333333333;14.4982333333333;38.0539333333333;3
2007-03-13;14.42525;38.0231;14.42525;38.0231;3
2007-03-20;14.1450333333333;38.0601666666667;14.1450333333333;38.0601666666667;3
2007-03-27;13.9972333333333;38.0923;13.9972333333333;38.0923;3
2007-04-03;14.1112333333333;38.0880333333333;14.1112333333333;38.0880333333333;4
2007-04-17;15.6985666666667;38.1297;15.6985666666667;38.1297;4
2007-04-24;17.8243333333333;37.8863;17.8243333333333;37.8863;4
2007-05-02;18.518;37.7328333333333;18.518;37.7328333333333;5
2007-05-09;18.8955;37.2581666666667;18.8955;37.2581666666667;5
2007-05-15;19.714;37.5782;19.714;37.5782;5
2007-05-22;20.4275666666667;37.4840333333333;20.4275666666667;37.4840333333333;5
2007-05-30;17.0688333333333;37.8314333333333;17.0688333333333;37.8314333333333;5
2007-06-05;20.098;37.7311333333333;20.098;37.7311333333333;6
2007-06-12;21.3206333333333;37.5897333333333;21.3206333333333;37.5897333333333;6
2007-06-19;21.7553;37.6144;21.7553;37.6144;6
2007-06-27;21.0304333333333;37.7148666666667;21.0304333333333;37.7148666666667;6
2007-07-03;22.5951333333333;37.7603;22.5951333333333;37.7603;7
2007-07-10;22.0150333333333;37.8087;22.0150333333333;37.8087;7
2007-07-17;22.5940333333333;37.8751333333333;22.5940333333333;37.8751333333333;7
2007-07-24;22.5819333333333;37.9553333333333;22.5819333333333;37.9553333333333;7
2007-07-31;24.7923333333333;37.9538666666667;24.7923333333333;37.9538666666667;7
2007-08-01;25.0951666666667;37.9615333333333;25.0951666666667;37.9615333333333;8
2007-08-07;25.0976333333333;37.9032666666667;25.0976333333333;37.9032666666667;8
2007-08-14;23.4242666666667;37.9807666666667;23.4242666666667;37.9807666666667;8
2007-08-22;23.4507333333333;37.8515333333333;23.4507333333333;37.8515333333333;8
2007-08-28;23.9105;38.0245666666667;23.9105;38.0245666666667;8
2007-09-04;NA;NA;23.2222333333333;38.0606666666667;9
2007-09-11;22.5339666666667;38.0967666666667;22.5339666666667;38.0967666666667;9
2007-09-18;22.8164333333333;38.1804;22.8164333333333;38.1804;9
2007-09-25;22.0282;38.1728333333333;22.0282;38.1728333333333;9
2007-10-02;21.2503333333333;38.1459333333333;21.2503333333333;38.1459333333333;10
2007-10-09;21.3299333333333;38.1458;21.3299333333333;38.1458;10
2007-10-16;20.7237;38.1339666666667;20.7237;38.1339666666667;10
2007-10-23;19.1722666666667;38.1053666666667;19.1722666666667;38.1053666666667;10
2007-10-30;18.4296333333333;38.0915;18.4296333333333;38.0915;10
2007-11-06;18.2580666666667;38.0674333333333;18.2580666666667;38.0674333333333;11
2007-11-13;17.64335;38.1214;17.64335;38.1214;11
2007-11-22;NA;NA;16.9665416666667;38.11825;11
2007-11-27;16.2897333333333;38.1151;16.2897333333333;38.1151;11
2007-12-05;15.8028;38.1427;15.8028;38.1427;12
2007-12-11;NA;NA;15.3923333333333;38.1105733333333;12
2007-12-18;NA;NA;14.9818666666667;38.0784466666667;12
2008-01-04;NA;NA;14.5714;38.04632;1
2008-01-08;NA;NA;14.1609333333333;38.0141933333333;1
2008-01-18;13.7504666666667;37.9820666666667;13.7504666666667;37.9820666666667;1
2008-01-22;13.7103333333333;37.7956333333333;13.7103333333333;37.7956333333333;1
2008-01-29;13.7701;38.0431666666667;13.7701;38.0431666666667;1
2008-02-05;13.631;37.8046;13.631;37.8046;2
2008-02-12;13.5807;38.0388666666667;13.5807;38.0388666666667;2
2008-02-19;13.4486333333333;37.68805;13.4486333333333;37.68805;2
2008-02-26;13.4890333333333;38.0877666666667;13.4890333333333;38.0877666666667;2
2008-03-03;13.7347666666667;38.0844333333333;13.7347666666667;38.0844333333333;3
2008-03-11;13.3817333333333;38.0385333333333;13.3817333333333;38.0385333333333;3
2008-03-12;NA;NA;13.5181;38.06325;3
2008-03-18;13.6544666666667;38.0879666666667;13.6544666666667;38.0879666666667;3
2008-03-26;13.4766333333333;38.0777333333333;13.4766333333333;38.0777333333333;3
2008-04-01;13.6881;38.0671;13.6881;38.0671;4
2008-04-08;13.7144333333333;38.0440666666667;13.7144333333333;38.0440666666667;4
2008-04-15;13.8095333333333;37.8865333333333;13.8095333333333;37.8865333333333;4
2008-04-23;14.3165;37.8967333333333;14.3165;37.8967333333333;4
2008-04-28;16.1935333333333;37.6849666666667;16.1935333333333;37.6849666666667;4
2008-05-06;16.8585666666667;37.6447;16.8585666666667;37.6447;5
2008-05-13;17.2554;37.9334666666667;17.2554;37.9334666666667;5
2008-05-20;18.0221666666667;37.8142666666667;18.0221666666667;37.8142666666667;5
2008-05-28;18.4353333333333;37.7593;18.4353333333333;37.7593;5
2008-06-03;19.8331;38.0223;19.8331;38.0223;6
2008-06-10;20.96575;37.2244;20.96575;37.2244;6
2008-06-17;21.0096333333333;37.3229;21.0096333333333;37.3229;6
2008-06-23;NA;NA;21.8670666666667;37.43145;6
2008-06-24;22.7245;37.54;22.7245;37.54;6
2008-07-02;25.0020333333333;37.6176;25.0020333333333;37.6176;7
2008-07-08;24.4631;37.8079;24.4631;37.8079;7
2008-07-16;22.0539;37.93075;22.0539;37.93075;7
2008-07-22;23.8208666666667;38.0603333333333;23.8208666666667;38.0603333333333;7
2008-07-28;23.9055333333333;38.0421333333333;23.9055333333333;38.0421333333333;7
2008-08-05;25.904;38.17255;25.904;38.17255;8
2008-08-19;23.9528;38.122;23.9528;38.122;8
2008-08-26;25.1519;38.2292;25.1519;38.2292;8
2008-09-02;25.0789666666667;38.36415;25.0789666666667;38.36415;9
2008-09-10;22.76685;38.25005;22.76685;38.25005;9
2008-09-16;23.5704;38.3398666666667;23.5704;38.3398666666667;9
2008-09-22;22.6478;38.3196;22.6478;38.3196;9
2008-09-29;21.6236;38.3555;21.6236;38.3555;9
2008-10-07;19.6767;38.288;19.6767;38.288;10
2008-10-14;20.2665;NA;20.2665;38.2576;10
2008-10-21;20.1438333333333;NA;20.1438333333333;38.2272;10
2008-10-28;NA;NA;19.59295;38.1968;10
2008-11-06;NA;NA;19.0420666666667;38.1664;11
2008-11-20;NA;NA;18.4911833333333;38.136;11
2008-11-25;17.9403;38.1056;17.9403;38.1056;11
2008-12-02;16.6807;38.066;16.6807;38.066;12
2008-12-09;16.2572;38.06835;16.2572;38.06835;12
2008-12-17;15.21595;NA;15.21595;37.8441;12
2008-12-22;15.2077;37.61985;15.2077;37.61985;12
2009-01-06;14.5933666666667;38.0255666666667;14.5933666666667;38.0255666666667;1
2009-01-13;14.3695333333333;38.0564666666667;14.3695333333333;38.0564666666667;1
2009-01-14;14.3695333333333;38.0564;14.3695333333333;38.0564;1
2009-01-22;NA;NA;14.1573;38.03675;1
2009-01-27;13.9450666666667;38.0171;13.9450666666667;38.0171;1
2009-02-03;13.8689;37.9837333333333;13.8689;37.9837333333333;2
2009-02-10;13.1538333333333;37.5139666666667;13.1538333333333;37.5139666666667;2
2009-02-17;13.6386333333333;37.9546666666667;13.6386333333333;37.9546666666667;2
2009-02-23;13.5547;37.9218;13.5547;37.9218;2
2009-02-24;NA;NA;13.57235;37.9183;2
2009-03-03;13.59;37.9148;13.59;37.9148;3
2009-03-10;13.7156;37.9769666666667;13.7156;37.9769666666667;3
2009-03-17;14.1523666666667;37.8822;14.1523666666667;37.8822;3
2009-03-23;13.9855333333333;38.0006666666667;13.9855333333333;38.0006666666667;3
2009-03-31;NA;NA;14.5904833333333;37.76685;3
2009-04-07;15.1954333333333;37.5330333333333;15.1954333333333;37.5330333333333;4
2009-04-14;15.0220666666667;37.6650666666667;15.0220666666667;37.6650666666667;4
2009-04-21;15.2186666666667;37.6159333333333;15.2186666666667;37.6159333333333;4
2009-04-28;15.1742;37.55725;15.1742;37.55725;4
2009-05-05;NA;NA;15.9568833333333;37.442475;5
2009-05-06;16.7395666666667;37.3277;16.7395666666667;37.3277;5
2009-05-12;17.625;37.0832666666667;17.625;37.0832666666667;5
2009-05-19;19.4509333333333;37.4751333333333;19.4509333333333;37.4751333333333;5
2009-05-26;21.7864;38.0557;21.7864;38.0557;5
2009-06-02;20.8601333333333;37.5123333333333;20.8601333333333;37.5123333333333;6
2009-06-09;17.7503666666667;37.6536666666667;17.7503666666667;37.6536666666667;6
2009-06-16;22.8140333333333;37.6322;22.8140333333333;37.6322;6
2009-06-23;22.7524333333333;37.7413;22.7524333333333;37.7413;6
2009-06-30;23.1517666666667;37.6743666666667;23.1517666666667;37.6743666666667;6
2009-07-07;25.2231666666667;37.6366333333333;25.2231666666667;37.6366333333333;7
2009-07-13;24.02025;37.81955;24.02025;37.81955;7
2009-07-21;22.87165;37.80835;22.87165;37.80835;7
2009-07-28;24.1512333333333;37.8946333333333;24.1512333333333;37.8946333333333;7
2009-08-04;NA;NA;24.3994;37.9319666666667;8
2009-08-11;24.6475666666667;37.9693;24.6475666666667;37.9693;8
2009-08-18;26.2477;37.9598333333333;26.2477;37.9598333333333;8
2009-08-25;26.8819333333333;37.9850666666667;26.8819333333333;37.9850666666667;8
2009-09-01;26.6734333333333;38.0819666666667;26.6734333333333;38.0819666666667;9
2009-09-08;24.1756666666667;38.1616666666667;24.1756666666667;38.1616666666667;9
2009-09-24;23.5249666666667;37.9888666666667;23.5249666666667;37.9888666666667;9
2009-09-29;23.1488333333333;37.9417;23.1488333333333;37.9417;9
2009-10-06;23.02915;38.0315;23.02915;38.0315;10
2009-10-13;22.7965;38.0697666666667;22.7965;38.0697666666667;10
2009-10-20;21.1642;38.0850666666667;21.1642;38.0850666666667;10
2009-10-29;19.1985333333333;NA;19.1985333333333;38.0548333333333;10
2009-11-05;18.9836;38.0246;18.9836;38.0246;11
2009-11-10;18.5910333333333;37.9895333333333;18.5910333333333;37.9895333333333;11
2009-11-17;18.0973333333333;37.9703333333333;18.0973333333333;37.9703333333333;11
2009-11-24;17.5908;37.97375;17.5908;37.97375;11
2009-12-01;17.0288666666667;38.08655;17.0288666666667;38.08655;12
2009-12-08;16.7375666666667;37.9103;16.7375666666667;37.9103;12
2009-12-15;15.9933;37.9521666666667;15.9933;37.9521666666667;12
2009-12-22;14.5106666666667;37.8506666666667;14.5106666666667;37.8506666666667;12
2010-01-04;14.2378;37.8411333333333;14.2378;37.8411333333333;1
2010-01-05;NA;NA;14.0940166666667;37.8472;1
2010-01-12;13.9502333333333;37.8532666666667;13.9502333333333;37.8532666666667;1
2010-01-19;13.6366666666667;37.8542;13.6366666666667;37.8542;1
2010-01-25;13.2912333333333;37.8326333333333;13.2912333333333;37.8326333333333;1
2010-02-02;13.31775;37.9265;13.31775;37.9265;2
2010-02-12;13.1517333333333;37.8864;13.1517333333333;37.8864;2
2010-02-16;13.2093666666667;37.9315666666667;13.2093666666667;37.9315666666667;2
2010-02-23;13.0729;37.80765;13.0729;37.80765;2
2010-03-02;13.1357;37.79115;13.1357;37.79115;3
2010-03-09;NA;NA;13.0508833333333;37.8133083333333;3
2010-03-16;12.9660666666667;37.8354666666667;12.9660666666667;37.8354666666667;3
2010-03-23;13.2716;37.843;13.2716;37.843;3
2010-03-30;13.8538333333333;37.8173666666667;13.8538333333333;37.8173666666667;3
2010-04-06;14.0173;37.73145;14.0173;37.73145;4
2010-04-13;13.89865;37.7156;13.89865;37.7156;4
2010-04-20;15.3938666666667;37.7526;15.3938666666667;37.7526;4
2010-04-27;15.5168;37.7433;15.5168;37.7433;4
2010-05-05;15.9182;37.4313666666667;15.9182;37.4313666666667;5
2010-05-10;16.87295;37.51085;16.87295;37.51085;5
2010-05-17;17.4094;37.3217;17.4094;37.3217;5
2010-05-18;NA;NA;17.96655;37.34575;5
2010-05-25;18.5237;37.3698;18.5237;37.3698;5
2010-06-02;19.9636;37.30555;19.9636;37.30555;6
2010-06-08;21.6246666666667;37.4198;21.6246666666667;37.4198;6
2010-06-15;21.2708;37.6371333333333;21.2708;37.6371333333333;6
2010-06-22;21.8047666666667;37.9132;21.8047666666667;37.9132;6
2010-06-23;NA;NA;22.6415666666667;37.6462166666667;6
2010-06-29;23.4783666666667;37.3792333333333;23.4783666666667;37.3792333333333;6
2010-07-06;25.2250666666667;37.5535;25.2250666666667;37.5535;7
2010-07-13;24.6083;37.4522;24.6083;37.4522;7
2010-07-20;27.3967666666667;37.786;27.3967666666667;37.786;7
2010-07-27;25.1294;37.8508;25.1294;37.8508;7
2010-08-03;25.1737;37.9426;25.1737;37.9426;8
2010-08-17;21.0836;37.88875;21.0836;37.88875;8
2010-08-24;24.4615666666667;37.9329666666667;24.4615666666667;37.9329666666667;8
2010-08-31;23.9533;38.0336;23.9533;38.0336;8
2010-09-07;23.5866666666667;38.0755666666667;23.5866666666667;38.0755666666667;9
2010-09-14;23.0833;38.0071;23.0833;38.0071;9
2010-09-21;22.6598666666667;37.9806;22.6598666666667;37.9806;9
2010-09-28;22.2564333333333;38.0938666666667;22.2564333333333;38.0938666666667;9
2010-10-05;21.8205;38.1418666666667;21.8205;38.1418666666667;10
2010-10-07;NA;NA;21.3304;38.1121833333333;10
2010-10-12;20.8403;38.0825;20.8403;38.0825;10
2010-10-19;19.78795;38.1163;19.78795;38.1163;10
2010-10-26;NA;NA;19.2980222222222;38.0792222222222;10
2010-11-03;NA;NA;18.8080944444444;38.0421444444444;11
2010-11-09;18.3181666666667;38.0050666666667;18.3181666666667;38.0050666666667;11
2010-11-17;17.8234;37.9740666666667;17.8234;37.9740666666667;11
2010-11-23;17.0787666666667;37.5897;17.0787666666667;37.5897;11
2010-11-30;NA;NA;16.4403111111111;37.6125888888889;11
2010-12-08;NA;NA;15.8018555555556;37.6354777777778;12
2010-12-14;15.1634;37.6583666666667;15.1634;37.6583666666667;12
2010-12-21;14.7624;37.86735;14.7624;37.86735;12
2010-12-28;14.0589;37.5222333333333;14.0589;37.5222333333333;12
2011-01-04;14.0903;37.73465;14.0903;37.73465;1
2011-01-11;13.6055;37.6550666666667;13.6055;37.6550666666667;1
2011-01-18;13.3316333333333;37.5022;13.3316333333333;37.5022;1
2011-01-25;13.14885;37.85575;13.14885;37.85575;1
2011-02-01;13.4039;37.9364;13.4039;37.9364;2
2011-02-08;13.3537;37.9456;13.3537;37.9456;2
2011-02-15;13.45305;37.86745;13.45305;37.86745;2
2011-02-22;13.1078666666667;37.8345;13.1078666666667;37.8345;2
2011-03-01;13.35225;37.99055;13.35225;37.99055;3
2011-03-08;13.0928;37.9722666666667;13.0928;37.9722666666667;3
2011-03-15;13.12625;37.96925;13.12625;37.96925;3
2011-03-22;13.6429333333333;37.1807666666667;13.6429333333333;37.1807666666667;3
2011-03-29;13.587;37.3751333333333;13.587;37.3751333333333;3
2011-04-05;15.1152333333333;37.1457666666667;15.1152333333333;37.1457666666667;4
2011-04-12;16.5826;37.0822;16.5826;37.0822;4
2011-04-19;15.7287666666667;37.5702666666667;15.7287666666667;37.5702666666667;4
2011-04-26;15.692;37.7150666666667;15.692;37.7150666666667;4
2011-05-02;16.6047;37.6985;16.6047;37.6985;5
2011-05-03;16.7216333333333;37.7281;16.7216333333333;37.7281;5
2011-05-09;17.7305;37.7669666666667;17.7305;37.7669666666667;5
2011-05-10;17.8311;37.761;17.8311;37.761;5
2011-05-11;18.0839333333333;37.7809666666667;18.0839333333333;37.7809666666667;5
2011-05-12;18.5932666666667;37.7710666666667;18.5932666666667;37.7710666666667;5
2011-05-13;18.7797666666667;37.7572;18.7797666666667;37.7572;5
2011-05-16;18.4094666666667;37.7109666666667;18.4094666666667;37.7109666666667;5
2011-05-17;18.5242333333333;37.7416333333333;18.5242333333333;37.7416333333333;5
2011-05-18;18.8622333333333;37.7784;18.8622333333333;37.7784;5
2011-05-19;18.87125;37.80155;18.87125;37.80155;5
2011-05-20;19.1843666666667;37.7958333333333;19.1843666666667;37.7958333333333;5
2011-05-24;20.2732666666667;37.95275;20.2732666666667;37.95275;5
2011-05-31;19.7968333333333;37.8893;19.7968333333333;37.8893;5
2011-06-07;20.3815;37.7152666666667;20.3815;37.7152666666667;6
2011-06-14;21.1971;37.8769;21.1971;37.8769;6
2011-06-21;21.5726333333333;37.8628666666667;21.5726333333333;37.8628666666667;6
2011-06-28;24.2442;37.7762;24.2442;37.7762;6
2011-07-05;24.4213666666667;37.8124333333333;24.4213666666667;37.8124333333333;7
2011-07-12;25.2626;37.9236333333333;25.2626;37.9236333333333;7
2011-07-19;20.1886666666667;37.9586;20.1886666666667;37.9586;7
2011-07-26;23.5834666666667;37.9741333333333;23.5834666666667;37.9741333333333;7
2011-08-02;23.8260333333333;37.9336333333333;23.8260333333333;37.9336333333333;8
2011-08-09;21.7167;37.9691;21.7167;37.9691;8
2011-08-16;24.1770333333333;38.0520333333333;24.1770333333333;38.0520333333333;8
2011-08-23;25.8216666666667;38.0632;25.8216666666667;38.0632;8
2011-08-30;24.4565;38.1314333333333;24.4565;38.1314333333333;8
2011-09-06;24.49185;38.1872;24.49185;38.1872;9
2011-09-13;25.1077666666667;38.1919;25.1077666666667;38.1919;9
2011-09-27;22.8061666666667;38.1531666666667;22.8061666666667;38.1531666666667;9
2011-10-04;22.8778333333333;38.1637333333333;22.8778333333333;38.1637333333333;10
2011-10-11;21.1894333333333;38.1417666666667;21.1894333333333;38.1417666666667;10
2011-10-18;NA;NA;20.1808666666667;38.14385;10
2011-10-25;19.1723;38.1459333333333;19.1723;38.1459333333333;10
2011-10-26;NA;NA;19.2797166666667;38.1569833333333;10
2011-11-02;19.3871333333333;38.1680333333333;19.3871333333333;38.1680333333333;11
2011-11-10;18.4494666666667;37.7906;18.4494666666667;37.7906;11
2011-11-15;18.6129333333333;38.0081333333333;18.6129333333333;38.0081333333333;11
2011-11-22;18.1337;38.0774333333333;18.1337;38.0774333333333;11
2011-11-29;17.7995333333333;38.0821;17.7995333333333;38.0821;11
2011-12-06;NA;NA;16.4545833333333;38.0898;12
2012-01-10;15.1096333333333;38.0975;15.1096333333333;38.0975;1
2012-01-17;14.8082;38.1129;14.8082;38.1129;1
2012-01-24;14.5562333333333;38.1198;14.5562333333333;38.1198;1
2012-01-31;14.3646333333333;38.1085333333333;14.3646333333333;38.1085333333333;1
2012-02-07;13.5898666666667;38.1582;13.5898666666667;38.1582;2
2012-02-14;13.1539333333333;38.2254666666667;13.1539333333333;38.2254666666667;2
2012-02-21;13.4029333333333;38.1597666666667;13.4029333333333;38.1597666666667;2
2012-02-28;13.4618666666667;38.1833;13.4618666666667;38.1833;2
2012-03-06;13.3933666666667;38.1574666666667;13.3933666666667;38.1574666666667;3
2012-03-13;NA;NA;13.4275166666667;38.1571;3
2012-03-20;13.4616666666667;38.1567333333333;13.4616666666667;38.1567333333333;3
2012-03-27;14.5031333333333;38.2812;14.5031333333333;38.2812;3
2012-04-03;15.18;38.1265333333333;15.18;38.1265333333333;4
2012-04-10;14.5481;38.1673666666667;14.5481;38.1673666666667;4
2012-04-17;14.7821333333333;38.0299;14.7821333333333;38.0299;4
2012-04-25;14.6571333333333;38.0483666666667;14.6571333333333;38.0483666666667;4
2012-05-02;13.6999;38.1161333333333;13.6999;38.1161333333333;5
2012-05-09;15.1714333333333;37.8842666666667;15.1714333333333;37.8842666666667;5
2012-05-15;17.4475333333333;38.0225666666667;17.4475333333333;38.0225666666667;5
2012-05-22;16.6959666666667;38.0019666666667;16.6959666666667;38.0019666666667;5
2012-05-29;18.9414;37.8633333333333;18.9414;37.8633333333333;5
2012-06-05;20.6212333333333;37.7536333333333;20.6212333333333;37.7536333333333;6
2012-06-13;16.5772333333333;38.5936;16.5772333333333;38.5936;6
2012-06-19;23.0368666666667;37.851;23.0368666666667;37.851;6
2012-06-26;23.7093333333333;37.9121666666667;23.7093333333333;37.9121666666667;6
2012-07-03;25.5822666666667;37.9833333333333;25.5822666666667;37.9833333333333;7
2012-07-10;26.0259666666667;38.0984666666667;26.0259666666667;38.0984666666667;7
2012-07-17;21.8387666666667;38.1047333333333;21.8387666666667;38.1047333333333;7
2012-07-24;23.0289;38.2024333333333;23.0289;38.2024333333333;7
2012-07-31;23.2998;38.2301333333333;23.2998;38.2301333333333;7
2012-08-07;25.2682333333333;38.3094;25.2682333333333;38.3094;8
2012-08-21;26.5931;38.3780666666667;26.5931;38.3780666666667;8
2012-08-28;25.8742666666667;38.3504333333333;25.8742666666667;38.3504333333333;8
2012-09-04;24.2562666666667;38.3933;24.2562666666667;38.3933;9
2012-09-05;NA;NA;24.0668833333333;38.3818666666667;9
2012-09-11;23.8775;38.3704333333333;23.8775;38.3704333333333;9
2012-09-18;23.0347333333333;38.3812333333333;23.0347333333333;38.3812333333333;9
2012-09-25;22.3177333333333;38.3542333333333;22.3177333333333;38.3542333333333;9
2012-10-02;21.8114666666667;38.1791;21.8114666666667;38.1791;10
2012-10-09;22.0184333333333;38.3175333333333;22.0184333333333;38.3175333333333;10
2012-10-16;21.4704666666667;38.2186;21.4704666666667;38.2186;10
2012-10-23;20.7814;38.2808666666667;20.7814;38.2808666666667;10
2012-10-30;20.0249;38.2427;20.0249;38.2427;10
2012-11-06;17.9910333333333;NA;17.9910333333333;38.1869;11
2012-11-07;17.2724666666667;NA;17.2724666666667;38.1311;11
2012-11-13;17.8328666666667;NA;17.8328666666667;38.0753;11
2012-11-14;18.0466;38.0195;18.0466;38.0195;11
2012-11-20;17.4636666666667;38.0828666666667;17.4636666666667;38.0828666666667;11
2012-11-27;17.4807666666667;38.1211333333333;17.4807666666667;38.1211333333333;11
2012-12-05;16.9164666666667;38.1132666666667;16.9164666666667;38.1132666666667;12
2012-12-11;NA;NA;16.6197166666667;38.1184333333333;12
2012-12-12;16.3229666666667;38.1236;16.3229666666667;38.1236;12
2012-12-18;15.8100666666667;38.0935666666667;15.8100666666667;38.0935666666667;12
2012-12-28;NA;NA;15.1667;38.0038333333333;12
2013-01-04;14.5233333333333;37.9141;14.5233333333333;37.9141;1
2013-01-08;14.3984;37.9947;14.3984;37.9947;1
2013-01-15;14.1831;38.0174;14.1831;38.0174;1
2013-01-23;13.7277;38.0339666666667;13.7277;38.0339666666667;1
2013-01-24;13.7065;38.0334333333333;13.7065;38.0334333333333;1
2013-01-29;13.4431333333333;38.0250666666667;13.4431333333333;38.0250666666667;1
2013-02-05;13.2162666666667;37.9610666666667;13.2162666666667;37.9610666666667;2
2013-02-12;13.4607333333333;38.1128;13.4607333333333;38.1128;2
2013-02-19;13.2636666666667;38.1064333333333;13.2636666666667;38.1064333333333;2
2013-02-25;13.1286;38.1465666666667;13.1286;38.1465666666667;2
2013-03-07;13.0861333333333;37.91365;13.0861333333333;37.91365;3
2013-03-12;13.2981666666667;37.4140666666667;13.2981666666667;37.4140666666667;3
2013-03-20;12.951;37.798;12.951;37.798;3
2013-03-26;12.9998333333333;37.5357;12.9998333333333;37.5357;3
2013-04-02;13.1123;37.7104666666667;13.1123;37.7104666666667;4
2013-04-09;13.5624;37.6501666666667;13.5624;37.6501666666667;4
2013-04-16;14.6652666666667;37.6883333333333;14.6652666666667;37.6883333333333;4
2013-04-26;16.0237;37.2575;16.0237;37.2575;4
2013-04-30;15.5719;37.4897666666667;15.5719;37.4897666666667;4
2013-05-07;17.7186333333333;37.3859;17.7186333333333;37.3859;5
2013-05-14;18.8109333333333;37.5033666666667;18.8109333333333;37.5033666666667;5
2013-05-21;16.2447333333333;37.6448;16.2447333333333;37.6448;5
2013-05-28;17.0813666666667;37.6495666666667;17.0813666666667;37.6495666666667;5
2013-06-04;18.5035666666667;37.8127;18.5035666666667;37.8127;6
2013-06-11;18.0482;37.8196;18.0482;37.8196;6
2013-06-18;20.6959666666667;37.7237;20.6959666666667;37.7237;6
2013-06-25;21.7960666666667;37.9589;21.7960666666667;37.9589;6
2013-07-02;21.9617;38.0131666666667;21.9617;38.0131666666667;7
2013-07-09;22.6314;38.0658;22.6314;38.0658;7
2013-07-16;24.582;38.0753333333333;24.582;38.0753333333333;7
2013-07-23;25.5996666666667;37.9529;25.5996666666667;37.9529;7
2013-07-30;24.6289666666667;37.9232;24.6289666666667;37.9232;7
2013-08-06;26.2087333333333;37.9748;26.2087333333333;37.9748;8
2013-08-20;26.0696666666667;38.1451333333333;26.0696666666667;38.1451333333333;8
2013-08-28;24.7639333333333;38.1441666666667;24.7639333333333;38.1441666666667;8
2013-09-03;24.6298;38.0682666666667;24.6298;38.0682666666667;9
2013-09-09;23.3511;38.1392;23.3511;38.1392;9
2013-09-11;NA;NA;22.7173666666667;38.1832833333333;9
2013-09-18;22.0836333333333;38.2273666666667;22.0836333333333;38.2273666666667;9
2013-09-24;22.5529333333333;38.2016333333333;22.5529333333333;38.2016333333333;9
2013-10-08;20.4892666666667;38.0750333333333;20.4892666666667;38.0750333333333;10
2013-10-15;18.9584333333333;38.092;18.9584333333333;38.092;10
2013-10-22;19.8826666666667;38.0842;19.8826666666667;38.0842;10
2013-10-29;19.8057333333333;37.9833333333333;19.8057333333333;37.9833333333333;10
2013-11-05;18.9776;38.0863666666667;18.9776;38.0863666666667;11
2013-11-12;18.5686666666667;38.1513666666667;18.5686666666667;38.1513666666667;11
2013-11-27;17.0892;38.149;17.0892;38.149;11
2013-12-03;16.5554;38.1855333333333;16.5554;38.1855333333333;12
2013-12-10;16.1820333333333;38.1994666666667;16.1820333333333;38.1994666666667;12
2013-12-17;15.7970333333333;38.1794666666667;15.7970333333333;38.1794666666667;12
2013-12-23;15.6258666666667;38.1190333333333;15.6258666666667;38.1190333333333;12
2014-01-07;14.6767666666667;37.7014333333333;14.6767666666667;37.7014333333333;1
2014-01-14;14.69745;37.7927;14.69745;37.7927;1
2014-01-21;13.7925333333333;NA;13.7925333333333;37.6569166666667;1
2014-01-28;14.2812333333333;37.5211333333333;14.2812333333333;37.5211333333333;1
2014-02-05;14.1155;37.8582333333333;14.1155;37.8582333333333;2
2014-02-11;13.9116333333333;37.7943666666667;13.9116333333333;37.7943666666667;2
2014-02-18;13.6276333333333;37.2272333333333;13.6276333333333;37.2272333333333;2
2014-02-25;13.9235765413534;37.4567348795887;13.9235765413534;37.4567348795887;2
2014-03-04;14.0037547486034;37.4142451884868;14.0037547486034;37.4142451884868;3
2014-03-11;NA;NA;14.407510707635;37.5295059275767;3
2014-03-19;14.8112666666667;37.6447666666667;14.8112666666667;37.6447666666667;3
2014-03-25;14.4364666666667;37.5412;14.4364666666667;37.5412;3
2014-04-01;14.6178666666667;37.7921333333333;14.6178666666667;37.7921333333333;4
2014-04-08;NA;NA;15.1958333333333;37.7746933333333;4
2014-04-15;NA;NA;15.7738;37.7572533333333;4
2014-04-22;NA;NA;16.3517666666667;37.7398133333333;4
2014-04-29;NA;NA;16.9297333333333;37.7223733333333;4
2014-05-06;17.5077;37.7049333333333;17.5077;37.7049333333333;5
2014-05-13;16.8255;37.7751;16.8255;37.7751;5
2014-05-20;NA;NA;17.9275111111111;37.7605222222222;5
2014-06-03;NA;NA;19.0295222222222;37.7459444444444;6
2014-06-10;20.1315333333333;37.7313666666667;20.1315333333333;37.7313666666667;6
2014-06-17;21.5326666666667;37.8415666666667;21.5326666666667;37.8415666666667;6
2014-06-24;22.9367;37.7786;22.9367;37.7786;6
2014-07-01;23.0788;37.8981666666667;23.0788;37.8981666666667;7
2014-07-08;23.1031;37.8916333333333;23.1031;37.8916333333333;7
2014-07-15;23.3701;37.9071666666667;23.3701;37.9071666666667;7
2014-07-22;23.7055333333333;37.9224333333333;23.7055333333333;37.9224333333333;7
2014-07-30;23.4438333333333;38.0518333333333;23.4438333333333;38.0518333333333;7
2014-08-05;24.9289;38.0224333333333;24.9289;38.0224333333333;8
2014-08-19;24.5524666666667;37.9945;24.5524666666667;37.9945;8
2014-08-26;24.2696;38.0223;24.2696;38.0223;8
2014-09-02;24.0103333333333;38.0277;24.0103333333333;38.0277;9
2014-09-09;23.951;38.0089;23.951;38.0089;9
2014-09-15;23.6719666666667;38.1152333333333;23.6719666666667;38.1152333333333;9
2014-09-23;23.44505;38.192;23.44505;38.192;9
2014-09-30;22.9701666666667;38.1969333333333;22.9701666666667;38.1969333333333;9
2014-10-07;22.9759666666667;38.1841666666667;22.9759666666667;38.1841666666667;10
2014-10-14;22.7391666666667;38.1685;22.7391666666667;38.1685;10
2014-10-21;22.5527666666667;38.0929333333333;22.5527666666667;38.0929333333333;10
2014-10-29;21.4213666666667;38.1740333333333;21.4213666666667;38.1740333333333;10
2014-11-06;20.1057;37.5082666666667;20.1057;37.5082666666667;11
2014-11-12;19.6662333333333;37.6516;19.6662333333333;37.6516;11
2014-11-18;19.4838;37.8827333333333;19.4838;37.8827333333333;11
2014-11-25;18.96985;37.6183;18.96985;37.6183;11
2014-12-02;17.9851333333333;37.2848666666667;17.9851333333333;37.2848666666667;12
2014-12-09;17.7254666666667;37.6753333333333;17.7254666666667;37.6753333333333;12
2014-12-16;17.6891;37.8395;17.6891;37.8395;12
2014-12-22;17.4540666666667;37.8418666666667;17.4540666666667;37.8418666666667;12
2015-01-06;16.1188333333333;37.9427666666667;16.1188333333333;37.9427666666667;1
2015-01-12;15.7912666666667;37.9633333333333;15.7912666666667;37.9633333333333;1
2015-01-20;15.3841;37.9736666666667;15.3841;37.9736666666667;1
2015-01-27;14.9102666666667;37.9861;14.9102666666667;37.9861;1
2015-01-28;14.887;37.9956;14.887;37.9956;1
2015-02-03;14.4339;38.0444;14.4339;38.0444;2
2015-02-10;13.9704666666667;38.0600666666667;13.9704666666667;38.0600666666667;2
2015-02-17;13.8896333333333;38.0004;13.8896333333333;38.0004;2
2015-02-24;13.7711333333333;37.9212666666667;13.7711333333333;37.9212666666667;2
2015-03-03;13.9494;38.0053666666667;13.9494;38.0053666666667;3
2015-03-10;13.766;37.9186666666667;13.766;37.9186666666667;3
2015-03-17;13.7710333333333;38.0037;13.7710333333333;38.0037;3
2015-03-24;13.9656333333333;37.9161;13.9656333333333;37.9161;3
2015-03-31;14.3458;37.9050666666667;14.3458;37.9050666666667;3
2015-04-07;NA;NA;14.8777333333333;37.8513;4
2015-04-14;NA;NA;15.4096666666667;37.7975333333333;4
2015-04-21;15.9416;37.7437666666667;15.9416;37.7437666666667;4
2015-04-28;16.1589666666667;37.6977666666667;16.1589666666667;37.6977666666667;4
2015-05-05;16.8535;37.7120333333333;16.8535;37.7120333333333;5
2015-05-12;18.6037666666667;37.615;18.6037666666667;37.615;5
2015-05-19;18.4214;37.6022666666667;18.4214;37.6022666666667;5
2015-05-26;18.7362666666667;37.8512;18.7362666666667;37.8512;5
2015-06-02;20.2023;37.8169666666667;20.2023;37.8169666666667;6
2015-06-09;21.5054666666667;37.8128;21.5054666666667;37.8128;6
2015-06-16;22.5671333333333;37.8495;22.5671333333333;37.8495;6
2015-06-22;23.7535333333333;37.7622666666667;23.7535333333333;37.7622666666667;6
2015-06-30;23.771;37.9771333333333;23.771;37.9771333333333;6
2015-07-07;25.3902;37.7524;25.3902;37.7524;7
2015-07-15;27.3087;38.0778;27.3087;38.0778;7
2015-07-21;NA;NA;27.0910444444444;38.1217333333333;7
2015-07-28;NA;NA;26.8733888888889;38.1656666666667;7
2015-08-04;26.6557333333333;38.2096;26.6557333333333;38.2096;8
2015-08-11;26.0874;38.1593666666667;26.0874;38.1593666666667;8
2015-08-25;24.9421;38.2277;24.9421;38.2277;8
2015-09-01;25.7271666666667;38.2764666666667;25.7271666666667;38.2764666666667;9
2015-09-08;24.0266;38.2796333333333;24.0266;38.2796333333333;9
2015-09-15;23.6866;38.2918;23.6866;38.2918;9
2015-09-22;23.0649333333333;38.2854333333333;23.0649333333333;38.2854333333333;9
2015-09-29;21.9992;38.3682;21.9992;38.3682;9
2015-10-06;20.6308;38.1096666666667;20.6308;38.1096666666667;10
2015-10-13;20.4422;38.1330333333333;20.4422;38.1330333333333;10
2015-10-20;20.1647666666667;38.3502333333333;20.1647666666667;38.3502333333333;10
2015-10-27;19.5118666666667;38.3514;19.5118666666667;38.3514;10
2015-11-03;18.4913666666667;38.2976666666667;18.4913666666667;38.2976666666667;11
2015-11-10;NA;NA;18.4893;38.2795;11
2015-11-17;18.4872333333333;38.2613333333333;18.4872333333333;38.2613333333333;11
2015-11-24;18.0523;38.2580666666667;18.0523;38.2580666666667;11
2015-12-01;16.8898;38.2246;16.8898;38.2246;12
2015-12-08;17.0149;38.2441666666667;17.0149;38.2441666666667;12
2015-12-15;16.4599666666667;38.2280333333333;16.4599666666667;38.2280333333333;12
2015-12-22;16.3581666666667;38.2188;16.3581666666667;38.2188;12
2016-01-05;15.6241666666667;38.2094;15.6241666666667;38.2094;1
2016-01-13;14.7454666666667;38.2124;14.7454666666667;38.2124;1
2016-01-19;14.4189;38.221;14.4189;38.221;1
2016-01-26;14.2787;38.2074666666667;14.2787;38.2074666666667;1
2016-02-02;14.1703;38.1589666666667;14.1703;38.1589666666667;2
2016-02-09;14.0122666666667;38.1629333333333;14.0122666666667;38.1629333333333;2
2016-02-16;NA;NA;13.9499666666667;38.1804;2
2016-02-19;13.8876666666667;38.1978666666667;13.8876666666667;38.1978666666667;2
2016-02-23;13.828;38.1676;13.828;38.1676;2
2016-03-01;13.4875;37.8506666666667;13.4875;37.8506666666667;3
2016-03-09;13.4411;37.9558666666667;13.4411;37.9558666666667;3
2016-03-15;NA;NA;13.50325;37.93715;3
2016-03-16;13.5654;37.9184333333333;13.5654;37.9184333333333;3
2016-03-22;13.758;37.8363333333333;13.758;37.8363333333333;3
2016-03-29;14.0877;37.8623333333333;14.0877;37.8623333333333;3
2016-04-05;14.495;38.007;14.495;38.007;4
2016-04-12;15.3058666666667;37.9559666666667;15.3058666666667;37.9559666666667;4
2016-04-19;15.9925;37.9021;15.9925;37.9021;4
2016-04-25;15.9586;38.0079666666667;15.9586;38.0079666666667;4
2016-05-03;15.8103333333333;38.0995333333333;15.8103333333333;38.0995333333333;5
2016-05-10;16.4352333333333;38.0482666666667;16.4352333333333;38.0482666666667;5
2016-05-17;17.787;38.039;17.787;38.039;5
2016-05-24;17.2382666666667;38.0687333333333;17.2382666666667;38.0687333333333;5
2016-06-01;17.5563333333333;38.0770666666667;17.5563333333333;38.0770666666667;6
2016-06-07;20.1696;38.0328333333333;20.1696;38.0328333333333;6
2016-06-14;21.7115;37.9453666666667;21.7115;37.9453666666667;6
2016-06-21;18.861;38.0043;18.861;38.0043;6
2016-06-28;22.8135333333333;37.9940666666667;22.8135333333333;37.9940666666667;6
2016-07-05;24.0260333333333;37.9015;24.0260333333333;37.9015;7
2016-07-12;26.2068;38.0977;26.2068;38.0977;7
2016-07-19;22.5081333333333;38.1788;22.5081333333333;38.1788;7
2016-07-26;24.1439666666667;38.2423333333333;24.1439666666667;38.2423333333333;7
2016-08-02;NA;NA;24.4289666666667;38.2613533333333;8
2016-08-16;NA;NA;24.7139666666667;38.2803733333333;8
2016-08-23;NA;NA;24.9989666666667;38.2993933333333;8
2016-08-31;NA;NA;25.2839666666667;38.3184133333333;8
2016-09-06;25.5689666666667;38.3374333333333;25.5689666666667;38.3374333333333;9
2016-09-13;24.8754333333333;38.1855;24.8754333333333;38.1855;9
2016-09-20;23.3854;38.3016;23.3854;38.3016;9
2016-09-27;23.4219666666667;38.2548333333333;23.4219666666667;38.2548333333333;9
2016-10-04;22.3182333333333;38.2945333333333;22.3182333333333;38.2945333333333;10
2016-10-11;21.8440666666667;38.2994;21.8440666666667;38.2994;10
2016-10-18;20.8330666666667;38.2669333333333;20.8330666666667;38.2669333333333;10
2016-10-26;20.2703;38.2437333333333;20.2703;38.2437333333333;10
2016-11-02;19.8004333333333;38.2252666666667;19.8004333333333;38.2252666666667;11
2016-11-08;18.3506666666667;38.1694;18.3506666666667;38.1694;11
2016-11-15;18.3061666666667;38.2060333333333;18.3061666666667;38.2060333333333;11
2016-11-22;17.4526;38.0264333333333;17.4526;38.0264333333333;11
2016-11-30;17.26955;38.08785;17.26955;38.08785;11
2016-12-06;17.0146333333333;38.1657333333333;17.0146333333333;38.1657333333333;12
2016-12-13;16.6498666666667;38.1809666666667;16.6498666666667;38.1809666666667;12
2016-12-21;16.2454333333333;38.1962;16.2454333333333;38.1962;12
2017-01-03;15.6752;38.1232666666667;15.6752;38.1232666666667;1
2017-01-10;15.2803666666667;38.1547666666667;15.2803666666667;38.1547666666667;1
2017-01-17;14.6594666666667;38.1699666666667;14.6594666666667;38.1699666666667;1
2017-01-24;14.1326;38.1988666666667;14.1326;38.1988666666667;1
2017-01-31;13.91985;38.20285;13.91985;38.20285;1
2017-02-07;13.8676;38.21015;13.8676;38.21015;2
2017-02-14;13.7284;38.2122;13.7284;38.2122;2
2017-02-21;13.80285;38.21985;13.80285;38.21985;2
2017-03-01;13.6817;38.04385;13.6817;38.04385;3
2017-03-07;13.7227;38.2397666666667;13.7227;38.2397666666667;3
2017-03-14;14.1131666666667;38.1991666666667;14.1131666666667;38.1991666666667;3
2017-03-21;14.6525666666667;38.1278333333333;14.6525666666667;38.1278333333333;3
2017-03-28;14.3812;38.04515;14.3812;38.04515;3
2017-04-04;14.59265;38.0291;14.59265;38.0291;4
2017-04-11;16.17995;37.9432;16.17995;37.9432;4
2017-04-18;17.1665;37.89935;17.1665;37.89935;4
2017-04-25;15.9537;38.0443333333333;15.9537;38.0443333333333;4
2017-05-02;15.7920333333333;38.0215666666667;15.7920333333333;38.0215666666667;5
2017-05-09;16.58935;38.01715;16.58935;38.01715;5
2017-05-16;17.5071;37.9878666666667;17.5071;37.9878666666667;5
2017-05-23;19.3607;38.0051;19.3607;38.0051;5
2017-05-30;21.0569333333333;37.9103333333333;21.0569333333333;37.9103333333333;5
2017-06-06;22.8945;38.01255;22.8945;38.01255;6
2017-06-14;22.9333666666667;38.0826333333333;22.9333666666667;38.0826333333333;6
2017-06-20;NA;NA;23.6813333333333;38.0823416666667;6
2017-06-27;24.4293;38.08205;24.4293;38.08205;6
2017-07-04;21.13505;38.14795;21.13505;38.14795;7
2017-07-11;24.8915333333333;38.2089;24.8915333333333;38.2089;7
2017-07-18;25.5078;38.2484333333333;25.5078;38.2484333333333;7
2017-07-25;24.9092;38.2808666666667;24.9092;38.2808666666667;7
2017-08-01;25.9662333333333;38.3557333333333;25.9662333333333;38.3557333333333;8
2017-08-07;26.5958333333333;38.3185333333333;26.5958333333333;38.3185333333333;8
2017-08-23;25.1831666666667;38.2528;25.1831666666667;38.2528;8
2017-08-29;25.8049;37.7318333333333;25.8049;37.7318333333333;8
2017-09-05;21.4227666666667;38.0495333333333;21.4227666666667;38.0495333333333;9
2017-09-13;22.0531666666667;38.0771666666667;22.0531666666667;38.0771666666667;9
2017-09-19;17.4419;38.0645666666667;17.4419;38.0645666666667;9
2017-09-26;21.5035;38.1568333333333;21.5035;38.1568333333333;9
2017-10-03;21.048;38.1724666666667;21.048;38.1724666666667;10
2017-10-10;20.1554;38.2593333333333;20.1554;38.2593333333333;10
2017-10-17;20.2126333333333;38.2577666666667;20.2126333333333;38.2577666666667;10
2017-10-24;19.9952666666667;38.3032666666667;19.9952666666667;38.3032666666667;10
2017-10-31;19.5344333333333;38.2859333333333;19.5344333333333;38.2859333333333;10
2017-11-07;18.8739333333333;38.2086;18.8739333333333;38.2086;11
2017-11-14;17.7517;38.2184333333333;17.7517;38.2184333333333;11
2017-11-21;16.9955666666667;38.2030666666667;16.9955666666667;38.2030666666667;11
2017-11-28;16.8328333333333;38.2119666666667;16.8328333333333;38.2119666666667;11
2017-12-04;16.2652333333333;38.2055666666667;16.2652333333333;38.2055666666667;12
2017-12-13;15.1122;38.0803666666667;15.1122;38.0803666666667;12
2017-12-19;14.6372333333333;38.1865333333333;14.6372333333333;38.1865333333333;12
2018-01-03;14.2954;38.1927666666667;14.2954;38.1927666666667;1
2018-01-10;13.8281666666667;38.1327333333333;13.8281666666667;38.1327333333333;1
2018-01-18;NA;NA;13.8609666666667;38.20165;1
2018-01-23;13.8937666666667;38.2705666666667;13.8937666666667;38.2705666666667;1
2018-01-30;13.8310333333333;38.2711666666667;13.8310333333333;38.2711666666667;1
2018-02-07;13.777;38.2989666666667;13.777;38.2989666666667;2
2018-02-13;13.6026666666667;38.3373;13.6026666666667;38.3373;2
2018-02-19;13.5462333333333;38.3006;13.5462333333333;38.3006;2
2018-02-27;NA;NA;13.4669833333333;38.3152833333333;2
2018-02-28;13.3877333333333;38.3299666666667;13.3877333333333;38.3299666666667;2
2018-03-07;13.2335666666667;38.2663;13.2335666666667;38.2663;3
2018-03-14;13.3826;37.7451;13.3826;37.7451;3
2018-03-20;13.2063333333333;37.5796;13.2063333333333;37.5796;3
2018-03-27;13.4669333333333;37.8223666666667;13.4669333333333;37.8223666666667;3
2018-04-04;13.6999;38.1019;13.6999;38.1019;4
2018-04-17;NA;NA;14.6666777777778;37.9514333333333;4
2018-04-24;NA;NA;15.6334555555556;37.8009666666667;4
2018-04-25;16.6002333333333;37.6505;16.6002333333333;37.6505;4
2018-05-02;16.0280666666667;37.9403;16.0280666666667;37.9403;5
2018-05-07;17.2735;37.8519333333333;17.2735;37.8519333333333;5
2018-05-14;17.8577;37.6421333333333;17.8577;37.6421333333333;5
2018-05-22;19.3809666666667;37.8010333333333;19.3809666666667;37.8010333333333;5
2018-05-29;20.0992;37.6589333333333;20.0992;37.6589333333333;5
2018-06-04;21.7084;37.7889;21.7084;37.7889;6
2018-06-12;NA;NA;21.9482333333333;37.8355666666667;6
2018-06-19;22.1880666666667;37.8822333333333;22.1880666666667;37.8822333333333;6
2018-06-26;23.66025;37.9815;23.66025;37.9815;6
2018-07-03;24.2400333333333;37.9959333333333;24.2400333333333;37.9959333333333;7
2018-07-10;26.1091333333333;37.7561;26.1091333333333;37.7561;7
2018-07-17;25.61;37.9994666666667;25.61;37.9994666666667;7
2018-07-24;26.7056;38.0648666666667;26.7056;38.0648666666667;7
2018-07-31;27.3841666666667;37.5570666666667;27.3841666666667;37.5570666666667;7
2018-08-07;27.8671;37.6041666666667;27.8671;37.6041666666667;8
2018-08-10;26.0538333333333;38.1596333333333;26.0538333333333;38.1596333333333;8
2018-08-21;26.4541;38.2463;26.4541;38.2463;8
2018-08-28;26.7399;38.2161333333333;26.7399;38.2161333333333;8
2018-09-04;25.4794;38.28795;25.4794;38.28795;9
2018-09-11;25.3671333333333;38.3260666666667;25.3671333333333;38.3260666666667;9
2018-09-17;25.3114666666667;38.2194;25.3114666666667;38.2194;9
2018-09-26;24.7416333333333;38.4066;24.7416333333333;38.4066;9
2018-10-02;23.2291666666667;38.3883333333333;23.2291666666667;38.3883333333333;10
2018-10-09;22.0774;38.3584666666667;22.0774;38.3584666666667;10
2018-10-16;21.5599666666667;38.3328;21.5599666666667;38.3328;10
2018-10-23;20.9949333333333;38.2756;20.9949333333333;38.2756;10
2018-11-06;20.0304666666667;38.1240333333333;20.0304666666667;38.1240333333333;11
2018-11-13;NA;NA;19.4383333333333;38.1104333333333;11
2018-11-20;NA;NA;18.8462;38.0968333333333;11
2018-11-27;18.2540666666667;38.0832333333333;18.2540666666667;38.0832333333333;11
2018-12-04;17.5680333333333;38.1146333333333;17.5680333333333;38.1146333333333;12
2018-12-11;17.1948;38.1033666666667;17.1948;38.1033666666667;12
2018-12-18;16.7151666666667;38.0848333333333;16.7151666666667;38.0848333333333;12
2019-01-02;15.9986;38.067;15.9986;38.067;1
2019-01-08;15.6896666666667;38.0629;15.6896666666667;38.0629;1
2019-01-15;14.5711666666667;38.0639333333333;14.5711666666667;38.0639333333333;1
2019-01-22;14.4516666666667;38.0608333333333;14.4516666666667;38.0608333333333;1
2019-01-29;13.9919666666667;38.1114666666667;13.9919666666667;38.1114666666667;1
2019-02-05;13.1721333333333;37.8860333333333;13.1721333333333;37.8860333333333;2
2019-02-12;13.5308333333333;37.9940666666667;13.5308333333333;37.9940666666667;2
2019-02-19;13.738;38.0485666666667;13.738;38.0485666666667;2
2019-02-26;13.8470333333333;38.0736;13.8470333333333;38.0736;2
2019-03-06;13.8363;38.0753666666667;13.8363;38.0753666666667;3
2019-03-12;13.7347333333333;38.12;13.7347333333333;38.12;3
2019-03-19;13.9385333333333;38.0747666666667;13.9385333333333;38.0747666666667;3
2019-03-27;13.7666333333333;38.1312;13.7666333333333;38.1312;3
2019-04-02;14.0486333333333;38.1834;14.0486333333333;38.1834;4
2019-04-09;14.1701333333333;38.0092666666667;14.1701333333333;38.0092666666667;4
2019-04-16;14.7764;37.8925333333333;14.7764;37.8925333333333;4
2019-04-23;14.8236;38.0071333333333;14.8236;38.0071333333333;4
2019-04-30;15.4216333333333;37.7909333333333;15.4216333333333;37.7909333333333;4
2019-05-07;16.0809666666667;37.7602666666667;16.0809666666667;37.7602666666667;5
2019-05-14;16.7148333333333;37.7999666666667;16.7148333333333;37.7999666666667;5
2019-05-21;16.7589333333333;37.8366666666667;16.7589333333333;37.8366666666667;5
2019-05-28;17.5802666666667;37.8113666666667;17.5802666666667;37.8113666666667;5
2019-06-05;20.0166666666667;37.6854;20.0166666666667;37.6854;6
2019-06-11;20.0431333333333;37.7740333333333;20.0431333333333;37.7740333333333;6
2019-06-19;21.2643333333333;37.7878333333333;21.2643333333333;37.7878333333333;6
2019-06-25;23.2834333333333;37.9062;23.2834333333333;37.9062;6
2019-07-02;27.2124;37.9677666666667;27.2124;37.9677666666667;7
2019-07-09;25.8352666666667;37.69985;25.8352666666667;37.69985;7
2019-07-16;26.0910333333333;37.9217333333333;26.0910333333333;37.9217333333333;7
2019-07-23;26.5551;37.7354333333333;26.5551;37.7354333333333;7
2019-07-30;25.9585;37.7471666666667;25.9585;37.7471666666667;7
2019-08-06;26.6307666666667;37.7462333333333;26.6307666666667;37.7462333333333;8
2019-08-14;27.1734;38.0348666666667;27.1734;38.0348666666667;8
2019-08-20;26.6545;37.9544333333333;26.6545;37.9544333333333;8
2019-08-27;26.5788;37.6685666666667;26.5788;37.6685666666667;8
2019-09-03;26.7081333333333;37.9109333333333;26.7081333333333;37.9109333333333;9
2019-09-10;24.9898333333333;38.2577666666667;24.9898333333333;38.2577666666667;9
2019-09-17;24.581;38.1675;24.581;38.1675;9
2019-09-24;23.5459666666667;38.2471;23.5459666666667;38.2471;9
2019-10-01;22.4611;38.2679333333333;22.4611;38.2679333333333;10
2019-10-08;22.0798666666667;38.2279666666667;22.0798666666667;38.2279666666667;10
2019-10-16;21.0674666666667;38.2033;21.0674666666667;38.2033;10
2019-10-22;20.8361666666667;37.9422666666667;20.8361666666667;37.9422666666667;10
2019-10-29;20.3888333333333;38.0639333333333;20.3888333333333;38.0639333333333;10
2019-11-05;19.8337333333333;38.1037;19.8337333333333;38.1037;11
2019-11-12;19.0159333333333;38.0320666666667;19.0159333333333;38.0320666666667;11
2019-11-19;17.8165333333333;38.0527333333333;17.8165333333333;38.0527333333333;11
2019-11-26;16.6183666666667;NA;16.6183666666667;37.6853166666667;11
2019-12-03;17.0486;37.3179;17.0486;37.3179;12
2019-12-10;16.8295;37.8731333333333;16.8295;37.8731333333333;12
2019-12-17;16.2639;37.9717666666667;16.2639;37.9717666666667;12
2020-01-07;15.449;37.866;15.449;37.866;1
2020-01-14;15.1821;37.9308333333333;15.1821;37.9308333333333;1
2020-01-21;14.6685333333333;38.0444;14.6685333333333;38.0444;1
2020-01-28;14.4281;38.0396;14.4281;38.0396;1
2020-02-05;14.3085333333333;38.1083666666667;14.3085333333333;38.1083666666667;2
2020-02-12;14.0289;38.1000666666667;14.0289;38.1000666666667;2
2020-02-17;14.2489;38.0916333333333;14.2489;38.0916333333333;2
2020-02-25;14.2708333333333;38.0941666666667;14.2708333333333;38.0941666666667;2
2020-03-03;13.7834333333333;38.0702333333333;13.7834333333333;38.0702333333333;3
2020-03-10;13.8783;37.9562666666667;13.8783;37.9562666666667;3
2020-04-23;15.4531;37.9692;15.4531;37.9692;4
2020-05-05;17.1572666666667;38.1360666666667;17.1572666666667;38.1360666666667;5
2020-05-14;17.5135666666667;37.7175;17.5135666666667;37.7175;5
2020-05-19;18.7472;37.5295666666667;18.7472;37.5295666666667;5
2020-05-26;20.8870333333333;37.3228333333333;20.8870333333333;37.3228333333333;5
2020-06-02;20.6527666666667;37.68184;20.6527666666667;37.68184;6
2020-06-09;21.0254333333333;37.3484666666667;21.0254333333333;37.3484666666667;6
2020-06-15;NA;NA;21.9178666666667;37.4386333333333;6
2020-06-23;22.8103;37.5288;22.8103;37.5288;6
2020-06-30;24.534;37.56885;24.534;37.56885;6
2020-07-07;25.5964333333333;37.7315666666667;25.5964333333333;37.7315666666667;7
2020-07-15;24.7005666666667;37.7489;24.7005666666667;37.7489;7
2020-07-21;25.7703666666667;37.5798;25.7703666666667;37.5798;7
2020-07-28;26.1335333333333;37.929;26.1335333333333;37.929;7
2020-08-04;26.329;37.7743333333333;26.329;37.7743333333333;8
2020-08-11;26.634;37.7962666666667;26.634;37.7962666666667;8
2020-08-19;26.73;37.9625666666667;26.73;37.9625666666667;8
2020-08-25;26.6028;37.8063333333333;26.6028;37.8063333333333;8
2020-09-01;21.7602;37.9286;21.7602;37.9286;9
2020-09-07;24.7904333333333;38.0281666666667;24.7904333333333;38.0281666666667;9
2020-09-14;24.3718;38.0626333333333;24.3718;38.0626333333333;9
2020-09-22;24.1739;37.9473333333333;24.1739;37.9473333333333;9
2020-09-29;21.5455666666667;37.7100666666667;21.5455666666667;37.7100666666667;9
2020-10-06;19.6827333333333;37.8552666666667;19.6827333333333;37.8552666666667;10
2020-10-13;20.4683;37.7168;20.4683;37.7168;10
2020-10-20;19.7784333333333;37.8692333333333;19.7784333333333;37.8692333333333;10
2020-10-27;19.1432666666667;37.7477666666667;19.1432666666667;37.7477666666667;10
2020-11-03;19.0019666666667;37.8343;19.0019666666667;37.8343;11
2020-11-10;18.7393666666667;37.8338333333333;18.7393666666667;37.8338333333333;11
2020-11-17;18.3554;37.6868333333333;18.3554;37.6868333333333;11
2020-11-24;17.6031;37.9763666666667;17.6031;37.9763666666667;11
2020-12-02;16.4917333333333;38.0004666666667;16.4917333333333;38.0004666666667;12
2020-12-08;16.0802333333333;38.0122333333333;16.0802333333333;38.0122333333333;12
2020-12-15;15.8909333333333;37.9505666666667;15.8909333333333;37.9505666666667;12
2020-12-22;NA;NA;15.4333222222222;37.9482444444444;12
2021-01-05;NA;NA;14.9757111111111;37.9459222222222;1
2021-01-12;14.5181;37.9436;14.5181;37.9436;1
2021-01-19;14.2651;37.9746333333333;14.2651;37.9746333333333;1
2021-01-26;14.1337333333333;38.0405333333333;14.1337333333333;38.0405333333333;1
2021-02-02;14.0590333333333;38.0520333333333;14.0590333333333;38.0520333333333;2
2021-02-09;13.8333333333333;37.9484;13.8333333333333;37.9484;2
2021-02-16;13.5886333333333;37.8676;13.5886333333333;37.8676;2
2021-02-23;13.8843333333333;38.0488333333333;13.8843333333333;38.0488333333333;2
2021-03-02;13.826;37.8779;13.826;37.8779;3
2021-03-09;13.8821;37.9242666666667;13.8821;37.9242666666667;3
2021-03-16;13.9165666666667;38.1123333333333;13.9165666666667;38.1123333333333;3
2021-03-23;13.8968;38.1159666666667;13.8968;38.1159666666667;3
2021-03-30;15.0498333333333;37.9583666666667;15.0498333333333;37.9583666666667;3
2021-04-06;15.2887666666667;38.0401333333333;15.2887666666667;38.0401333333333;4
2021-04-13;14.6701333333333;38.0924666666667;14.6701333333333;38.0924666666667;4
2021-04-20;14.5158;38.0403;14.5158;38.0403;4
2021-04-27;14.9356333333333;38.0499;14.9356333333333;38.0499;4
2021-05-04;15.5702;37.7722666666667;15.5702;37.7722666666667;5
2021-05-11;16.1076666666667;37.9711333333333;16.1076666666667;37.9711333333333;5
2021-05-18;16.3342666666667;37.9219;16.3342666666667;37.9219;5
2021-05-25;16.9614;37.7619;16.9614;37.7619;5
2021-06-01;18.4051666666667;37.7676666666667;18.4051666666667;37.7676666666667;6
2021-06-09;20.0899;37.78805;20.0899;37.78805;6
2021-06-15;23.2091666666667;37.872;23.2091666666667;37.872;6
2021-06-22;24.0247666666667;37.9515;24.0247666666667;37.9515;6
2021-06-29;24.2423666666667;37.7084;24.2423666666667;37.7084;6
2021-07-06;24.2322333333333;37.7845666666667;24.2322333333333;37.7845666666667;7
2021-07-13;24.3949666666667;37.9545333333333;24.3949666666667;37.9545333333333;7
2021-07-20;24.04685;37.75785;24.04685;37.75785;7
2021-07-27;25.60375;37.82475;25.60375;37.82475;7
2021-08-03;23.1350666666667;38.1752666666667;23.1350666666667;38.1752666666667;8
2021-09-07;24.1723;38.2743;24.1723;38.2743;9
2021-09-14;24.3656666666667;38.2998666666667;24.3656666666667;38.2998666666667;9
2021-09-21;23.1722;38.2244666666667;23.1722;38.2244666666667;9
2021-09-28;23.3149333333333;38.2343;23.3149333333333;38.2343;9
2021-10-05;23.0355333333333;38.158;23.0355333333333;38.158;10
2021-10-12;21.8827666666667;38.0984;21.8827666666667;38.0984;10
2021-10-19;20.8136333333333;38.1828;20.8136333333333;38.1828;10
2021-10-26;20.2002666666667;38.1851333333333;20.2002666666667;38.1851333333333;10
2021-11-03;19.1277333333333;38.1010333333333;19.1277333333333;38.1010333333333;11
2021-11-09;18.51615;38.15065;18.51615;38.15065;11
2021-11-23;17.8004666666667;38.1178666666667;17.8004666666667;38.1178666666667;11
2021-12-07;16.3730666666667;38.1405666666667;16.3730666666667;38.1405666666667;12
2021-12-14;15.7168;38.1101;15.7168;38.1101;12
2021-12-21;15.0144;NA;15.0144;38.1098333333333;12
2022-01-11;14.8914666666667;38.1095666666667;14.8914666666667;38.1095666666667;1
2022-01-18;14.5516;38.1169666666667;14.5516;38.1169666666667;1
2022-01-25;14.1875;38.1100333333333;14.1875;38.1100333333333;1
2022-02-01;14.1578;38.1494333333333;14.1578;38.1494333333333;2
2022-02-08;14.1631666666667;38.1551333333333;14.1631666666667;38.1551333333333;2
2022-02-15;13.8841666666667;38.1941333333333;13.8841666666667;38.1941333333333;2
2022-02-22;13.8548;38.1956666666667;13.8548;38.1956666666667;2
2022-03-02;13.7703333333333;38.202;13.7703333333333;38.202;3
2022-03-08;13.709;38.2100333333333;13.709;38.2100333333333;3
2022-03-16;13.6197;38.2283333333333;13.6197;38.2283333333333;3
2022-03-22;13.5022666666667;38.2676;13.5022666666667;38.2676;3
2022-03-30;13.9248666666667;38.2629;13.9248666666667;38.2629;3
2022-04-05;13.7491666666667;38.2647;13.7491666666667;38.2647;4
2022-04-12;13.8295333333333;38.2711666666667;13.8295333333333;38.2711666666667;4
2022-04-19;15.2339;38.1118333333333;15.2339;38.1118333333333;4
2022-04-26;15.1331666666667;38.0405;15.1331666666667;38.0405;4
2022-05-02;15.9686333333333;38.0637666666667;15.9686333333333;38.0637666666667;5
2022-05-10;17.0085666666667;37.8861666666667;17.0085666666667;37.8861666666667;5
2022-05-31;22.3688;36.8821;22.3688;36.8821;5
2022-06-08;22.3629;37.6263;22.3629;37.6263;6
2022-06-14;23.941;37.6138;23.941;37.6138;6
2022-06-21;25.8968;38.0048;25.8968;38.0048;6
2022-06-28;24.2504;37.7547;24.2504;37.7547;6
2022-07-05;26.1648;37.6179;26.1648;37.6179;7
2022-07-12;27.4034;36.9345;27.4034;36.9345;7
2022-07-19;28.4191;36.4545;28.4191;36.4545;7
2022-07-25;28.2932;38.1339;28.2932;38.1339;7
2022-08-02;27.6027;35.7957;27.6027;35.7957;8
2022-08-09;27.7139;38.3363;27.7139;38.3363;8
2022-08-16;26.9643;38.3492;26.9643;38.3492;8
2022-08-23;27.2539;37.6556;27.2539;37.6556;8
2022-08-30;27.057;37.8153;27.057;37.8153;8
2022-09-06;26.4938;38.2927;26.4938;38.2927;9
2022-09-13;25.6858;38.1724;25.6858;38.1724;9
2022-09-20;24.8228;38.161;24.8228;38.161;9
2022-09-28;22.689;38.2063;22.689;38.2063;9
2022-10-04;21.9501;38.0368;21.9501;38.0368;10
2022-10-11;21.8427;38.2029;21.8427;38.2029;10
2022-10-25;NA;NA;21.352425;38.217;10
2022-11-02;NA;NA;20.86215;38.2311;11
2022-11-08;NA;NA;20.371875;38.2452;11
2022-11-16;19.8816;38.2593;19.8816;38.2593;11
2022-11-22;19.3278;38.3198;19.3278;38.3198;11
2022-11-23;18.1219;38.238;18.1219;38.238;11
2022-12-06;17.5606;38.2307;17.5606;38.2307;12
2022-12-13;16.9046;38.1839;16.9046;38.1839;12
2022-12-20;16.6349;38.148;16.6349;38.148;12
