"datetime";"PROF_NUM";"T";"S";"O";"oxy_umol_kg";"year";"month";"year.month"
2002-01-09 09:00:00;"50";14.038;38.167;4.05;175.83891630691;"2002";"01";"2002-01"
2002-01-16 09:00:00;"50";13.867;38.192;5.39;234.004911235706;"2002";"01";"2002-01"
2002-01-23 09:00:00;"50";13.625;38.195;5.22;226.612494352542;"2002";"01";"2002-01"
2002-01-30 09:00:00;"50";13.57;38.176;5.38;233.559157639163;"2002";"01";"2002-01"
2002-02-07 09:00:00;"50";13.382;38.09;5.54;240.51144399904;"2002";"02";"2002-02"
2002-02-13 09:00:00;"50";13.363;38.072;5.71;247.894158707505;"2002";"02";"2002-02"
2002-02-20 09:00:00;"50";13.387;38.097;5.69;247.022436249893;"2002";"02";"2002-02"
2002-02-27 09:00:00;"50";13.3505300306806;38.0995;5.7;247.454257849599;"2002";"02";"2002-02"
2002-03-01 09:00:00;"50";13.31;38.102;5.71;247.885868867895;"2002";"03";"2002-03"
2002-03-08 09:00:00;"50";13.24;38.039;5.65;245.28926649993;"2002";"03";"2002-03"
2002-03-13 09:00:00;"50";13.4324073931552;38.03025;5.9;256.154527107208;"2002";"03";"2002-03"
2002-03-20 09:00:00;"50";13.5677441409954;38.0215;5.79;251.387419240136;"2002";"03";"2002-03"
2002-03-27 09:00:00;"50";13.6606120829988;38.01275;5.79;251.393901590724;"2002";"03";"2002-03"
2002-04-04 09:00:00;"50";13.788;38.004;5.75;249.66540587946;"2002";"04";"2002-04"
2002-04-10 09:00:00;"50";13.836;37.979;5.7;247.501537734059;"2002";"04";"2002-04"
2002-04-18 09:00:00;"50";13.726;38;5.81;252.268117686922;"2002";"04";"2002-04"
2002-04-24 09:00:00;"50";13.731;38;5.76;250.097395312813;"2002";"04";"2002-04"
2002-04-30 09:00:00;"50";14.555;37.952;6.01;261.007195788942;"2002";"04";"2002-04"
2002-05-07 09:00:00;"50";15.68;37.838;5.86;254.577621098628;"2002";"05";"2002-05"
2002-05-15 09:00:00;"50";14.28;37.983;5.69;247.089685247543;"2002";"05";"2002-05"
2002-05-22 09:00:00;"50";14.329;38.007;5.94;257.944031643032;"2002";"05";"2002-05"
2002-05-28 09:00:00;"50";14.648;37.966;5.98;259.706800894002;"2002";"05";"2002-05"
2002-06-05 09:00:00;"50";15.408;37.955;6.05;262.792789820858;"2002";"06";"2002-06"
2002-06-12 09:00:00;"50";15.66;37.887;5.99;260.214514184712;"2002";"06";"2002-06"
2002-06-19 09:00:00;"50";14.665;37.904;5.93;257.54828673024;"2002";"06";"2002-06"
2002-06-26 09:00:00;"50";14.864;37.86;6.06;263.214425922625;"2002";"06";"2002-06"
2002-07-02 09:00:00;"50";14.925;37.902;5.95;258.431886426324;"2002";"07";"2002-07"
2002-07-10 09:00:00;"50";14.835;37.882;5.7;247.572271565215;"2002";"07";"2002-07"
2002-07-18 09:00:00;"50";15.241;37.863;5.9;256.285475159516;"2002";"07";"2002-07"
2002-07-24 09:00:00;"50";15.447;37.827;6.16;267.598867056156;"2002";"07";"2002-07"
2002-07-31 09:00:00;"50";14.364;37.924;5.79;251.447866538413;"2002";"07";"2002-07"
2002-08-07 09:00:00;"50";16.16;37.739;6;260.70739585125;"2002";"08";"2002-08"
2002-08-14 09:00:00;"50";14.963;37.884;5.64;244.972712913659;"2002";"08";"2002-08"
2002-08-21 09:00:00;"50";15.77;37.818;5.95;258.496629900216;"2002";"08";"2002-08"
2002-08-28 09:00:00;"50";15.012;37.845;5.74;249.326176078123;"2002";"08";"2002-08"
2002-09-04 09:00:00;"50";15.777;38.166;5.98;259.732594299658;"2002";"09";"2002-09"
2002-09-11 09:00:00;"50";16.157;38.025;5.95;258.479255863922;"2002";"09";"2002-09"
2002-09-19 09:00:00;"50";16.846;37.948;6.11;265.48769954266;"2002";"09";"2002-09"
2002-09-26 09:00:00;"50";16.18;37.871;6.04;262.420688774681;"2002";"09";"2002-09"
2002-10-02 09:00:00;"50";15.605;37.794;5.65;245.45850391497;"2002";"10";"2002-10"
2002-10-09 09:00:00;"50";16.976;37.769;5.74;249.451740527613;"2002";"10";"2002-10"
2002-10-16 09:00:00;"50";17.632;37.858;5.49;238.60858500032;"2002";"10";"2002-10"
2002-10-25 09:00:00;"50";19.63;37.732;5.28;229.617553526851;"2002";"10";"2002-10"
2002-10-30 09:00:00;"50";18.606;37.735;5.28;229.557418324276;"2002";"10";"2002-10"
2002-11-06 09:00:00;"50";18.117;37.819;5.17;224.733692859438;"2002";"11";"2002-11"
2002-11-13 09:00:00;"50";17.863;37.84;5.16;224.281565259742;"2002";"11";"2002-11"
2002-11-20 09:00:00;"50";17.647;37.736;5.15;223.852583724698;"2002";"11";"2002-11"
2002-11-27 09:00:00;"50";17.53;37.711;5.04;219.069185323907;"2002";"11";"2002-11"
2002-12-04 09:00:00;"50";17.365;37.821;5.09;221.215549925812;"2002";"12";"2002-12"
2002-12-13 09:00:00;"50";15.953;37.849;5.37;233.302876587795;"2002";"12";"2002-12"
2002-12-18 09:00:00;"50";15.834;37.863;5.37;233.294137379615;"2002";"12";"2002-12"
2002-12-23 09:00:00;"50";15.648;37.914;5.29;229.800199036643;"2002";"12";"2002-12"
2002-12-30 09:00:00;"50";15.451;37.862;5.37;233.274261953377;"2002";"12";"2002-12"
2003-01-09 09:00:00;"50";14.93;37.943;5.39;234.101930219854;"2003";"01";"2003-01"
2003-01-15 09:00:00;"50";14.527;37.925;5.4;234.518966736095;"2003";"01";"2003-01"
2003-01-23 09:00:00;"50";14.086;37.88;5.56;241.453201027941;"2003";"01";"2003-01"
2003-01-30 09:00:00;"50";13.93;37.919;5.44;236.227305756655;"2003";"01";"2003-01"
2003-02-05 09:00:00;"50";13.583;37.978;5.52;239.673299092752;"2003";"02";"2003-02"
2003-02-12 09:00:00;"50";13.454;37.983;5.58;242.271100293187;"2003";"02";"2003-02"
2003-02-19 09:00:00;"50";13.244;38.117;5.43;235.724508410492;"2003";"02";"2003-02"
2003-02-28 09:00:00;"50";13.111;38.124;5.48;237.887408668154;"2003";"02";"2003-02"
2003-03-05 09:00:00;"50";13.152;38.114;5.54;240.495825510654;"2003";"03";"2003-03"
2003-03-12 09:00:00;"50";13.192;38.128;5.6;243.099879479522;"2003";"03";"2003-03"
2003-03-19 09:00:00;"50";13.325;38.143;5.69;247.010739061759;"2003";"03";"2003-03"
2003-03-26 09:00:00;"50";13.451;38.136;5.69;247.01841777644;"2003";"03";"2003-03"
2003-04-02 09:00:00;"50";13.569;38.13;5.68;246.591397506615;"2003";"04";"2003-04"
2003-04-10 09:00:00;"50";13.473;38.118;5.67;246.154615025351;"2003";"04";"2003-04"
2003-04-16 09:00:00;"50";13.618;38.046;5.8;251.819559837319;"2003";"04";"2003-04"
2003-04-24 09:00:00;"50";13.632;38.079;5.7;247.472407738729;"2003";"04";"2003-04"
2003-04-30 09:00:00;"50";14.499;37.944;5.88;255.359914625241;"2003";"04";"2003-04"
2003-05-07 09:00:00;"50";16.351;37.87;5.76;250.265513552348;"2003";"05";"2003-05"
2003-05-14 09:00:00;"50";14.146;38.055;5.78;250.977229757597;"2003";"05";"2003-05"
2003-05-21 09:00:00;"50";14.145;38.039;5.79;251.414420149803;"2003";"05";"2003-05"
2003-05-27 09:00:00;"50";14.303;38.057;5.82;252.722136443654;"2003";"05";"2003-05"
2003-06-04 09:00:00;"50";14.151;38.057;5.79;251.411333983739;"2003";"06";"2003-06"
2003-06-11 09:00:00;"50";14.186;38.052;5.9;256.190577359267;"2003";"06";"2003-06"
2003-06-18 09:00:00;"50";14.428;38.002;6.01;260.990274204341;"2003";"06";"2003-06"
2003-06-25 09:00:00;"50";14.287;38.027;6.12;265.754142934653;"2003";"06";"2003-06"
2003-07-04 09:00:00;"50";14.283;38.05;6.16;267.486242495706;"2003";"07";"2003-07"
2003-07-09 09:00:00;"50";14.367;38.053;5.86;254.4632960972;"2003";"07";"2003-07"
2003-07-16 09:00:00;"50";14.897;38.026;5.96;258.840530916853;"2003";"07";"2003-07"
2003-07-23 09:00:00;"50";14.473;38.05;5.83;253.166895727062;"2003";"07";"2003-07"
2003-07-30 09:00:00;"50";14.372;38.075;5.83;253.156664414015;"2003";"07";"2003-07"
2003-08-06 09:00:00;"50";14.715;38.053;5.82;252.745257791546;"2003";"08";"2003-08"
2003-08-13 09:00:00;"50";15.242;38.001;5.74;249.309585413346;"2003";"08";"2003-08"
2003-08-20 09:00:00;"50";15.274;37.978;5.835;253.441959617881;"2003";"08";"2003-08"
2003-08-27 09:00:00;"50";14.99;37.991;5.93;257.549647485888;"2003";"08";"2003-08"
2003-09-03 09:00:00;"50";14.978;38.016;6.13;266.230277599834;"2003";"09";"2003-09"
2003-09-10 09:00:00;"50";14.922;38.016;6.09;264.489811420593;"2003";"09";"2003-09"
2003-09-18 09:00:00;"50";15.064;38.005;6.13;266.237496076521;"2003";"09";"2003-09"
2003-09-23 09:00:00;"50";15.574;37.996;6.22;270.178751543463;"2003";"09";"2003-09"
2003-09-30 09:00:00;"50";16.166;37.927;6.05;262.84328763277;"2003";"09";"2003-09"
2003-10-09 09:00:00;"50";16.149;38.011;5.82;252.833998970018;"2003";"10";"2003-10"
2003-10-14 09:00:00;"50";15.804;37.992;5.88;255.424123157002;"2003";"10";"2003-10"
2003-10-22 09:00:00;"50";17.095;38.137;5.54;240.700550626724;"2003";"10";"2003-10"
2003-10-28 09:00:00;"50";17.841;38.169;5.56;241.607064460217;"2003";"10";"2003-10"
2003-11-04 09:00:00;"50";17.112;38.039;5.41;235.070519913293;"2003";"11";"2003-11"
2003-11-12 09:00:00;"50";16.859;38.067;5.41;235.051546990823;"2003";"11";"2003-11"
2003-11-18 09:00:00;"50";16.693;38.071;5.32;231.131573865111;"2003";"11";"2003-11"
2003-11-25 09:00:00;"50";16.804;38.026;5.41;235.055721609113;"2003";"11";"2003-11"
2003-12-05 09:00:00;"50";16.555;37.973;5.4;234.616901546113;"2003";"12";"2003-12"
2003-12-08 09:00:00;"50";16.509;37.994;5.36;232.872848669704;"2003";"12";"2003-12"
2003-12-17 09:00:00;"50";16.045;37.996;5.36;232.847638320482;"2003";"12";"2003-12"
2003-12-22 09:00:00;"50";15.738;38.02;5.38666666666667;233.985581857106;"2003";"12";"2003-12"
2003-12-29 09:00:00;"50";14.989;38.083;5.41333333333333;235.093667207085;"2003";"12";"2003-12"
2004-01-06 09:00:00;"50";14.717;38.043;5.44;236.244867921289;"2004";"01";"2004-01"
2004-01-16 09:00:00;"50";14.328;38.052;5.57;241.868572361273;"2004";"01";"2004-01"
2004-01-20 09:00:00;"50";14.07;38.064;5.74;249.234674742964;"2004";"01";"2004-01"
2004-01-30 09:00:00;"50";13.718;38.072;5.57;241.833887196687;"2004";"01";"2004-01"
2004-02-03 09:00:00;"50";13.606;38.104;5.515;239.434611389247;"2004";"02";"2004-02"
2004-02-10 09:00:00;"50";13.375;38.13;5.46;237.030868402954;"2004";"02";"2004-02"
2004-02-17 09:00:00;"50";13.395;38.106;5.6;243.113976405673;"2004";"02";"2004-02"
2004-02-25 09:00:00;"50";13.343;38.124;5.53;240.069239973965;"2004";"02";"2004-02"
2004-03-02 09:00:00;"50";13.154;38.13;5.53;240.058918280471;"2004";"03";"2004-03"
2004-03-09 09:00:00;"50";13.036;38.143;5.585;242.438323425579;"2004";"03";"2004-03"
2004-03-17 09:00:00;"50";13.017;38.118;5.64;244.829488704078;"2004";"03";"2004-03"
2004-03-22 09:00:00;"50";13.142;38.041;5.52;239.640316528099;"2004";"03";"2004-03"
2004-03-31 09:00:00;"50";13.174;38.124;5.52;239.626871424773;"2004";"03";"2004-03"
2004-04-06 09:00:00;"50";13.223;37.991;5.72;248.336378399842;"2004";"04";"2004-04"
2004-04-14 09:00:00;"50";13.348;38.024;5.72;248.336522871673;"2004";"04";"2004-04"
2004-04-21 09:00:00;"50";13.49;38.08;5.74;249.201567884837;"2004";"04";"2004-04"
2004-04-28 09:00:00;"50";13.639;38.063;5.8;251.817428886225;"2004";"04";"2004-04"
2004-05-04 09:00:00;"50";14.379;37.968;5.71;247.966217455174;"2004";"05";"2004-05"
2004-05-11 09:00:00;"50";14.389;38.021;5.71;247.956862971678;"2004";"05";"2004-05"
2004-05-18 09:00:00;"50";14.42;38.012;5.69;247.091672378885;"2004";"05";"2004-05"
2004-05-25 09:00:00;"50";14.325;38.065;5.72;248.379501115536;"2004";"05";"2004-05"
2004-06-01 09:00:00;"50";14.405;38.097;5.75;249.68044645321;"2004";"06";"2004-06"
2004-06-08 09:00:00;"50";14.588;38.09;5.78;250.994309589547;"2004";"06";"2004-06"
2004-06-15 09:00:00;"50";14.992;38.072;5.81;252.322608875398;"2004";"06";"2004-06"
2004-06-22 09:00:00;"50";14.024;38.102;5.94;257.908933907464;"2004";"06";"2004-06"
2004-06-29 09:00:00;"50";14.558;38.064;5.83;253.168853457031;"2004";"06";"2004-06"
2004-07-06 09:00:00;"50";14.823;38.07;5.89;255.787877948555;"2004";"07";"2004-07"
2004-07-13 09:00:00;"50";14.7694132167415;38.0695;5.96;258.82488491749;"2004";"07";"2004-07"
2004-07-20 09:00:00;"50";14.9850254998269;38.069;6.03;261.877183456542;"2004";"07";"2004-07"
2004-07-27 09:00:00;"50";14.9929359365374;38.0685;5.88;255.363363978027;"2004";"07";"2004-07"
2004-08-03 09:00:00;"50";15.03;38.068;6.02;261.445666452354;"2004";"08";"2004-08"
2004-08-10 09:00:00;"50";15.333;37.988;6.08;264.08495251903;"2004";"08";"2004-08"
2004-08-17 09:00:00;"50";14.987;37.995;5.9;256.245760011035;"2004";"08";"2004-08"
2004-08-24 09:00:00;"50";14.217;38.084;5.83;253.146597282899;"2004";"08";"2004-08"
2004-08-31 09:00:00;"50";14.494;38.046;5.81;252.3002940578;"2004";"08";"2004-08"
2004-09-07 09:00:00;"50";15.347;38.057;6.09;264.506426008724;"2004";"09";"2004-09"
2004-09-14 09:00:00;"50";14.997;38.099;6.11;265.346224485154;"2004";"09";"2004-09"
2004-09-21 09:00:00;"50";15.565;38.161;6.08;264.064336190315;"2004";"09";"2004-09"
2004-09-28 09:00:00;"50";14.635;38.07;5.86;254.474684879482;"2004";"09";"2004-09"
2004-10-05 09:00:00;"50";15.613;38.104;6.22;270.159225883433;"2004";"10";"2004-10"
2004-10-12 09:00:00;"50";15.5587250171097;38.093;6.26;271.895518183;"2004";"10";"2004-10"
2004-10-20 09:00:00;"50";16.057;38.082;5.89333333333333;256.000757647543;"2004";"10";"2004-10"
2004-10-27 09:00:00;"50";19.0683870388256;38.1595;5.52666666666667;240.23360589998;"2004";"10";"2004-10"
2004-11-02 09:00:00;"50";19.819;38.237;5.16;224.325615705364;"2004";"11";"2004-11"
2004-11-09 09:00:00;"50";19.442;38.156;5.07;220.404777666655;"2004";"11";"2004-11"
2004-11-16 09:00:00;"50";18.0516046730795;38.1625;5.32;231.19100848267;"2004";"11";"2004-11"
2004-11-23 09:00:00;"50";16.709;38.169;5.31;230.681057793016;"2004";"11";"2004-11"
2004-11-30 09:00:00;"50";17.231;38.194;5.38;233.746509529011;"2004";"11";"2004-11"
2004-12-07 09:00:00;"50";16.451;38.15;5.69;247.177967434905;"2004";"12";"2004-12"
2004-12-14 09:00:00;"50";16.174;38.147;5.39;234.1313052588;"2004";"12";"2004-12"
2004-12-21 09:00:00;"50";15.915;38.142;5.4;234.552694388358;"2004";"12";"2004-12"
2004-12-28 09:00:00;"50";15.449;38.097;5.405;234.753165534784;"2004";"12";"2004-12"
2005-01-04 09:00:00;"50";15.056;38.101;5.41;234.949181661547;"2005";"01";"2005-01"
2005-01-11 09:00:00;"50";14.804;38.061;5.51;239.286063704749;"2005";"01";"2005-01"
2005-01-21 09:00:00;"50";14.39;38.059;5.64;244.910164544812;"2005";"01";"2005-01"
2005-01-25 09:00:00;"50";13.9236859062289;38.108;5.73;248.784575143155;"2005";"01";"2005-01"
2005-02-01 09:00:00;"50";13.48;38.157;5.49;238.333521352168;"2005";"02";"2005-02"
2005-02-08 09:00:00;"50";13.295;38.169;5.52;239.624640452314;"2005";"02";"2005-02"
2005-02-15 09:00:00;"50";13.227;38.197;5.52;239.616261918849;"2005";"02";"2005-02"
2005-02-23 09:00:00;"50";13.161;38.241;5.49;238.302896895588;"2005";"02";"2005-02"
2005-03-01 09:00:00;"50";12.992;38.26;5.48;237.857292785281;"2005";"03";"2005-03"
2005-03-07 09:00:00;"50";12.809;38.24;5.48;237.85215081724;"2005";"03";"2005-03"
2005-03-15 09:00:00;"50";12.835;38.256;5.43;235.680345949689;"2005";"03";"2005-03"
2005-03-22 09:00:00;"50";12.827;38.265;5.41;234.810307921018;"2005";"03";"2005-03"
2005-03-29 09:00:00;"50";13.417;38.256;5.62;243.955760105501;"2005";"03";"2005-03"
2005-04-05 09:00:00;"50";13.743;38.179;5.9;256.142257131638;"2005";"04";"2005-04"
2005-04-12 09:00:00;"50";13.566;38.181;5.77;250.488875400243;"2005";"04";"2005-04"
2005-04-19 09:00:00;"50";13.483;38.188;5.75;249.615042033825;"2005";"04";"2005-04"
2005-04-26 09:00:00;"50";13.851;38.155;5.73;248.771986727227;"2005";"04";"2005-04"
2005-05-03 09:00:00;"50";14.164;38.115;5.71;247.927464244612;"2005";"05";"2005-05"
2005-05-10 09:00:00;"50";14.516;38.04;5.62;244.051763645591;"2005";"05";"2005-05"
2005-05-17 09:00:00;"50";14.69;38.167;5.73;248.814159990605;"2005";"05";"2005-05"
2005-05-24 09:00:00;"50";14.658;38.106;5.76;250.12658785027;"2005";"05";"2005-05"
2005-05-31 09:00:00;"50";14.406;38.159;5.75;249.668858475066;"2005";"05";"2005-05"
2005-06-07 09:00:00;"50";14.399;38.188;5.67;246.189466795419;"2005";"06";"2005-06"
2005-06-15 09:00:00;"50";15.067;38.188;5.77;250.567742187792;"2005";"06";"2005-06"
2005-06-21 09:00:00;"50";15.1472079113769;38.196;5.8;251.873457108454;"2005";"06";"2005-06"
2005-06-28 09:00:00;"50";14.93;38.204;5.61;243.609343189976;"2005";"06";"2005-06"
2005-07-06 09:00:00;"50";14.097;38.23;5.29;229.667987259107;"2005";"07";"2005-07"
2005-07-12 09:00:00;"50";14.063;38.234;5.43;235.743754409338;"2005";"07";"2005-07"
2005-07-19 09:00:00;"50";14.33;38.215;5.49;238.365572790378;"2005";"07";"2005-07"
2005-07-26 09:00:00;"50";15.218;38.17;6;260.56790961365;"2005";"07";"2005-07"
2005-08-02 09:00:00;"50";15.717;38.162;5.87;254.952215413905;"2005";"08";"2005-08"
2005-08-09 09:00:00;"50";14.442;38.16;5.67;246.196917823882;"2005";"08";"2005-08"
2005-08-16 09:00:00;"50";16.093;38.13;6.1;264.970807898074;"2005";"08";"2005-08"
2005-08-23 09:00:00;"50";15.397;38.123;5.88;255.375704723883;"2005";"08";"2005-08"
2005-08-30 09:00:00;"50";15.552;38.129;5.89;255.817721662974;"2005";"08";"2005-08"
2005-09-06 09:00:00;"50";14.562;38.155;5.68;246.63841364916;"2005";"09";"2005-09"
2005-09-13 09:00:00;"50";15.033;38.16;5.79;251.439670128672;"2005";"09";"2005-09"
2005-09-20 09:00:00;"50";17.15;38.169;5.66;245.911608624469;"2005";"09";"2005-09"
2005-09-27 09:00:00;"50";15.125;38.136;5.71;247.975033360069;"2005";"09";"2005-09"
2005-10-04 09:00:00;"50";15.699;38.066;6.02;261.484943567325;"2005";"10";"2005-10"
2005-10-11 09:00:00;"50";19.855;38.325;5.21;226.486603107192;"2005";"10";"2005-10"
2005-10-18 09:00:00;"50";20.143;38.383;5.11;222.146602829685;"2005";"10";"2005-10"
2005-10-25 09:00:00;"50";19.187;38.323;5.23;227.317239861084;"2005";"10";"2005-10"
2005-11-02 09:00:00;"50";19.644;38.33;5.1;221.691770046401;"2005";"11";"2005-11"
2005-11-08 09:00:00;"50";19.575;38.284;5.11;222.130106240014;"2005";"11";"2005-11"
2005-11-15 09:00:00;"50";19.193;38.242;5.13;222.984626544904;"2005";"11";"2005-11"
2005-11-23 09:00:00;"50";18.136;38.233;5.33;231.618192445396;"2005";"11";"2005-11"
2005-11-29 09:00:00;"50";16.956;38.263;5.39;234.153610087492;"2005";"11";"2005-11"
2005-12-06 09:00:00;"50";16.483;38.223;5.37;233.265902041423;"2005";"12";"2005-12"
2005-12-13 09:00:00;"50";15.436;38.186;5.35;232.348181145503;"2005";"12";"2005-12"
2005-12-20 09:00:00;"50";14.72;38.12;5.48;237.968345913415;"2005";"12";"2005-12"
2005-12-27 09:00:00;"50";14.145;38.151;5.43;235.762565458622;"2005";"12";"2005-12"
2006-01-04 09:00:00;"50";13.955;38.195;5.58;242.257615079594;"2006";"01";"2006-01"
2006-01-10 09:00:00;"50";13.668;38.213;5.48;237.898601526113;"2006";"01";"2006-01"
2006-01-17 09:00:00;"50";13.315;38.206;5.46;237.014381640629;"2006";"01";"2006-01"
2006-01-24 09:00:00;"50";13.23;38.201;5.56;241.352031087777;"2006";"01";"2006-01"
2006-01-31 09:00:00;"50";12.89;38.172;5.49;238.302276942607;"2006";"01";"2006-01"
2006-02-07 09:00:00;"50";12.793;38.132;5.66;245.684052950578;"2006";"02";"2006-02"
2006-02-14 09:00:00;"50";12.786;38.186;5.55;240.899119969382;"2006";"02";"2006-02"
2006-02-23 09:00:00;"50";12.75;38.253;5.44;236.110908162971;"2006";"02";"2006-02"
2006-02-28 09:00:00;"50";12.744;38.245;5.44;236.11205170989;"2006";"02";"2006-02"
2006-03-07 09:00:00;"50";12.793;38.293;5.46;236.973841085203;"2006";"03";"2006-03"
2006-03-14 09:00:00;"50";12.694;38.294;5.65;245.215161770205;"2006";"03";"2006-03"
2006-03-21 09:00:00;"50";12.45;38.185;5.86;254.338026643472;"2006";"03";"2006-03"
2006-03-30 09:00:00;"50";12.593;38.205;5.67;246.09478827444;"2006";"03";"2006-03"
2006-04-04 09:00:00;"50";12.747;38.145;5.84;253.492516498974;"2006";"04";"2006-04"
2006-04-11 09:00:00;"50";12.959;38.188;5.84;253.495039831205;"2006";"04";"2006-04"
2006-04-18 09:00:00;"50";13.47;38.197;5.82;252.651444626468;"2006";"04";"2006-04"
2006-04-25 09:00:00;"50";13.604;38.188;5.79;251.357769795855;"2006";"04";"2006-04"
2006-05-02 09:00:00;"50";13.846;38.235;5.81;252.22978585804;"2006";"05";"2006-05"
2006-05-10 09:00:00;"50";13.939;38.242;5.81;252.233372213208;"2006";"05";"2006-05"
2006-05-16 09:00:00;"50";13.998;38.242;5.81;252.236500981918;"2006";"05";"2006-05"
2006-05-23 09:00:00;"50";15.15;38.199;5.87;254.912892002142;"2006";"05";"2006-05"
2006-05-31 09:00:00;"50";13.766;38.25;5.58;242.238003515312;"2006";"05";"2006-05"
2006-06-06 09:00:00;"50";14.043;38.233;5.65;245.294216293577;"2006";"06";"2006-06"
2006-06-13 09:00:00;"50";13.82;38.241;5.63;244.413005462713;"2006";"06";"2006-06"
2006-06-20 09:00:00;"50";14.844;38.219;5.68;246.641621196875;"2006";"06";"2006-06"
2006-06-27 09:00:00;"50";14.891;38.208;5.72833333333333;248.744997151486;"2006";"06";"2006-06"
2006-07-06 09:00:00;"50";14.481;38.205;5.77666666666667;250.822099717867;"2006";"07";"2006-07"
2006-07-12 09:00:00;"50";14.929;38.201;5.825;252.946044846723;"2006";"07";"2006-07"
2006-07-18 09:00:00;"50";15.355;38.208;5.87333333333333;255.067507033049;"2006";"07";"2006-07"
2006-07-25 09:00:00;"50";14.809;38.207;5.92166666666667;257.135827634942;"2006";"07";"2006-07"
2006-08-01 09:00:00;"50";15.353;38.194;5.97;259.268162257747;"2006";"08";"2006-08"
2006-08-07 09:00:00;"50";14.566;38.201;5.97866666666667;259.598440336414;"2006";"08";"2006-08"
2006-08-16 09:00:00;"50";15.168;38.18;5.98733333333333;260.012996879726;"2006";"08";"2006-08"
2006-08-22 09:00:00;"50";16.067;38.194;5.996;260.439232814744;"2006";"08";"2006-08"
2006-08-30 09:00:00;"50";14.38;38.179;6.00466666666667;260.721284448743;"2006";"08";"2006-08"
2006-09-05 09:00:00;"50";14.419;38.19;6.01333333333333;261.097608287476;"2006";"09";"2006-09"
2006-09-12 09:00:00;"50";15.079;38.191;6.022;261.511183109425;"2006";"09";"2006-09"
2006-09-19 09:00:00;"50";15.794;38.194;6.03066666666667;261.928734653461;"2006";"09";"2006-09"
2006-09-26 09:00:00;"50";17.441;38.2315;6.03933333333333;262.398604754359;"2006";"09";"2006-09"
2006-10-03 09:00:00;"50";17.44;38.269;6.048;262.767728412658;"2006";"10";"2006-10"
2006-10-11 09:00:00;"50";20.398;38.27;6.05666666666667;263.340799920365;"2006";"10";"2006-10"
2006-10-17 09:00:00;"50";20.765;38.303;6.06533333333333;263.736919322203;"2006";"10";"2006-10"
2006-10-24 09:00:00;"50";20.57;38.302;6.074;264.100219199519;"2006";"10";"2006-10"
2006-10-31 09:00:00;"50";20.54;38.27;6.08266666666667;264.481229542482;"2006";"10";"2006-10"
2006-11-07 09:00:00;"50";19.674;38.291;6.09133333333333;264.793756239309;"2006";"11";"2006-11"
2006-11-14 09:00:00;"50";19.408;38.295;6.1;265.151527579906;"2006";"11";"2006-11"
2006-11-21 09:00:00;"50";18.999;38.259;5.38;233.836833363885;"2006";"11";"2006-11"
2006-11-28 09:00:00;"50";18.526;38.188;5.4;234.690637502939;"2006";"11";"2006-11"
2006-12-05 09:00:00;"50";17.79;38.175;5.4;234.650378727774;"2006";"12";"2006-12"
2006-12-12 09:00:00;"50";17.525;38.071;5.41;235.088105864907;"2006";"12";"2006-12"
2006-12-19 09:00:00;"50";17.116;38.115;5.4;234.622895141725;"2006";"12";"2006-12"
2006-12-26 09:00:00;"50";16.2921697364618;38.1435;5.515;239.568204324659;"2006";"12";"2006-12"
2007-01-09 09:56:34;"50";15.495;38.172;5.63;244.514250535302;"2007";"01";"2007-01"
2007-01-16 10:07:38;"50";15.458;38.217;5.6;243.201109874254;"2007";"01";"2007-01"
2007-01-23 09:10:45;"50";15.442;38.245;5.61;243.629408338238;"2007";"01";"2007-01"
2007-01-30 09:35:25;"50";14.961;38.183;5.73;248.825851202447;"2007";"01";"2007-01"
2007-02-06 10:01:17;"50";14.761;38.177;5.788;251.334678662179;"2007";"02";"2007-02"
2007-02-13 09:15:28;"50";14.509;38.148;5.846;253.844949567196;"2007";"02";"2007-02"
2007-02-20 09:46:54;"50";14.286;38.113;5.904;256.357945393021;"2007";"02";"2007-02"
2007-02-27 09:34:42;"50";14.181;38.128;5.962;258.867672044387;"2007";"02";"2007-02"
2007-03-06 09:15:39;"50";14.385;38.067;6.02;261.409351896747;"2007";"03";"2007-03"
2007-03-13 10:07:48;"50";14.34;38.034;5.835;253.379863168305;"2007";"03";"2007-03"
2007-03-20 09:14:52;"50";14.143;38.14;5.65;245.316566581732;"2007";"03";"2007-03"
2007-03-27 06:30:00;"50";13.983;38.091;5.75;249.659235863021;"2007";"03";"2007-03"
2007-04-03 06:30:00;"50";13.98;38.088;5.85;254.001549103888;"2007";"04";"2007-04"
2007-04-10 09:00:00;"50";14.5674548178181;38.0575;5.82;252.736350922967;"2007";"04";"2007-04"
2007-04-17 06:50:00;"50";15.009;38.027;5.79;251.463464165042;"2007";"04";"2007-04"
2007-04-24 06:50:00;"50";14.847;38.019;5.82;252.758959563776;"2007";"04";"2007-04"
2007-05-02 08:07:45;"50";14.654;38.071;5.66;245.790365919287;"2007";"05";"2007-05"
2007-05-09 07:52:31;"50";15.1;37.978;5.77;250.609078628312;"2007";"05";"2007-05"
2007-05-15 07:41:09;"50";15.051;37.879;5.9;256.271679702159;"2007";"05";"2007-05"
2007-05-22 08:12:19;"50";14.823;37.977;5.7;247.553954217232;"2007";"05";"2007-05"
2007-05-30 07:07:34;"50";14.768;37.994;5.57;241.902007165801;"2007";"05";"2007-05"
2007-06-05 07:10:13;"50";15.698;37.916;5.09;221.114253893615;"2007";"06";"2007-06"
2007-06-12 06:29:33;"50";14.811;37.978;5.88;255.370589551392;"2007";"06";"2007-06"
2007-06-19 07:09:41;"50";16.019;37.886;6;260.670287553936;"2007";"06";"2007-06"
2007-06-27 07:03:36;"50";15.002;37.997;5.62;244.085379236885;"2007";"06";"2007-06"
2007-07-03 06:53:50;"50";15.686;37.953;5.62;244.130504386061;"2007";"07";"2007-07"
2007-07-10 07:41:13;"50";14.616;38.005;5.35;232.337970096264;"2007";"07";"2007-07"
2007-07-17 07:39:58;"50";15.175;37.931;5.45;236.722744079425;"2007";"07";"2007-07"
2007-07-24 07:45:50;"50";15.83;37.922;5.58;242.406428244983;"2007";"07";"2007-07"
2007-07-31 07:57:26;"50";16.67;37.903;5.57;242.022153734993;"2007";"07";"2007-07"
2007-08-07 07:23:01;"50";16.134;37.899;5.54;240.689537343766;"2007";"08";"2007-08"
2007-08-14 07:43:17;"50";15.171;37.916;5.35;232.381619854075;"2007";"08";"2007-08"
2007-08-22 07:56:56;"50";15.445;37.859;5.43;235.880894123703;"2007";"08";"2007-08"
2007-08-28 07:31:00;"50";15.354;37.864;5.43;235.875237591194;"2007";"08";"2007-08"
2007-09-04 08:01:00;"50";16.491665164928;37.8605;5.45;236.805746874226;"2007";"09";"2007-09"
2007-09-11 08:00:00;"50";16.831;37.857;5.49;238.56327249571;"2007";"09";"2007-09"
2007-09-18 07:44:00;"50";16.593;37.869;5.53;240.285918690161;"2007";"09";"2007-09"
2007-09-25 07:39:00;"50";15.699;37.899;5.41;235.018395946484;"2007";"09";"2007-09"
2007-10-02 07:27:00;"50";18.051;37.928;5.21;226.450351314163;"2007";"10";"2007-10"
2007-10-09 07:03:00;"50";15.868;37.859;5.38;233.731075840215;"2007";"10";"2007-10"
2007-10-16 07:44:00;"50";18.236;37.926;5.34;232.111645212109;"2007";"10";"2007-10"
2007-10-23 07:40:00;"50";18.475;38.073;5.16;224.276332490126;"2007";"10";"2007-10"
2007-10-30 08:49:00;"50";18.236;38.078;5.11;222.089131616939;"2007";"10";"2007-10"
2007-11-06 08:03:00;"50";18.475;38.073;5.05;219.495247882779;"2007";"11";"2007-11"
2007-11-13 08:26:00;"50";17.658;38.071;5.08;220.755252991981;"2007";"11";"2007-11"
2007-11-22 08:46:00;"50";16.638;38.032;5.17;224.618378787733;"2007";"11";"2007-11"
2007-11-27 08:54:00;"50";16.272;38.163;5.16;224.142907132174;"2007";"11";"2007-11"
2007-12-05 09:06:00;"50";15.775;38.125;5.12;222.386482933935;"2007";"12";"2007-12"
2007-12-11 08:00:00;"50";15.4106802876574;38.118;5.09;221.066526391768;"2007";"12";"2007-12"
2007-12-18 08:00:00;"50";15.0477356813087;38.111;5.3;230.169880022784;"2007";"12";"2007-12"
2007-12-25 09:00:00;"50";14.4996446111522;38.104;5.425;235.571611823803;"2007";"12";"2007-12"
2008-01-04 08:00:00;"50";14.2151561694354;38.097;5.55;240.986161911038;"2008";"01";"2008-01"
2008-01-08 08:00:00;"50";14.0512587191191;38.09;5.56;241.413275528665;"2008";"01";"2008-01"
2008-01-18 09:03:00;"50";13.939;38.083;5.56;241.408850390235;"2008";"01";"2008-01"
2008-01-22 08:47:00;"50";13.937;38.059;5.55;240.978914591696;"2008";"01";"2008-01"
2008-01-29 08:57:00;"50";13.826;38.081;5.56;241.403507017299;"2008";"01";"2008-01"
2008-02-05 09:10:00;"50";13.717;38.064;5.59;242.703643473853;"2008";"02";"2008-02"
2008-02-12 08:41:00;"50";13.599;38.042;5.82;252.68767234923;"2008";"02";"2008-02"
2008-02-19 08:35:00;"50";13.45;38.105;5.75;249.628961931065;"2008";"02";"2008-02"
2008-02-26 08:30:00;"50";13.451;38.117;5.98;259.611825934626;"2008";"02";"2008-02"
2008-03-03 08:45:00;"50";13.607;38.084;5.945;258.107072775271;"2008";"03";"2008-03"
2008-03-12 08:27:00;"50";13.375;38.089;5.91;256.574308475332;"2008";"03";"2008-03"
2008-03-18 08:00:00;"50";13.396;38.099;5.91;256.573477760643;"2008";"03";"2008-03"
2008-03-26 08:16:00;"50";13.429;38.08;5.93;257.447174768851;"2008";"03";"2008-03"
2008-04-01 07:46:00;"50";13.563;38.066;6.01;260.930268857032;"2008";"04";"2008-04"
2008-04-08 07:43:00;"50";13.317;38.121;5.975;259.386859652357;"2008";"04";"2008-04"
2008-04-15 07:38:00;"50";13.392;38.095;5.94;257.876447385168;"2008";"04";"2008-04"
2008-04-23 07:29:00;"50";13.758;38.018;5.92666666666667;257.331965298012;"2008";"04";"2008-04"
2008-04-28 07:46:00;"50";13.879;37.993;5.91333333333333;256.764352087823;"2008";"04";"2008-04"
2008-05-06 07:45:00;"50";14.993;37.918;5.9;256.260917411147;"2008";"05";"2008-05"
2008-05-13 06:48:00;"50";16.259;37.983;5.73;248.935700712982;"2008";"05";"2008-05"
2008-05-20 07:47:00;"50";15.173;38.018;5.74;249.302604562936;"2008";"05";"2008-05"
2008-05-28 08:40:00;"50";17.924;37.867;5.54;240.797147561192;"2008";"05";"2008-05"
2008-06-03 07:26:00;"50";16.08;37.97;5.57;241.977048334352;"2008";"06";"2008-06"
2008-06-10 07:31:00;"50";15.082;38.009;5.67;246.259059801593;"2008";"06";"2008-06"
2008-06-17 07:30:00;"50";14.538;38.035;5.54;240.579758912819;"2008";"06";"2008-06"
2008-06-23 07:30:00;"50";14.631;38.022;5.71;247.969560462959;"2008";"06";"2008-06"
2008-07-02 07:30:00;"50";14.7;37.982;5.82;252.757924346197;"2008";"07";"2008-07"
2008-07-08 07:30:00;"50";14.428;38.019;5.65;245.353776647577;"2008";"07";"2008-07"
2008-07-16 07:30:00;"50";15.798;37.952;5.9;256.300252751373;"2008";"07";"2008-07"
2008-07-22 07:30:00;"50";15.437;37.978;5.92;257.143224555894;"2008";"07";"2008-07"
2008-07-28 07:30:00;"50";14.607;38.051;5.84;253.608260623775;"2008";"07";"2008-07"
2008-08-05 07:30:00;"50";15.072;38.016;5.9;256.246494343842;"2008";"08";"2008-08"
2008-08-12 09:00:00;"50";14.7003763651918;38.028;5.72;248.406436657162;"2008";"08";"2008-08"
2008-08-19 07:30:00;"50";14.445;38.04;5.54;240.574053761901;"2008";"08";"2008-08"
2008-08-26 07:30:00;"50";14.972;37.988;5.595;242.999637295016;"2008";"08";"2008-08"
2008-09-02 07:30:00;"50";14.897;37.972;5.65;245.387303752457;"2008";"09";"2008-09"
2008-09-10 07:30:00;"50";16.631;37.897;5.97;259.401366070109;"2008";"09";"2008-09"
2008-09-16 07:30:00;"50";16.793;37.901;6.09;264.624689291892;"2008";"09";"2008-09"
2008-09-22 07:30:00;"50";16.824;37.947;5.95;258.534342775621;"2008";"09";"2008-09"
2008-09-29 07:30:00;"50";15.989;37.941;5.99;260.223331778712;"2008";"09";"2008-09"
2008-10-07 07:30:00;"50";16.455;37.958;6.03;261.985737635031;"2008";"10";"2008-10"
2008-10-14 07:30:00;"50";15.607;37.9516666666667;6.07;263.673906141465;"2008";"10";"2008-10"
2008-10-21 07:30:00;"50";18.838;37.9453333333333;5.74;249.532101613583;"2008";"10";"2008-10"
2008-10-28 07:30:00;"50";15.782;37.939;5.87;254.998595651005;"2008";"10";"2008-10"
2008-11-06 07:30:00;"50";18.829;38.129;5.17;224.721500304945;"2008";"11";"2008-11"
2008-11-10 07:30:00;"50";18.705;38.078;4.975;216.247030812988;"2008";"11";"2008-11"
2008-11-20 07:30:00;"50";18.445;38.122;4.78;207.750714183042;"2008";"11";"2008-11"
2008-11-25 07:30:00;"50";17.947;38.098;4.97;215.985942424999;"2008";"11";"2008-11"
2008-12-02 07:30:00;"50";16.716;38.068;5.17;224.616418770255;"2008";"12";"2008-12"
2008-12-09 07:30:00;"50";16.233;38.066;5.37;233.279860706187;"2008";"12";"2008-12"
2008-12-17 07:30:00;"50";15.401;37.544;5.45;236.803360165115;"2008";"12";"2008-12"
2008-12-22 07:30:00;"50";15.686;37.877;5.53;240.234635074972;"2008";"12";"2008-12"
2009-01-06 09:00:00;"50";14.627;38.035;5.27;228.8591393639;"2009";"01";"2009-01"
2009-01-14 09:00:00;"50";14.346;38.059;5.25;227.972745562091;"2009";"01";"2009-01"
2009-01-22 09:00:00;"50";14.1037223725259;38.038;5.35;232.306809739911;"2009";"01";"2009-01"
2009-01-27 09:00:00;"50";13.938;38.017;5.22;226.657652525936;"2009";"01";"2009-01"
2009-02-03 09:00:00;"50";13.873;38.002;5.41;234.907100881679;"2009";"02";"2009-02"
2009-02-10 09:00:00;"50";13.925;38.001;5.08;220.580767789211;"2009";"02";"2009-02"
2009-02-17 09:00:00;"50";13.648;37.969;4.34;188.442598002767;"2009";"02";"2009-02"
2009-02-24 09:00:00;"50";13.555;37.944;4.83;209.718298339654;"2009";"02";"2009-02"
2009-03-03 09:00:00;"50";13.609;38.026;4.89;212.312743191447;"2009";"03";"2009-03"
2009-03-10 09:00:00;"50";13.712;37.999;4.79;207.979635439146;"2009";"03";"2009-03"
2009-03-17 09:00:00;"50";13.893;38.016;4.79;207.984816647099;"2009";"03";"2009-03"
2009-03-23 09:00:00;"50";13.861;38.022;4.78;207.548284307419;"2009";"03";"2009-03"
2009-03-31 09:00:00;"50";13.95;37.986;5.06;219.715971705691;"2009";"03";"2009-03"
2009-04-07 09:00:00;"50";13.947;37.949;4.76;206.694960303557;"2009";"04";"2009-04"
2009-04-14 09:00:00;"50";14.112;37.999;4.86;211.036673708414;"2009";"04";"2009-04"
2009-04-21 09:00:00;"50";14.026;37.995;4.9;212.770385458177;"2009";"04";"2009-04"
2009-04-28 09:00:00;"50";15.1;37.78;4.28;185.921378902469;"2009";"04";"2009-04"
2009-05-05 09:00:00;"50";14.349;37.916;4.28;185.872176713036;"2009";"05";"2009-05"
2009-05-12 09:00:00;"50";15.74;37.704;4.28;185.958436006959;"2009";"05";"2009-05"
2009-05-19 09:00:00;"50";14.348;37.952;4.86;211.054702378783;"2009";"05";"2009-05"
2009-05-26 09:00:00;"50";15.106;37.866;4.86;211.10297606877;"2009";"05";"2009-05"
2009-06-02 09:00:00;"50";15.21;37.875;4.86;211.106383614594;"2009";"06";"2009-06"
2009-06-09 09:00:00;"50";14.703;37.919;4.82;209.338775538734;"2009";"06";"2009-06"
2009-06-16 09:00:00;"50";15.25;37.876;4.86;211.108089843323;"2009";"06";"2009-06"
2009-06-23 09:00:00;"50";15.241;37.849;5.99;260.197649408551;"2009";"06";"2009-06"
2009-06-30 09:00:00;"50";14.363;37.935;5.36;232.771869870633;"2009";"06";"2009-06"
2009-07-07 09:00:00;"50";14.441;37.936;5.46;237.11840101113;"2009";"07";"2009-07"
2009-07-13 09:00:00;"50";14.709;37.943;5.17;224.535965146578;"2009";"07";"2009-07"
2009-07-21 09:00:00;"50";15.537;37.876;5.26;228.497816227701;"2009";"07";"2009-07"
2009-07-28 09:00:00;"50";15.4449071760405;37.8653333333333;5.36;232.838960846066;"2009";"07";"2009-07"
2009-08-04 09:00:00;"50";15.4554268902929;37.8546666666667;5.46;237.185425589907;"2009";"08";"2009-08"
2009-08-11 09:00:00;"50";14.907;37.844;5.26;228.471532651036;"2009";"08";"2009-08"
2009-08-18 09:00:00;"50";15.281;37.818;4.93;214.159533707284;"2009";"08";"2009-08"
2009-08-25 09:00:00;"50";14.809;37.932;5.27;228.885874284931;"2009";"08";"2009-08"
2009-09-01 09:00:00;"50";15.225;37.925;5.46;237.160782499222;"2009";"09";"2009-09"
2009-09-08 09:00:00;"50";14.714;37.938;5.41;234.960435284329;"2009";"09";"2009-09"
2009-09-24 09:00:00;"50";16.765;37.935;5.8;252.015447496325;"2009";"09";"2009-09"
2009-09-29 09:00:00;"50";18.604;37.953;5.4475;236.801155948087;"2009";"09";"2009-09"
2009-10-06 09:00:00;"50";16.52;37.871;5.095;221.380499227684;"2009";"10";"2009-10"
2009-10-13 09:00:00;"50";22.405;38.106;4.7425;206.339459504214;"2009";"10";"2009-10"
2009-10-20 09:00:00;"50";21.144;38.105;4.39;190.936490625946;"2009";"10";"2009-10"
2009-10-29 09:00:00;"50";19.5201628684357;38.007;4.51;196.085959713341;"2009";"10";"2009-10"
2009-11-05 09:00:00;"50";16.296;37.909;4.63;201.15986065847;"2009";"11";"2009-11"
2009-11-10 09:00:00;"50";18.608;38.005;4.63;201.257077005148;"2009";"11";"2009-11"
2009-11-17 09:00:00;"50";18.044;37.979;4.65;202.102156275219;"2009";"11";"2009-11"
2009-11-24 09:00:00;"50";17.552;38.007;4.61;200.335499314479;"2009";"11";"2009-11"
2009-12-01 09:00:00;"50";17.209;38.011;4.6;199.883912235289;"2009";"12";"2009-12"
2009-12-08 09:00:00;"50";16.767;37.943;4.67;202.914766283776;"2009";"12";"2009-12"
2009-12-15 09:00:00;"50";15.978;37.965;4.74;205.915411672512;"2009";"12";"2009-12"
2009-12-22 09:00:00;"50";14.814;38.01;4.855;210.849525420285;"2009";"12";"2009-12"
2010-01-05 09:00:00;"50";14.268;37.892;4.97;215.83772861177;"2010";"01";"2010-01"
2010-01-12 09:00:00;"50";14.042;37.889;4.84;210.18250951283;"2010";"01";"2010-01"
2010-01-19 09:00:00;"50";13.747;37.961;4.92;213.631843516134;"2010";"01";"2010-01"
2010-01-25 09:00:00;"50";13.334;37.869;5.87;254.877895333436;"2010";"01";"2010-01"
2010-02-02 09:00:00;"50";13.259;37.933;4.79;207.970625271257;"2010";"02";"2010-02"
2010-02-11 09:00:00;"50";13.215;37.921;5.27;228.811130936422;"2010";"02";"2010-02"
2010-02-16 09:00:00;"50";13.238;37.956;5.75;249.646190771771;"2010";"02";"2010-02"
2010-02-23 09:00:00;"50";13.166;37.897;4.91;213.182510352399;"2010";"02";"2010-02"
2010-03-02 09:00:00;"50";13.145;37.842;5.83;253.136519196874;"2010";"03";"2010-03"
2010-03-09 09:00:00;"50";12.814;37.635;4.55;197.577124705539;"2010";"03";"2010-03"
2010-03-16 09:00:00;"50";13.145;37.978;5.51;239.217696186296;"2010";"03";"2010-03"
2010-03-23 09:00:00;"50";13.234;37.899;4.91;213.185127617182;"2010";"03";"2010-03"
2010-03-30 09:00:00;"50";13.413;37.898;4.91;213.193067344603;"2010";"03";"2010-03"
2010-04-06 09:00:00;"50";13.619;37.865;4.91;213.20739730021;"2010";"04";"2010-04"
2010-04-13 09:00:00;"50";13.749;37.857;5.77;250.559513119051;"2010";"04";"2010-04"
2010-04-20 09:00:00;"50";13.648;37.899;5.67;246.204118647007;"2010";"04";"2010-04"
2010-04-27 09:00:00;"50";14.045;37.831;5.73;248.842792613473;"2010";"04";"2010-04"
2010-05-05 09:00:00;"50";15.12;37.77;5.74666666666667;249.635725996286;"2010";"05";"2010-05"
2010-05-11 09:00:00;"50";13.969;37.95;5.76333333333333;250.263981628679;"2010";"05";"2010-05"
2010-05-18 09:00:00;"50";14.433;37.885;5.78;251.024648057787;"2010";"05";"2010-05"
2010-05-25 09:00:00;"50";14.308;37.937;5.75;249.705327858537;"2010";"05";"2010-05"
2010-06-02 09:00:00;"50";15.473;37.867;5.765;250.433457596326;"2010";"06";"2010-06"
2010-06-08 09:00:00;"50";14.7;37.923;5.78;251.031887971395;"2010";"06";"2010-06"
2010-06-15 09:00:00;"50";15.671;37.927;5.96;258.904141313803;"2010";"06";"2010-06"
2010-06-23 09:00:00;"50";15.44;37.937;5.88;255.413799356675;"2010";"06";"2010-06"
2010-06-29 09:00:00;"50";14.52;37.973;5.86;254.486941234624;"2010";"06";"2010-06"
2010-07-06 09:00:00;"50";15.009;37.952;5.77;250.608968086305;"2010";"07";"2010-07"
2010-07-13 09:00:00;"50";14.585;37.942;5.86;254.496428795904;"2010";"07";"2010-07"
2010-07-20 09:00:00;"50";15.387;37.939;6.03;261.925975173493;"2010";"07";"2010-07"
2010-07-27 09:00:00;"50";14.723;37.97;5.86;254.498654271321;"2010";"07";"2010-07"
2010-08-03 09:00:00;"50";14.714;37.96;5.76;250.157066550521;"2010";"08";"2010-08"
2010-08-17 09:00:00;"50";14.373;37.996;4.32;187.598971803882;"2010";"08";"2010-08"
2010-08-24 09:00:00;"50";14.092;38.064;5.98;259.656841815497;"2010";"08";"2010-08"
2010-08-31 09:00:00;"50";15.584;37.979;6.02;261.495252703424;"2010";"08";"2010-08"
2010-09-07 09:00:00;"50";15.805;38.006;6.06;263.240524955469;"2010";"09";"2010-09"
2010-09-14 09:00:00;"50";15.238;37.974;5.76;250.183109777192;"2010";"09";"2010-09"
2010-09-21 09:00:00;"50";16.807;38.167;5.98;259.794065670776;"2010";"09";"2010-09"
2010-09-28 09:00:00;"50";15.278;37.968;5.9;256.267371185949;"2010";"09";"2010-09"
2010-10-07 09:00:00;"50";20.033;38.152;5.06;220.004411524125;"2010";"10";"2010-10"
2010-10-12 09:00:00;"50";19.604;38.138;5.2;226.068641144094;"2010";"10";"2010-10"
2010-10-19 09:00:00;"50";19.604;38.138;5.2;226.068641144094;"2010";"10";"2010-10"
2010-10-26 09:00:00;"50";19.2626604802451;38.1535;5.12;222.568587139196;"2010";"10";"2010-10"
2010-11-03 09:00:00;"50";18.792;38.169;5.23;227.320591215267;"2010";"11";"2010-11"
2010-11-09 09:00:00;"50";15.306;38.115;5.38;233.656760429812;"2010";"11";"2010-11"
2010-11-17 09:00:00;"50";17.816;38.001;5.14;223.382839438641;"2010";"11";"2010-11"
2010-11-23 09:00:00;"50";17.168;37.667;5.34;232.096589085846;"2010";"11";"2010-11"
2010-11-30 09:00:00;"50";14.981;35.523;5.44;236.706200993745;"2010";"11";"2010-11"
2010-12-08 09:00:00;"50";14.21;35.485;5.51;239.719833534734;"2010";"12";"2010-12"
2010-12-14 09:00:00;"50";15.695;37.857;5.64;245.017433812537;"2010";"12";"2010-12"
2010-12-21 09:00:00;"50";14.84;37.885;5.70333333333333;247.716761530054;"2010";"12";"2010-12"
2010-12-28 09:00:00;"50";14.6;37.881;5.76666666666667;250.455309614073;"2010";"12";"2010-12"
2011-01-04 09:00:00;"50";14.163;37.847;5.83;253.188847668293;"2011";"01";"2011-01"
2011-01-11 09:00:00;"50";13.803;37.783;6.08;264.038793674305;"2011";"01";"2011-01"
2011-01-18 09:00:00;"50";13.751;37.763;5.61;243.628937940504;"2011";"01";"2011-01"
2011-01-25 09:00:00;"50";13.524;38.21;5.23;227.039313722155;"2011";"01";"2011-01"
2011-02-01 09:00:00;"50";13.407;37.995;5.76;250.081626061179;"2011";"02";"2011-02"
2011-02-08 09:00:00;"50";13.393;38.019;5.8;251.813027098937;"2011";"02";"2011-02"
2011-02-15 09:00:00;"50";13.543;38.065;5.69;247.036310362927;"2011";"02";"2011-02"
2011-02-22 09:00:00;"50";13.369;37.992;5.68;246.606910504827;"2011";"02";"2011-02"
2011-03-01 09:00:00;"50";13.341;38.043;5.77;250.503350642361;"2011";"03";"2011-03"
2011-03-08 09:00:00;"50";13.062;38.026;5.35;232.258962561991;"2011";"03";"2011-03"
2011-03-15 09:00:00;"50";13.121;38.03;5.83;253.099402044911;"2011";"03";"2011-03"
2011-03-22 09:00:00;"50";13.126;37.979;5.775;250.7215688402;"2011";"03";"2011-03"
2011-03-29 09:00:00;"50";13.26;37.895;5.72;248.356221716509;"2011";"03";"2011-03"
2011-04-05 09:00:00;"50";13.402;38.02;5.81;252.24746213762;"2011";"04";"2011-04"
2011-04-12 09:00:00;"50";13.519;38.016;6.01;260.937733459095;"2011";"04";"2011-04"
2011-04-19 09:00:00;"50";13.519;38.011;5.96;258.767845383575;"2011";"04";"2011-04"
2011-04-26 09:00:00;"50";14.966;38.016;5.87;254.937622619104;"2011";"04";"2011-04"
2011-05-03 09:00:00;"50";15.679;37.938;5.89;255.861669954322;"2011";"05";"2011-05"
2011-05-10 09:00:00;"50";14.541;38.039;5.89;255.778236913656;"2011";"05";"2011-05"
2011-05-17 09:00:00;"50";15.372;38.002;6.02;261.478368209267;"2011";"05";"2011-05"
2011-05-24 09:00:00;"50";14.375;38.033;5.91;256.638783343135;"2011";"05";"2011-05"
2011-05-31 09:00:00;"50";14.69;38.033;5.96;258.827530606139;"2011";"05";"2011-05"
2011-06-07 09:00:00;"50";14.951;38.031;5.99;260.14551010056;"2011";"06";"2011-06"
2011-06-14 09:00:00;"50";14.193;38.045;5.57;241.862906472814;"2011";"06";"2011-06"
2011-06-21 09:00:00;"50";16.09;37.993;5.8;251.965151679305;"2011";"06";"2011-06"
2011-06-28 09:00:00;"50";15.304;38.019;5.91;256.69337408448;"2011";"06";"2011-06"
2011-07-05 09:00:00;"50";14.605;38.024;5.9;256.21891481062;"2011";"07";"2011-07"
2011-07-12 09:00:00;"50";15.717;38.001;5.99;260.195601533996;"2011";"07";"2011-07"
2011-07-19 09:00:00;"50";14.873;38.021;6.35;275.777675327396;"2011";"07";"2011-07"
2011-07-26 09:00:00;"50";15.816;37.986;6.11666666666667;265.70671553292;"2011";"07";"2011-07"
2011-08-02 09:00:00;"50";14.909;38;5.88333333333333;255.516586590635;"2011";"08";"2011-08"
2011-08-09 09:00:00;"50";14.941;37.998;5.65;245.384867438071;"2011";"08";"2011-08"
2011-08-16 09:00:00;"50";15.459;37.984;6.02;261.48696503915;"2011";"08";"2011-08"
2011-08-23 09:00:00;"50";15.413;37.983;6.09;264.524998615847;"2011";"08";"2011-08"
2011-08-30 09:00:00;"50";15.353;37.986;6.05;262.78346294155;"2011";"08";"2011-08"
2011-09-06 09:00:00;"50";16.137;37.971;6.01;261.095138475407;"2011";"09";"2011-09"
2011-09-13 09:00:00;"50";15.408;37.984;5.97;259.312200185853;"2011";"09";"2011-09"
2011-09-20 09:00:00;"50";15.354;37.983;5.985;259.960812613164;"2011";"09";"2011-09"
2011-09-27 09:00:00;"50";16.045;37.982;6;260.653076395692;"2011";"09";"2011-09"
2011-10-04 09:00:00;"50";15.53;37.977;5.71;248.026924435101;"2011";"10";"2011-10"
2011-10-11 09:00:00;"50";17.884534372524;37.975;5.73;249.033050829863;"2011";"10";"2011-10"
2011-10-18 09:00:00;"50";18.902;38.1085;5.62;244.289626637038;"2011";"10";"2011-10"
2011-10-26 09:00:00;"50";18.875;38.242;5.48;238.178794154955;"2011";"10";"2011-10"
2011-11-02 09:00:00;"50";18.827;38.23;5.52;239.916568641596;"2011";"11";"2011-11"
2011-11-10 09:00:00;"50";18.538;38.093;5.42;235.577259404166;"2011";"11";"2011-11"
2011-11-15 09:00:00;"50";18.135;38.082;5.56;241.640148696063;"2011";"11";"2011-11"
2011-11-22 09:00:00;"50";17.806;38.139;5.52;239.872214905892;"2011";"11";"2011-11"
2011-11-29 09:00:00;"50";17.2352319735735;38.084;5.49;238.545573296808;"2011";"11";"2011-11"
2011-12-06 09:00:00;"50";17.278;38.091;5.45;236.808713266895;"2011";"12";"2011-12"
2011-12-13 09:00:00;"50";15.095;38.098;5.49666666666667;238.715585281211;"2011";"12";"2011-12"
2011-12-19 09:00:00;"50";15.095;38.052;5.54333333333333;240.750595365992;"2011";"12";"2011-12"
2011-12-27 09:00:00;"50";14.8807549105418;38.06125;5.59;242.764282577577;"2011";"12";"2011-12"
2011-12-27 09:00:00;"50";14.9351543067164;38.0705;5.63666666666667;244.792143185823;"2011";"12";"2011-12"
2012-01-03 09:00:00;"50";15.1998241409354;38.07975;5.68333333333333;246.831446534915;"2012";"01";"2012-01"
2012-01-10 09:00:00;"50";15.123;38.089;5.73;248.852270106519;"2012";"01";"2012-01"
2012-01-17 09:00:00;"50";14.818;38.103;5.75;249.701567086563;"2012";"01";"2012-01"
2012-01-24 09:00:00;"50";14.57;38.111;5.59;242.738858081999;"2012";"01";"2012-01"
2012-01-31 09:00:00;"50";14.37;38.109;5.43;235.781294958124;"2012";"01";"2012-01"
2012-02-07 09:00:00;"50";13.579;38.154;5.65;245.28504953096;"2012";"02";"2012-02"
2012-02-14 09:00:00;"50";13.166;38.213;5.72;248.291937087314;"2012";"02";"2012-02"
2012-02-21 09:00:00;"50";13.413;38.162;5.83;253.08926625123;"2012";"02";"2012-02"
2012-02-28 09:00:00;"50";13.368;38.176;5.89;255.688902724428;"2012";"02";"2012-02"
2012-03-06 09:00:00;"50";13.416;38.177;6;260.466443399033;"2012";"03";"2012-03"
2012-03-13 09:00:00;"50";13.4871109369034;38.164;5.8;251.790374243028;"2012";"03";"2012-03"
2012-03-20 09:00:00;"50";13.446;38.151;6.02;261.341395076469;"2012";"03";"2012-03"
2012-03-27 09:00:00;"50";13.509;38.158;6.07;263.514029163792;"2012";"03";"2012-03"
2012-04-03 09:00:00;"50";13.945;38.14;6.23;270.488218973837;"2012";"04";"2012-04"
2012-04-10 09:00:00;"50";13.614;38.146;5.79;251.366243009117;"2012";"04";"2012-04"
2012-04-17 09:00:00;"50";14.38;38.1;5.92;257.060349236461;"2012";"04";"2012-04"
2012-04-25 09:00:00;"50";13.311;38.194;5.47;237.450427876042;"2012";"04";"2012-04"
2012-05-02 09:00:00;"50";14.323;38.133;5.86;254.445596516058;"2012";"05";"2012-05"
2012-05-09 09:00:00;"50";14.373;38.165;5.8;251.836978291298;"2012";"05";"2012-05"
2012-05-15 09:00:00;"50";15.885;38.11;5.9;256.274938901507;"2012";"05";"2012-05"
2012-05-22 09:00:00;"50";16.091;38.178;5.68;246.717928475418;"2012";"05";"2012-05"
2012-05-29 09:00:00;"50";14.994;38.158;5.5;238.844288684053;"2012";"05";"2012-05"
2012-06-05 09:00:00;"50";15.102;38.143;5.52;239.721200717854;"2012";"06";"2012-06"
2012-06-13 09:00:00;"50";14.436;38.148;5.54;240.554052710432;"2012";"06";"2012-06"
2012-06-19 09:00:00;"50";14.655;38.125;5.73;248.820130412394;"2012";"06";"2012-06"
2012-06-26 09:00:00;"50";15.231;38.123;5.6;243.205996187086;"2012";"06";"2012-06"
2012-07-03 09:00:00;"50";14.786;38.121;5.83;253.170490053531;"2012";"07";"2012-07"
2012-07-10 09:00:00;"50";14.835;38.106;5.86;254.478834552462;"2012";"07";"2012-07"
2012-07-17 09:00:00;"50";15.507;38.094;5.83;253.21586759257;"2012";"07";"2012-07"
2012-07-24 09:00:00;"50";16.278;38.023;6.03;261.962278347388;"2012";"07";"2012-07"
2012-07-31 09:00:00;"50";14.953;38.127;5.75;249.704419533949;"2012";"07";"2012-07"
2012-08-07 09:00:00;"50";14.39;38.139;5.78;250.974394460719;"2012";"08";"2012-08"
2012-08-14 09:00:00;"50";14.658406327896;38.131;5.855;254.24718434594;"2012";"08";"2012-08"
2012-08-21 09:00:00;"50";14.879;38.123;5.93;257.517864261624;"2012";"08";"2012-08"
2012-08-28 09:00:00;"50";16.122;38.095;6.26;271.929798422376;"2012";"08";"2012-08"
2012-09-05 09:00:00;"50";17.687;38.096;6.6;286.804662521831;"2012";"09";"2012-09"
2012-09-11 09:00:00;"50";14.515;38.124;6.02;261.405429717591;"2012";"09";"2012-09"
2012-09-18 09:00:00;"50";14.834;38.107;5.93;257.518434559667;"2012";"09";"2012-09"
2012-09-25 09:00:00;"50";14.351;38.122;5.78;250.97551216502;"2012";"09";"2012-09"
2012-10-02 09:00:00;"50";19.319;38.144;5.71;248.22146980653;"2012";"10";"2012-10"
2012-10-09 09:00:00;"50";19.751;38.194;6.46;280.845787300975;"2012";"10";"2012-10"
2012-10-16 09:00:00;"50";15.253;38.078;5.88;255.376166141393;"2012";"10";"2012-10"
2012-10-23 09:00:00;"50";18.862;38.209;5.48;238.183872305748;"2012";"10";"2012-10"
2012-10-30 09:00:00;"50";20.001;38.242;5.77;250.855699724599;"2012";"10";"2012-10"
2012-11-07 09:00:00;"50";19.8448782259545;38.17;5.65;245.641754674258;"2012";"11";"2012-11"
2012-11-13 09:00:00;"50";18.137;38.098;5.34;232.076190262212;"2012";"11";"2012-11"
2012-11-20 09:00:00;"50";17.38;38.147;5.39;234.19755526967;"2012";"11";"2012-11"
2012-11-27 09:00:00;"50";17.305;38.146;5.36;232.890036436984;"2012";"11";"2012-11"
2012-12-05 09:00:00;"50";16.901;38.121;5.38;233.740985432981;"2012";"12";"2012-12"
2012-12-11 09:00:00;"50";16.32;38.123;5.39;234.143379130421;"2012";"12";"2012-12"
2012-12-18 09:00:00;"50";15.815;38.092;5.44;236.293622255072;"2012";"12";"2012-12"
2012-12-28 09:00:00;"50";14.821;37.975;5.58;242.342550843599;"2012";"12";"2012-12"
2013-01-04 09:00:00;"50";14.526;37.916;5.98;259.709742603914;"2013";"01";"2013-01"
2013-01-08 09:00:00;"50";14.411;38.019;5.74;249.261160508155;"2013";"01";"2013-01"
2013-01-15 09:00:00;"50";14.192;38.016;5.59;242.736599891927;"2013";"01";"2013-01"
2013-01-22 09:00:00;"50";13.725;38.036;5.63;244.445903377229;"2013";"01";"2013-01"
2013-01-29 09:00:00;"50";13.484;38.035;5.635;244.65099691557;"2013";"01";"2013-01"
2013-02-05 09:00:00;"50";13.701;38.148;5.64;244.858211073405;"2013";"02";"2013-02"
2013-02-12 09:00:00;"50";13.448;38.114;5.57;241.812750647928;"2013";"02";"2013-02"
2013-02-19 09:00:00;"50";13.283;38.109;5.66;245.712589783333;"2013";"02";"2013-02"
2013-02-25 09:00:00;"50";13.185;38.163;5.61;243.527213030371;"2013";"02";"2013-02"
2013-03-07 09:00:00;"50";13.224;38.211;5.55;240.915834085932;"2013";"03";"2013-03"
2013-03-12 09:00:00;"50";13.235;38.107;8.39;364.22466222852;"2013";"03";"2013-03"
2013-03-20 09:00:00;"50";13.269;38.133;6.15;266.978935302112;"2013";"03";"2013-03"
2013-03-26 09:00:00;"50";13.193;37.811;6.01;260.960689962057;"2013";"03";"2013-03"
2013-04-02 09:00:00;"50";13.269;38.002;5.67;246.165866411052;"2013";"04";"2013-04"
2013-04-09 09:00:00;"50";13.451;37.925;5.85333333333333;254.149573909799;"2013";"04";"2013-04"
2013-04-16 09:00:00;"50";13.536;37.993;6.03666666666667;262.100986719145;"2013";"04";"2013-04"
2013-04-26 09:00:00;"50";14.274;37.958;6.22;270.109804320954;"2013";"04";"2013-04"
2013-04-30 09:00:00;"50";14.701;37.998;5.92;257.097807919703;"2013";"04";"2013-04"
2013-05-07 09:00:00;"50";13.999;38.184;5.64;244.866828175946;"2013";"05";"2013-05"
2013-05-14 09:00:00;"50";14.282;38.147;5.77;250.532902161728;"2013";"05";"2013-05"
2013-05-21 09:00:00;"50";13.986;38.194;5.39;234.010400726311;"2013";"05";"2013-05"
2013-05-28 09:00:00;"50";14.314;38.144;5.64;244.890535353611;"2013";"05";"2013-05"
2013-06-04 09:00:00;"50";14.053;38.168;5.39;234.018282108041;"2013";"06";"2013-06"
2013-06-11 09:00:00;"50";14.055;38.18;5.59;242.699616788523;"2013";"06";"2013-06"
2013-06-18 09:00:00;"50";15.098;38.13;5.88;255.357460058285;"2013";"06";"2013-06"
2013-06-25 09:00:00;"50";15.453;38.19;5.62;244.074357589785;"2013";"06";"2013-06"
2013-07-02 09:00:00;"50";15.428;38.161;6.19;268.833580638644;"2013";"07";"2013-07"
2013-07-09 09:00:00;"50";15.547;38.145;6.2;269.278278315487;"2013";"07";"2013-07"
2013-07-16 09:00:00;"50";15.001;38.102;5.85;254.054546035057;"2013";"07";"2013-07"
2013-07-23 09:00:00;"50";14.899;38.107;5.36;232.768696104267;"2013";"07";"2013-07"
2013-07-30 09:00:00;"50";14.244;38.069;5.82;252.716684087577;"2013";"07";"2013-07"
2013-08-06 09:00:00;"50";15.621;38.046;6.3;273.646339551001;"2013";"08";"2013-08"
2013-08-13 09:00:00;"50";15.2131591775172;38.042;6.285;272.970823395395;"2013";"08";"2013-08"
2013-08-20 09:00:00;"50";15.062;38.038;6.27;272.311092513619;"2013";"08";"2013-08"
2013-08-28 09:00:00;"50";15.494;37.977;6.11;265.399705400541;"2013";"08";"2013-08"
2013-09-03 09:00:00;"50";15.192;38.001;5.54;240.62018250607;"2013";"09";"2013-09"
2013-09-11 09:00:00;"50";15.726;37.959;4.49;195.044644463543;"2013";"09";"2013-09"
2013-09-18 09:00:00;"50";15.624;37.955;5.69;247.167462206341;"2013";"09";"2013-09"
2013-09-24 09:00:00;"50";15.196;37.959;5.86;254.527071947874;"2013";"09";"2013-09"
2013-10-08 09:00:00;"50";20.032;38.178;5.56;241.739238905066;"2013";"10";"2013-10"
2013-10-15 09:00:00;"50";18.039;38.025;4.64;201.660355069079;"2013";"10";"2013-10"
2013-10-22 09:00:00;"50";17.166;38.017;5.55;241.160736392712;"2013";"10";"2013-10"
2013-10-29 09:00:00;"50";19.3;38.122;5.44;236.486928713816;"2013";"10";"2013-10"
2013-11-05 09:00:00;"50";16.377;38.047;5.38;233.725355671027;"2013";"11";"2013-11"
2013-11-12 09:00:00;"50";18.22;38.125;5.36;232.945458106419;"2013";"11";"2013-11"
2013-11-21 09:00:00;"50";18.3403130585602;38.138;5.48;238.165428447788;"2013";"11";"2013-11"
2013-11-27 09:00:00;"50";17.095;38.151;5.44;236.353300515674;"2013";"11";"2013-11"
2013-12-03 09:00:00;"50";15.93;38.188;5.42;235.414092594742;"2013";"12";"2013-12"
2013-12-10 09:00:00;"50";16.174;38.197;5.51;239.334909569896;"2013";"12";"2013-12"
2013-12-17 09:00:00;"50";15.807;38.18;4.9;212.823576483966;"2013";"12";"2013-12"
2013-12-23 09:00:00;"50";15.743;38.167;5.86;254.518423301627;"2013";"12";"2013-12"
2014-01-07 09:00:00;"50";14.972;37.934;4.84;210.217328288232;"2014";"01";"2014-01"
2014-01-14 09:00:00;"50";14.98;38.073;5.65;245.37313647427;"2014";"01";"2014-01"
2014-01-21 09:00:00;"50";14.926;37.952;5.66;245.826866350979;"2014";"01";"2014-01"
2014-01-28 09:00:00;"50";14.804;37.873;5.63;244.531917427399;"2014";"01";"2014-01"
2014-02-05 09:00:00;"50";14.439;38.007;5.61;243.619530715638;"2014";"02";"2014-02"
2014-02-11 09:00:00;"50";14.191;37.881;5.6;243.195483620542;"2014";"02";"2014-02"
2014-02-18 09:00:00;"50";14.228;37.839;5.55;241.033600657772;"2014";"02";"2014-02"
2014-02-25 09:00:00;"50";14.189;37.767;5.61;243.650557178364;"2014";"02";"2014-02"
2014-03-04 09:00:00;"50";14.274;37.878;5.72;248.411747225367;"2014";"03";"2014-03"
2014-03-11 09:00:00;"50";14.264;37.817;5.36;232.787629853684;"2014";"03";"2014-03"
2014-03-19 09:00:00;"50";14.358;37.82;5.36;232.791756831186;"2014";"03";"2014-03"
2014-03-25 09:00:00;"50";14.345;38.013;4.85;210.610635368753;"2014";"03";"2014-03"
2014-04-01 09:00:00;"50";14.383;37.931;4.79;208.019658326075;"2014";"04";"2014-04"
2014-04-08 09:00:00;"50";14.522;37.832;5.86;254.514031646221;"2014";"04";"2014-04"
2014-04-15 09:00:00;"50";14.593;37.868;5.79;251.47079133989;"2014";"04";"2014-04"
2014-04-22 09:00:00;"50";15.342;37.785;5.87;255.002958242355;"2014";"04";"2014-04"
2014-04-29 09:00:00;"50";14.617;37.937;5.72;248.418955232462;"2014";"04";"2014-04"
2014-05-06 09:00:00;"50";15.069;37.899;5.88;255.40013428174;"2014";"05";"2014-05"
2014-05-13 09:00:00;"50";14.925;37.926;5.83;253.215249318091;"2014";"05";"2014-05"
2014-05-20 09:00:00;"50";17.126;37.818;5.58;242.498093136092;"2014";"05";"2014-05"
2014-05-27 09:00:00;"50";15.413;38.002;5.08;220.651532409379;"2014";"05";"2014-05"
2014-06-03 09:00:00;"50";14.806;38.001;5.31;230.611041171808;"2014";"06";"2014-06"
2014-06-10 09:00:00;"50";15.256;37.964;4.78;207.619618461534;"2014";"06";"2014-06"
2014-06-17 09:00:00;"50";16.03;37.963;5.13;222.860791792749;"2014";"06";"2014-06"
2014-06-24 09:00:00;"50";15.592;37.989;5.31;230.65313368651;"2014";"06";"2014-06"
2014-07-01 09:00:00;"50";16.655;38.007;5.99;260.250407275704;"2014";"07";"2014-07"
2014-07-08 09:00:00;"50";16.435;37.964;5.52;239.8255519352;"2014";"07";"2014-07"
2014-07-15 09:00:00;"50";16.809;37.959;4.52;196.396743227941;"2014";"07";"2014-07"
2014-07-22 09:00:00;"50";15.953;37.979;5.99;260.213789081047;"2014";"07";"2014-07"
2014-07-30 09:00:00;"50";16.309;37.951;6.1;265.019485047057;"2014";"07";"2014-07"
2014-08-05 09:00:00;"50";16.351;37.956;5.98;259.807529026814;"2014";"08";"2014-08"
2014-08-12 09:00:00;"50";15.9818360281913;37.957;5.985;260.002574847737;"2014";"08";"2014-08"
2014-08-19 09:00:00;"50";16.073;37.958;5.99;260.224997908089;"2014";"08";"2014-08"
2014-08-26 09:00:00;"50";16.998;37.951;5.83;253.329825085344;"2014";"08";"2014-08"
2014-09-02 09:00:00;"50";17.339;37.958;5.99;260.302004050073;"2014";"09";"2014-09"
2014-09-09 09:00:00;"50";16.198;37.946;6.03;261.972575961165;"2014";"09";"2014-09"
2014-09-15 09:00:00;"50";15.783;37.952;5.89;255.86497880131;"2014";"09";"2014-09"
2014-09-23 09:00:00;"50";20.147;38.087;5.73;249.154919190786;"2014";"09";"2014-09"
2014-09-30 09:00:00;"50";21.623;38.142;5.465;237.716496533969;"2014";"09";"2014-09"
2014-10-07 09:00:00;"50";19.619;38.088;5.2;226.077931753455;"2014";"10";"2014-10"
2014-10-14 09:00:00;"50";22.233;38.18;5.25;228.396547186933;"2014";"10";"2014-10"
2014-10-21 09:00:00;"50";20.706;38.115;5.41;235.270424732376;"2014";"10";"2014-10"
2014-10-29 09:00:00;"50";21.074;38.156;5.27;229.197759927477;"2014";"10";"2014-10"
2014-11-06 09:00:00;"50";20.349;38.175;5.3;230.454606797218;"2014";"11";"2014-11"
2014-11-12 09:00:00;"50";20.051;38.042;5.25;228.285201605622;"2014";"11";"2014-11"
2014-11-18 09:00:00;"50";19.586;37.957;5.25;228.272076906013;"2014";"11";"2014-11"
2014-11-25 09:00:00;"50";18.971;37.978;5.32;231.27577979133;"2014";"11";"2014-11"
2014-12-02 09:00:00;"50";18.428;37.908;5.62;244.297176572275;"2014";"12";"2014-12"
2014-12-09 09:00:00;"50";18.144;37.868;5.56;241.679286819721;"2014";"12";"2014-12"
2014-12-16 09:00:00;"50";17.687;37.842;5.34;232.095083879127;"2014";"12";"2014-12"
2014-12-22 09:00:00;"50";17.454;37.843;5.44;236.427986982325;"2014";"12";"2014-12"
2015-01-06 07:58:26;"50";16.056;37.945;5.64;245.021301187909;"2015";"01";"2015-01"
2015-01-12 07:43:30;"50";15.802;37.964;5.57;241.962856250249;"2015";"01";"2015-01"
2015-01-20 07:45:35;"50";15.398;37.973;5.64;244.979837261636;"2015";"01";"2015-01"
2015-01-27 07:49:40;"50";14.931;37.999;5.72;248.424304668253;"2015";"01";"2015-01"
2015-02-03 07:50:55;"50";14.446;38.049;5.6;243.1779552081;"2015";"02";"2015-02"
2015-02-10 07:40:09;"50";13.981;38.06;5.62;244.02035777013;"2015";"02";"2015-02"
2015-02-17 07:44:39;"50";13.885;38.003;5.65;245.328548990345;"2015";"02";"2015-02"
2015-02-24 07:46:25;"50";13.856;37.966;5.71;247.939212824971;"2015";"02";"2015-02"
2015-03-03 08:31:43;"50";13.918;38.067;5.55;240.976503703427;"2015";"03";"2015-03"
2015-03-10 07:37:01;"50";13.868;38.027;5.57;241.849640649635;"2015";"03";"2015-03"
2015-03-17 07:48:54;"50";13.785;38.01;5.63;244.45374015723;"2015";"03";"2015-03"
2015-03-24 07:44:06;"50";13.79;37.982;5.67;246.195981592163;"2015";"03";"2015-03"
2015-03-31 06:52:55;"50";13.862;37.974;5.81;252.280202106475;"2015";"03";"2015-03"
2015-04-07 06:48:00;"50";14.14;37.954;5.78;250.995986624006;"2015";"04";"2015-04"
2015-04-14 07:07:13;"50";14.261;37.893;5.89;255.791021279926;"2015";"04";"2015-04"
2015-04-21 06:31:17;"50";14.447;37.888;5.74;249.287637254062;"2015";"04";"2015-04"
2015-04-28 06:27:44;"50";14.767;37.947;5.84;253.636860425164;"2015";"04";"2015-04"
2015-05-05 07:32:01;"50";14.903;37.934;5.82;252.778185553351;"2015";"05";"2015-05"
2015-05-12 06:29:26;"50";14.596;37.945;5.73;248.850631690215;"2015";"05";"2015-05"
2015-05-19 06:38:45;"50";14.599;37.935;5.83;253.195641641246;"2015";"05";"2015-05"
2015-05-26 06:41:07;"50";15.375;37.912;5.88;255.41489824132;"2015";"05";"2015-05"
2015-06-02 06:25:17;"50";14.96;37.956;5.82;252.777153426284;"2015";"06";"2015-06"
2015-06-09 06:46:02;"50";14.58;38.005;5.97;259.26110704087;"2015";"06";"2015-06"
2015-06-16 06:32:38;"50";14.645;37.979;5.86;254.49264153986;"2015";"06";"2015-06"
2015-06-22 06:38:45;"50";15.112;37.963;5.96;258.864969572106;"2015";"06";"2015-06"
2015-06-30 07:02:18;"50";15.701;37.957;6.07;263.678419398369;"2015";"06";"2015-06"
2015-07-07 06:53:08;"50";14.902;37.981;5.98;259.718186673735;"2015";"07";"2015-07"
2015-07-15 06:51:49;"50";14.75;37.977;5.94;257.973190440658;"2015";"07";"2015-07"
2015-07-21 06:33:57;"50";15.275;37.953;6.14;266.69463252684;"2015";"07";"2015-07"
2015-07-28 14:23:00;"50";15.297;37.938;6.3;273.648744085972;"2015";"07";"2015-07"
2015-08-04 06:50:07;"50";15.12;37.966;6;260.602189867811;"2015";"08";"2015-08"
2015-08-11 06:40:31;"50";14.959;37.975;5.99;260.156908579821;"2015";"08";"2015-08"
2015-08-18 09:00:00;"50";15.3928986403843;37.963;6.1;264.962150165337;"2015";"08";"2015-08"
2015-08-25 07:29:10;"50";15.539;37.951;6.21;269.751374249998;"2015";"08";"2015-08"
2015-09-01 06:52:56;"50";15.389;37.96;6.01;261.053233984418;"2015";"09";"2015-09"
2015-09-08 06:53:02;"50";15.456;37.961;6.03;261.925674127642;"2015";"09";"2015-09"
2015-09-15 07:09:42;"50";15.531;37.99;6.1;264.964942301038;"2015";"09";"2015-09"
2015-09-22 06:45:18;"50";17.482;37.976;6.23;270.737104432877;"2015";"09";"2015-09"
2015-09-29 06:37:01;"50";21.662;38.39;5.1;221.801293420428;"2015";"09";"2015-09"
2015-10-06 06:45:49;"50";19.609;38.333;5.32;231.252335286074;"2015";"10";"2015-10"
2015-10-13 07:06:08;"50";20.191;38.326;5.08;220.854565127832;"2015";"10";"2015-10"
2015-10-20 06:44:56;"50";20.099;38.347;4.83;209.977382408583;"2015";"10";"2015-10"
2015-10-27 07:46:37;"50";18.841;38.295;5.18;225.12898397152;"2015";"10";"2015-10"
2015-11-03 08:18:13;"50";18.158;38.266;5.37;233.351931725192;"2015";"11";"2015-11"
2015-11-10 08:00:00;"50";18.2898594006759;38.263;4.92;213.804740908928;"2015";"11";"2015-11"
2015-11-17 08:25:48;"50";18.325;38.26;5.31;230.755202232053;"2015";"11";"2015-11"
2015-11-24 08:11:43;"50";18.028;38.26;5.29;229.869235631779;"2015";"11";"2015-11"
2015-12-01 08:17:45;"50";16.909;38.24;5.33;231.548491496406;"2015";"12";"2015-12"
2015-12-08 08:38:39;"50";17.014;38.247;5.37;233.290758123722;"2015";"12";"2015-12"
2015-12-15 08:08:27;"50";16.457;38.232;5.31;230.656632683376;"2015";"12";"2015-12"
2015-12-22 08:18:29;"50";16.34;38.227;5.41;234.99496390266;"2015";"12";"2015-12"
2016-01-05 08:16:26;"50";15.622;38.211;5.44;236.262251664328;"2016";"01";"2016-01"
2016-01-13 08:27:05;"50";13.991;38.354;4.62;200.556399932435;"2016";"01";"2016-01"
2016-01-19 07:59:26;"50";14.434;38.222;5.52;239.672186515574;"2016";"01";"2016-01"
2016-01-26 08:02:53;"50";14.286;38.209;5.53;240.101129308168;"2016";"01";"2016-01"
2016-02-02 12:55:59;"50";14.12;38.197;4.63;201.019727605163;"2016";"02";"2016-02"
2016-02-09 08:33:59;"50";14.065;38.184;5.71;247.909403143894;"2016";"02";"2016-02"
2016-02-16 08:42:26;"50";13.896;38.198;5.68;246.595540334085;"2016";"02";"2016-02"
2016-02-23 08:19:24;"50";13.834;38.183;5.66;245.726833736662;"2016";"02";"2016-02"
2016-03-01 08:00:39;"50";13.533;37.888;5.85;254.016202336658;"2016";"03";"2016-03"
2016-03-09 08:21:22;"50";13.559;38.003;5.83;253.127191716241;"2016";"03";"2016-03"
2016-03-15 08:38:43;"50";13.553;37.924;5.87;254.878769245361;"2016";"03";"2016-03"
2016-03-22 07:53:24;"50";13.621;37.998;5.78;250.960446931781;"2016";"03";"2016-03"
2016-03-29 06:50:17;"50";13.755;38.079;5.86;254.425495138688;"2016";"03";"2016-03"
2016-04-05 07:19:10;"50";14.277;38.093;6.08;264.003518397183;"2016";"04";"2016-04"
2016-04-12 06:55:45;"50";14.444;38.14;5.7;247.503375391814;"2016";"04";"2016-04"
2016-04-19 07:43:46;"50";14.397;38.155;5.65;245.327056934436;"2016";"04";"2016-04"
2016-04-25 08:07:41;"50";15.256;38.085;5.95;258.41517226942;"2016";"04";"2016-04"
2016-05-03 07:05:13;"50";15.627;38.118;5.69;247.137409250673;"2016";"05";"2016-05"
2016-05-10 07:22:11;"50";16.163;38.115;5.7;247.602425182276;"2016";"05";"2016-05"
2016-05-17 07:00:23;"50";15.912;38.131;5.67;246.282192182129;"2016";"05";"2016-05"
2016-05-24 07:04:27;"50";14.693;38.2;5.52;239.689527382913;"2016";"05";"2016-05"
2016-06-01 07:36:00;"50";15.472;38.128;5.65;245.389702477264;"2016";"06";"2016-06"
2016-06-07 07:14:42;"50";15.92;38.11;5.7;247.589620307917;"2016";"06";"2016-06"
2016-06-14 06:40:42;"50";15.667;38.122;5.79;251.482280456209;"2016";"06";"2016-06"
2016-06-21 06:45:32;"50";16.342;38.111;5.76;250.219820559344;"2016";"06";"2016-06"
2016-06-28 07:00:20;"50";16.858;38.137;5.88;255.458480665467;"2016";"06";"2016-06"
2016-07-05 06:59:59;"50";16.395;38.135;5.82;252.824828682702;"2016";"07";"2016-07"
2016-07-12 07:17:44;"50";16.23;38.123;5.79;251.514298561164;"2016";"07";"2016-07"
2016-07-19 07:00:55;"50";16.304;38.126;5.75;249.780415079468;"2016";"07";"2016-07"
2016-07-26 07:06:36;"50";16.007;38.119;5.78;251.06783948792;"2016";"07";"2016-07"
2016-08-02 07:29:00;"50";15.568;38.094;5.8;251.916309882122;"2016";"08";"2016-08"
2016-08-16 07:29:00;"50";15.096;38.116;5.71;247.977174204411;"2016";"08";"2016-08"
2016-08-23 07:29:00;"50";17.088;38.035;6.08;264.18205194578;"2016";"08";"2016-08"
2016-08-31 07:29:00;"50";15.617;38.072;5.97;259.307193371526;"2016";"08";"2016-08"
2016-09-06 08:31:02;"50";15.755;38.082;5.88;255.404058461114;"2016";"09";"2016-09"
2016-09-13 07:31:49;"50";15.539;38.073;6.54;284.059986561275;"2016";"09";"2016-09"
2016-09-20 08:46:41;"50";16.51;38.042;5.91;256.759214498896;"2016";"09";"2016-09"
2016-09-27 09:15:18;"50";16.27;38.042;5.92;257.179396195919;"2016";"09";"2016-09"
2016-10-04 08:46:04;"50";19.74;38.06;5.63;244.785600300956;"2016";"10";"2016-10"
2016-10-11 08:20:15;"50";21.654;38.277;5.26;228.778440854307;"2016";"10";"2016-10"
2016-10-18 09:06:27;"50";19.384;38.188;5.37;233.437442966405;"2016";"10";"2016-10"
2016-10-26 09:06:22;"50";19.453;38.207;5.31;230.830025556424;"2016";"10";"2016-10"
2016-11-02 10:11:16;"50";19.357;38.192;5.35;232.565727649797;"2016";"11";"2016-11"
2016-11-08 09:56:51;"50";16.552;38.091;5.44;236.333758728111;"2016";"11";"2016-11"
2016-11-15 10:04:21;"50";17.927;38.225;5.35;232.476774095826;"2016";"11";"2016-11"
2016-11-22 09:52:06;"50";17.281;38.191;5.35;232.446386302185;"2016";"11";"2016-11"
2016-11-30 09:46:16;"50";17.394;38.18;5.44;236.365037299547;"2016";"11";"2016-11"
2016-12-06 10:19:44;"50";17.038;38.202;5.34;231.996585332983;"2016";"12";"2016-12"
2016-12-13 10:06:50;"50";16.652;38.183;5.41;235.019738614326;"2016";"12";"2016-12"
2016-12-21 10:40:05;"50";16.248;38.197;5.45;236.732748071421;"2016";"12";"2016-12"
2016-12-27 09:00:00;"50";15.7655672207779;38.165;5.32;231.066031390547;"2016";"12";"2016-12"
2017-01-03 09:54:58;"50";15.702;38.133;5.19;225.421857363204;"2017";"01";"2017-01"
2017-01-10 07:34:24;"50";15.281;38.166;5.55;241.029402863244;"2017";"01";"2017-01"
2017-01-17 07:50:07;"50";14.644;38.172;5.55;240.994704432896;"2017";"01";"2017-01"
2017-01-24 08:12:14;"50";14.072;38.2;5.59;242.696834351209;"2017";"01";"2017-01"
2017-01-31 08:13:21;"50";13.917;38.203;5.59;242.688371404473;"2017";"01";"2017-01"
2017-02-07 08:08:14;"50";13.886;38.222;5.53;240.078493247246;"2017";"02";"2017-02"
2017-02-14 07:52:43;"50";13.734;38.212;5.63;244.413960559576;"2017";"02";"2017-02"
2017-02-21 07:54:01;"50";13.829;38.251;5.54;240.504511751313;"2017";"02";"2017-02"
2017-02-28 09:00:00;"50";13.7951740786816;38.2405;5.595;242.892396444989;"2017";"02";"2017-02"
2017-03-01 07:31:30;"50";13.8;38.23;5.65;245.282265017003;"2017";"03";"2017-03"
2017-03-07 07:51:33;"50";13.741;38.257;5.65;245.274261059592;"2017";"03";"2017-03"
2017-03-14 08:34:34;"50";13.935;38.219;5.85;253.974102676876;"2017";"03";"2017-03"
2017-03-21 08:01:35;"50";14.019;38.174;5.85;253.987191039046;"2017";"03";"2017-03"
2017-03-28 06:56:31;"50";14.087;38.162;5.82;252.69059811818;"2017";"03";"2017-03"
2017-04-04 08:15:28;"50";14.392;38.077;5.89;255.762758531062;"2017";"04";"2017-04"
2017-04-11 06:54:59;"50";14.32;38.096;5.83;253.149857294991;"2017";"04";"2017-04"
2017-04-18 06:54:23;"50";14.401;38.094;5.82;252.720388465039;"2017";"04";"2017-04"
2017-04-25 06:50:24;"50";14.432;38.121;5.81;252.282712238482;"2017";"04";"2017-04"
2017-05-02 06:51:55;"50";14.965;38.085;5.81;252.31865350537;"2017";"05";"2017-05"
2017-05-09 06:52:07;"50";14.866;38.101;5.57;241.887714313859;"2017";"05";"2017-05"
2017-05-16 06:50:53;"50";14.685;38.111;5.46;237.099654908313;"2017";"05";"2017-05"
2017-05-23 07:03:22;"50";15.073;38.096;5.83;253.191125496787;"2017";"05";"2017-05"
2017-05-30 06:54:31;"50";14.407;38.141;5.65;245.330164774466;"2017";"05";"2017-05"
2017-06-06 07:05:15;"50";14.772;38.11;5.83;253.171812742158;"2017";"06";"2017-06"
2017-06-14 06:59:34;"50";14.456;38.135;5.72;248.37338102244;"2017";"06";"2017-06"
2017-06-20 08:30:46;"50";15.21;38.012;5.96;258.86103665854;"2017";"06";"2017-06"
2017-06-27 07:01:10;"50";15.923;38.072;5.99;260.193874626628;"2017";"06";"2017-06"
2017-07-04 06:51:05;"50";15.018;38.118;5.77;250.578218589265;"2017";"07";"2017-07"
2017-07-11 06:56:21;"50";14.961;38.134;5.58;242.321004161455;"2017";"07";"2017-07"
2017-07-18 06:47:21;"50";14.829;38.141;5.73;248.826531038861;"2017";"07";"2017-07"
2017-07-25 06:53:01;"50";15.671;38.068;5.83;253.230120632458;"2017";"07";"2017-07"
2017-08-01 06:45:45;"50";15.354;38.082;5.88;255.381120040039;"2017";"08";"2017-08"
2017-08-07 06:54:12;"50";15.75;38.07;5.94;258.012253032911;"2017";"08";"2017-08"
2017-08-23 12:13:28;"50";14.924;38.05;5.58;242.334334506319;"2017";"08";"2017-08"
2017-08-29 06:54:26;"50";15.152;38.046;5.69;247.124639332276;"2017";"08";"2017-08"
2017-09-05 06:51:26;"50";15.584;37.965;4.89;212.412826550818;"2017";"09";"2017-09"
2017-09-13 06:59:17;"50";16.634;37.933;6.07;263.739523939481;"2017";"09";"2017-09"
2017-09-19 06:55:40;"50";14.718;38.1;5.43;235.800543908262;"2017";"09";"2017-09"
2017-09-26 07:49:41;"50";15.945;38.017;5.53;240.223480262856;"2017";"09";"2017-09"
2017-10-03 07:03:41;"50";15.94;37.962;5.81;252.396814002825;"2017";"10";"2017-10"
2017-10-10 06:57:04;"50";16.197;37.981;5.7;247.629217523754;"2017";"10";"2017-10"
2017-10-17 07:07:37;"50";15.897;38.031;5.56;241.521514384835;"2017";"10";"2017-10"
2017-10-24 06:51:01;"50";16.512;38.052;5.58;242.420702921618;"2017";"10";"2017-10"
2017-10-31 07:51:27;"50";16.888;38.127;5.57;241.993951134722;"2017";"10";"2017-10"
2017-11-07 08:06:13;"50";18.997;38.271;5.27;229.053618360968;"2017";"11";"2017-11"
2017-11-14 08:02:12;"50";17.724;38.217;5.31;230.728600622881;"2017";"11";"2017-11"
2017-11-21 08:08:21;"50";16.537;38.185;5.48;238.053921491673;"2017";"11";"2017-11"
2017-11-28 07:53:49;"50";16.787;38.216;5.46;237.193465501246;"2017";"11";"2017-11"
2017-12-04 07:52:15;"50";16.263;38.206;5.49;238.469451820068;"2017";"12";"2017-12"
2017-12-13 07:32:03;"50";14.809;38.225;5.26;228.401265547121;"2017";"12";"2017-12"
2017-12-19 07:57:31;"50";14.617;38.187;4.95;214.937545741042;"2017";"12";"2017-12"
2017-12-26 09:00:00;"50";14.6786470806884;38.195;5.365;232.959266303764;"2017";"12";"2017-12"
2018-01-03 08:00:19;"50";14.316;38.203;5.78;250.958348085339;"2018";"01";"2018-01"
2018-01-10 08:04:01;"50";14.091;38.173;5.59;242.702739483549;"2018";"01";"2018-01"
2018-01-18 08:18:36;"50";13.907;38.255;5.53;240.073585447513;"2018";"01";"2018-01"
2018-01-23 07:47:54;"50";13.888;38.271;5.44;236.162635002764;"2018";"01";"2018-01"
2018-01-30 08:06:51;"50";13.837;38.274;5.52;239.632515238401;"2018";"01";"2018-01"
2018-02-07 07:52:38;"50";13.766;38.303;5.55;240.9260325762;"2018";"02";"2018-02"
2018-02-13 08:02:18;"50";13.607;38.335;4.97;215.735847668606;"2018";"02";"2018-02"
2018-02-19 09:23:04;"50";13.532;38.305;4.56;197.940129309665;"2018";"02";"2018-02"
2018-02-27 07:46:03;"50";13.424;38.337;5.6;243.073100928768;"2018";"02";"2018-02"
2018-03-07 07:43:42;"50";13.286;38.297;5.17;224.408981449762;"2018";"03";"2018-03"
2018-03-14 08:17:43;"50";13.376;38.309;3.8;164.944316980119;"2018";"03";"2018-03"
2018-03-20 07:54:19;"50";13.704;38.255;5.66;245.706853418894;"2018";"03";"2018-03"
2018-03-27 06:58:06;"50";13.492;38.13;5.66;245.719218132914;"2018";"03";"2018-03"
2018-04-04 07:17:08;"50";13.675;38.155;5.73;248.762868799322;"2018";"04";"2018-04"
2018-04-10 09:00:00;"50";13.8500177492329;38.141;5.69;247.037911888088;"2018";"04";"2018-04"
2018-04-17 06:40:30;"50";13.834;38.127;5.65;245.303030676905;"2018";"04";"2018-04"
2018-04-24 06:35:55;"50";14.252;38.124;5.77;250.535638006963;"2018";"04";"2018-04"
2018-05-02 07:32:21;"50";14.697;38.147;5.72;248.384039374078;"2018";"05";"2018-05"
2018-05-07 07:35:47;"50";15.124;38.15;4.72;204.978913392904;"2018";"05";"2018-05"
2018-05-14 06:49:37;"50";14.555;38.206;4.97;215.800012449238;"2018";"05";"2018-05"
2018-05-22 06:34:08;"50";15.502;38.118;5.7;247.564809887491;"2018";"05";"2018-05"
2018-05-29 06:45:26;"50";14.474;38.201;4.85;210.586672940207;"2018";"05";"2018-05"
2018-06-04 06:50:04;"50";14.407;38.222;5.49;238.368241465336;"2018";"06";"2018-06"
2018-06-12 07:37:15;"50";14.818;38.178;5.84;253.59564818387;"2018";"06";"2018-06"
2018-06-19 07:21:17;"50";14.464;38.187;5.57;241.85105125967;"2018";"06";"2018-06"
2018-06-26 07:05:58;"50";14.913;38.17;5.87;254.905178891969;"2018";"06";"2018-06"
2018-07-03 07:23:19;"50";15.102;38.163;5.9;256.219899097411;"2018";"07";"2018-07"
2018-07-10 07:46:43;"50";14.685;38.183;5.81;252.284698231204;"2018";"07";"2018-07"
2018-07-17 07:15:22;"50";15.05;38.153;5.74;249.27058416697;"2018";"07";"2018-07"
2018-07-24 07:17:28;"50";15.035;38.135;5.85;254.050144038658;"2018";"07";"2018-07"
2018-07-31 07:29:44;"50";15.034;38.157;5.86;254.480157205978;"2018";"07";"2018-07"
2018-08-07 06:55:03;"50";14.936;38.143;5.82;252.740321986141;"2018";"08";"2018-08"
2018-08-14 09:00:00;"50";15.5292129788517;38.114;5.92;257.122279760831;"2018";"08";"2018-08"
2018-08-21 06:56:02;"50";15.968;38.085;6.02;261.497143083238;"2018";"08";"2018-08"
2018-08-28 06:51:50;"50";16.194;38.086;6.29;273.239328434045;"2018";"08";"2018-08"
2018-09-04 06:49:27;"50";15.288;38.08;5.86;254.509130691721;"2018";"09";"2018-09"
2018-09-11 07:12:18;"50";15.146;38.08;5.78;251.026724310855;"2018";"09";"2018-09"
2018-09-17 07:20:12;"50";15.34;38.08;5.93;257.552313725299;"2018";"09";"2018-09"
2018-09-26 07:43:19;"50";24.73;38.406;4.8;208.935486984946;"2018";"09";"2018-09"
2018-10-02 07:23:55;"50";16.5;38.088;5.81;252.405446823027;"2018";"10";"2018-10"
2018-10-09 06:51:44;"50";20.81;38.343;5.16;224.366641132265;"2018";"10";"2018-10"
2018-10-16 07:13:59;"50";21.501;38.333;5.03;218.756554640794;"2018";"10";"2018-10"
2018-10-23 06:55:19;"50";20.811;38.304;5.18;225.242865711918;"2018";"10";"2018-10"
2018-11-06 07:59:12;"50";20.018;38.138;5.11;222.179810495645;"2018";"11";"2018-11"
2018-11-13 08:00:00;"50";19.5432890407267;38.1216666666667;5.11;222.155138312166;"2018";"11";"2018-11"
2018-11-20 08:00:00;"50";20.973167565545;38.1053333333333;5.25;228.330325298316;"2018";"11";"2018-11"
2018-11-27 07:49:45;"50";18.289;38.089;5.26;228.609498248532;"2018";"11";"2018-11"
2018-12-04 08:02:36;"50";17.58;38.115;5.37;233.345353049603;"2018";"12";"2018-12"
2018-12-11 08:00:50;"50";17.178;38.109;5.33;231.585939227051;"2018";"12";"2018-12"
2018-12-18 08:04:08;"50";16.703;38.093;5.35;232.431663407468;"2018";"12";"2018-12"
2018-12-25 09:00:00;"50";16.6601534206942;38.0815;5.38;233.734690071641;"2018";"12";"2018-12"
2019-01-02 07:58:50;"50";15.997;38.07;5.41;235.004118228076;"2019";"01";"2019-01"
2019-01-08 08:01:55;"50";15.67;38.071;5.53;240.198816643368;"2019";"01";"2019-01"
2019-01-15 07:53:53;"50";14.585;38.063;5.61;243.616911260884;"2019";"01";"2019-01"
2019-01-22 07:56:40;"50";14.467;38.062;5.69;247.084868837861;"2019";"01";"2019-01"
2019-01-29 08:00:36;"50";13.972;38.112;5.6;243.141980815519;"2019";"01";"2019-01"
2019-02-05 07:58:26;"50";13.82;38.014;5.65;245.323187272032;"2019";"02";"2019-02"
2019-02-12 08:03:24;"50";13.742;38.062;5.78;250.954644011747;"2019";"02";"2019-02"
2019-02-19 08:09:05;"50";13.742;38.071;5.65;245.308672644317;"2019";"02";"2019-02"
2019-02-26 08:07:04;"50";13.843;38.071;5.74;249.221489528435;"2019";"02";"2019-02"
2019-03-06 07:46:23;"50";13.861;38.101;5.69;247.045919294102;"2019";"03";"2019-03"
2019-03-12 07:31:07;"50";13.742;38.122;5.76;250.074988209441;"2019";"03";"2019-03"
2019-03-19 07:50:16;"50";13.769;38.123;5.73;248.773724950357;"2019";"03";"2019-03"
2019-03-27 07:27:09;"50";13.817;38.153;5.82;252.677986068612;"2019";"03";"2019-03"
2019-04-02 06:31:11;"50";13.638;38.226;5.66;245.708854484976;"2019";"04";"2019-04"
2019-04-09 06:28:06;"50";13.73;38.152;5.87;254.844331758364;"2019";"04";"2019-04"
2019-04-16 06:20:56;"50";14.012;38.071;5.89;255.743304695758;"2019";"04";"2019-04"
2019-04-23 07:00:20;"50";14.794;38.021;5.91;256.664259485848;"2019";"04";"2019-04"
2019-04-30 06:34:18;"50";14.8;37.994;5.85;254.064016628413;"2019";"04";"2019-04"
2019-05-07 06:31:37;"50";15.239;37.918;5.88;255.40605176188;"2019";"05";"2019-05"
2019-05-14 06:30:16;"50";15.027;37.991;5.84;253.642855396772;"2019";"05";"2019-05"
2019-05-21 06:28:00;"50";15.239;38.068;5.73;248.86256531416;"2019";"05";"2019-05"
2019-05-28 06:32:04;"50";16.003;37.971;5.81;252.398727466638;"2019";"05";"2019-05"
2019-06-05 06:27:19;"50";15.414;38.044;5.84;253.654452978784;"2019";"06";"2019-06"
2019-06-11 06:52:53;"50";15.997;38.017;5.83;253.258491427755;"2019";"06";"2019-06"
2019-06-19 06:48:32;"50";14.802;38.108;5.82;252.739583195717;"2019";"06";"2019-06"
2019-06-25 06:31:24;"50";15.449;38.068;5.9;256.25787555449;"2019";"06";"2019-06"
2019-07-02 07:01:35;"50";14.982;38.084;5.94;257.965491406365;"2019";"07";"2019-07"
2019-07-09 07:10:36;"50";15.26;38.067;6.06;263.196385080985;"2019";"07";"2019-07"
2019-07-16 07:02:05;"50";16.053;38.029;6.1;264.988443428308;"2019";"07";"2019-07"
2019-07-23 07:01:31;"50";15.322;38.067;5.98;259.725414701087;"2019";"07";"2019-07"
2019-07-30 06:58:54;"50";16.403;38.009;6.21;269.792656210524;"2019";"07";"2019-07"
2019-08-06 07:08:06;"50";15.459;38.05;6.07;263.64572618946;"2019";"08";"2019-08"
2019-08-13 09:00:00;"50";15.1949992189153;38.0715;6.01666666666667;261.309704307569;"2019";"08";"2019-08"
2019-08-20 06:59:28;"50";14.837;38.093;5.96333333333333;258.96887376359;"2019";"08";"2019-08"
2019-08-27 07:16:56;"50";15.167;38.088;5.91;256.672300892413;"2019";"08";"2019-08"
2019-09-03 06:57:58;"50";15.422;38.077;6.04;262.335220119915;"2019";"09";"2019-09"
2019-09-10 07:12:13;"50";15.401;38.09;5.96;258.856845249231;"2019";"09";"2019-09"
2019-09-17 07:05:01;"50";15.55;38.106;6.02;261.468347728501;"2019";"09";"2019-09"
2019-09-24 07:19:54;"50";17.176;38.082;6.46;280.689430032788;"2019";"09";"2019-09"
2019-10-01 07:04:29;"50";20.056;38.158;6.31;274.353754315653;"2019";"10";"2019-10"
2019-10-08 06:59:49;"50";20.569;38.167;6.215;270.258005198975;"2019";"10";"2019-10"
2019-10-16 07:06:01;"50";16.427;38.051;6.12;265.87573063793;"2019";"10";"2019-10"
2019-10-22 06:40:11;"50";20.783;38.146;5.33;231.79081163826;"2019";"10";"2019-10"
2019-10-29 07:55:28;"50";19.739;38.173;5.38;233.89616872964;"2019";"10";"2019-10"
2019-11-05 07:32:14;"50";17.638;38.102;5.355;232.699071185402;"2019";"11";"2019-11"
2019-11-12 08:03:19;"50";18.992;38.05;5.33;231.699305237061;"2019";"11";"2019-11"
2019-11-19 08:02:22;"50";17.831;38.06;5.45;236.845772361899;"2019";"11";"2019-11"
2019-11-26 07:55:03;"50";17.758;37.802;5.39;234.279287062203;"2019";"11";"2019-11"
2019-12-03 07:53:25;"50";17.569;37.978;5.38;233.803201659862;"2019";"12";"2019-12"
2019-12-10 07:52:09;"50";16.907;37.903;5.5;238.993855874041;"2019";"12";"2019-12"
2019-12-17 07:43:36;"50";16.281;37.975;5.58;242.421738947326;"2019";"12";"2019-12"
2019-12-24 09:00:00;"50";16.4518163855063;37.951;5.62333333333333;244.318369529522;"2019";"12";"2019-12"
2019-12-31 09:00:00;"50";16.2909601658717;37.927;5.66666666666667;246.1963680888;"2019";"12";"2019-12"
2020-01-07 07:39:49;"50";15.528;37.903;5.71;248.040584732177;"2020";"01";"2020-01"
2020-01-14 08:00:23;"50";15.201;37.945;5.73;248.883457598742;"2020";"01";"2020-01"
2020-01-21 07:38:34;"50";14.733;38.081;5.58;242.318618878146;"2020";"01";"2020-01"
2020-01-28 07:39:24;"50";14.511;38.092;5.63;244.476198300345;"2020";"01";"2020-01"
2020-02-05 07:53:30;"50";14.318;38.111;5.83;253.146893180676;"2020";"02";"2020-02"
2020-02-12 09:55:20;"50";14;38.269;5.52;239.641613817212;"2020";"02";"2020-02"
2020-02-17 07:51:53;"50";14.242;38.11;5.9;256.182442124466;"2020";"02";"2020-02"
2020-02-25 07:59:07;"50";14.204;38.117;5.82;252.705412326911;"2020";"02";"2020-02"
2020-03-03 07:35:12;"50";13.968;38.203;5.64;244.861729925582;"2020";"03";"2020-03"
2020-03-10 08:21:44;"50";13.875;38.073;5.89;255.735571287681;"2020";"03";"2020-03"
2020-03-17 09:00:00;"50";14.0541105559331;38.064;5.88333333333333;255.457449239733;"2020";"03";"2020-03"
2020-03-24 09:00:00;"50";14.2577594303489;38.055;5.87666666666667;255.180703951106;"2020";"03";"2020-03"
2020-03-31 09:00:00;"50";14.3954420498116;38.046;5.87;254.900424379154;"2020";"03";"2020-03"
2020-04-07 09:00:00;"50";14.600098091128;38.037;5.86333333333333;254.623836502994;"2020";"04";"2020-04"
2020-04-14 09:00:00;"50";14.8033553495758;38.028;5.85666666666667;254.347235486897;"2020";"04";"2020-04"
2020-04-23 07:56:16;"50";15.062;38.019;5.85;254.073783460097;"2020";"04";"2020-04"
2020-04-28 09:00:00;"50";15.4112681769152;38.0115;5.84333333333333;253.805268726489;"2020";"04";"2020-04"
2020-05-05 06:54:24;"50";15.464;38.004;5.83666666666667;253.52010794163;"2020";"05";"2020-05"
2020-05-14 07:22:21;"50";16.733;37.88;5.83;253.327506753725;"2020";"05";"2020-05"
2020-05-19 06:34:02;"50";16.352;37.834;5.82333333333333;253.024156828798;"2020";"05";"2020-05"
2020-05-26 06:57:27;"50";15.526;37.867;5.81666666666667;252.68086294132;"2020";"05";"2020-05"
2020-06-02 07:18:17;"50";14.799;38.008;5.81;252.324117506176;"2020";"06";"2020-06"
2020-06-09 07:22:18;"50";15.71;38.001;5.92;257.154512927679;"2020";"06";"2020-06"
2020-06-15 07:05:00;"50";15.1108975762792;38.051;5.78;251.030250050235;"2020";"06";"2020-06"
2020-06-23 06:53:04;"50";14.369;38.101;5.69;247.0724408612;"2020";"06";"2020-06"
2020-06-30 06:54:09;"50";15.351;38.005;6.05;262.779598814469;"2020";"06";"2020-06"
2020-07-07 06:45:15;"50";15.367;38;6.05;262.781518998185;"2020";"07";"2020-07"
2020-07-15 06:40:17;"50";14.71;38.064;5.82;252.74289466069;"2020";"07";"2020-07"
2020-07-21 07:05:30;"50";14.97;38.035;5.89;255.802807642499;"2020";"07";"2020-07"
2020-07-28 06:49:29;"50";15.302;38.016;6.04;262.340234083952;"2020";"07";"2020-07"
2020-08-04 06:46:23;"50";16.043;37.982;6.16;267.603703033532;"2020";"08";"2020-08"
2020-08-11 09:00:00;"50";15.7041852856207;38.003;6.16;267.578944146943;"2020";"08";"2020-08"
2020-08-19 09:00:00;"50";15.5366475079519;38.024;6.16;267.564667407737;"2020";"08";"2020-08"
2020-08-25 06:46:05;"50";15.26;38.045;6.16;267.543978246894;"2020";"08";"2020-08"
2020-09-01 07:08:00;"50";16.51;37.938;6.29;273.289548751333;"2020";"09";"2020-09"
2020-09-07 06:51:18;"50";15.471;38.015;5.88;255.400615389491;"2020";"09";"2020-09"
2020-09-14 06:48:33;"50";15.809;37.965;6.06;263.248856167659;"2020";"09";"2020-09"
2020-09-22 07:13:00;"50";15.218;38.046;5.62;244.08799705182;"2020";"09";"2020-09"
2020-09-29 07:10:53;"50";14.423;38.157;5.18;224.920232832675;"2020";"09";"2020-09"
2020-10-06 06:54:38;"50";18.206;37.817;5.61;243.865663520244;"2020";"10";"2020-10"
2020-10-13 07:04:12;"50";19.664;37.927;5.77;250.892535511577;"2020";"10";"2020-10"
2020-10-20 06:53:35;"50";18.184;37.977;5.56;241.662001868024;"2020";"10";"2020-10"
2020-10-27 07:52:18;"50";15.933;37.964;5.97;259.346699635939;"2020";"10";"2020-10"
2020-11-03 08:06:48;"50";17.816;37.962;5.61;243.815998899815;"2020";"11";"2020-11"
2020-11-10 07:58:45;"50";18.39;37.956;5.5;239.070051590591;"2020";"11";"2020-11"
2020-11-17 07:53:31;"50";17.93;37.992;5.49;238.601963973638;"2020";"11";"2020-11"
2020-11-24 07:28:43;"50";15.916;38.02;5.52;239.786960930654;"2020";"11";"2020-11"
2020-12-02 07:52:20;"50";16.485;37.999;5.6;243.297725589925;"2020";"12";"2020-12"
2020-12-08 07:48:29;"50";16.083;38.015;5.56;241.53463886348;"2020";"12";"2020-12"
2020-12-15 07:46:13;"50";15.891;37.982;5.56;241.53005844704;"2020";"12";"2020-12"
2020-12-22 08:00:00;"50";15.537;37.701;5.54;240.692799637038;"2020";"12";"2020-12"
2021-01-05 08:00:00;"50";14.757;37.863;5.65;245.399935029734;"2021";"01";"2021-01"
2021-01-12 08:03:35;"50";14.503;37.948;5.68;246.673672985838;"2021";"01";"2021-01"
2021-01-19 07:55:45;"50";14.302;38.012;5.68;246.651206260405;"2021";"01";"2021-01"
2021-01-26 07:44:45;"50";14.161;38.042;5.69;247.072480774055;"2021";"01";"2021-01"
2021-02-02 07:50:40;"50";14.042;38.056;5.66;245.761050397545;"2021";"02";"2021-02"
2021-02-09 07:26:04;"50";13.898;37.97;5.83;253.151303652335;"2021";"02";"2021-02"
2021-02-16 07:38:43;"50";13.933;38.042;5.86;254.442041074517;"2021";"02";"2021-02"
2021-02-23 07:39:07;"50";13.913;38.066;5.83;253.133802307929;"2021";"02";"2021-02"
2021-03-02 07:44:00;"50";13.912;38.074;5.86;254.434791905783;"2021";"03";"2021-03"
2021-03-09 07:52:16;"50";13.971;38.131;5.89;255.729550723832;"2021";"03";"2021-03"
2021-03-16 07:44:04;"50";13.909;38.117;5.88;255.294744892946;"2021";"03";"2021-03"
2021-03-23 08:10:13;"50";13.859;38.151;5.84;253.54890192858;"2021";"03";"2021-03"
2021-03-30 06:45:48;"50";13.858;38.195;5.74;249.199003247965;"2021";"03";"2021-03"
2021-04-06 06:27:06;"50";14.684;38.16;5.91;256.631328391183;"2021";"04";"2021-04"
2021-04-13 06:41:17;"50";14.422;38.181;5.95;258.349603416849;"2021";"04";"2021-04"
2021-04-20 06:38:27;"50";14.18;38.097;5.96;258.78681401648;"2021";"04";"2021-04"
2021-04-27 06:33:17;"50";14.67;38.08;6.04;262.291325355646;"2021";"04";"2021-04"
2021-05-04 06:46:27;"50";14.533;38.111;5.98;259.672059442479;"2021";"05";"2021-05"
2021-05-11 07:06:48;"50";15.851;38.06;5.91;256.71694793598;"2021";"05";"2021-05"
2021-05-18 06:43:00;"50";14.388;38.156;5.77;250.536872417186;"2021";"05";"2021-05"
2021-05-25 06:24:57;"50";15.544;38.09;5.93;257.562098129289;"2021";"05";"2021-05"
2021-06-01 06:38:57;"50";15.598;38.121;5.86;254.518897831414;"2021";"06";"2021-06"
2021-06-09 07:36:36;"50";15.04;38.165;5.86;254.478963522135;"2021";"06";"2021-06"
2021-06-15 06:44:45;"50";14.669;38.155;5.93;257.499924955778;"2021";"06";"2021-06"
2021-06-22 06:47:50;"50";14.947;38.152;5.94;257.950339361169;"2021";"06";"2021-06"
2021-06-29 06:52:11;"50";15.78;38.146;6.07;263.645746039505;"2021";"06";"2021-06"
2021-07-06 06:39:37;"50";15.288;38.143;5.97;259.274344444589;"2021";"07";"2021-07"
2021-07-13 06:39:10;"50";15.242;38.12;5.87;254.933194213084;"2021";"07";"2021-07"
2021-07-20 06:41:56;"50";14.724;38.136;5.74;249.256033811072;"2021";"07";"2021-07"
2021-07-27 06:41:30;"50";16.282;38.084;6.08;264.122609914913;"2021";"07";"2021-07"
2021-08-03 06:34:12;"50";16.148;38.075;6.15;267.157073804013;"2021";"08";"2021-08"
2021-08-24 07:00:00;"50";15.9847265360321;38.0746666666667;5.93;257.590693349819;"2021";"08";"2021-08"
2021-08-31 07:00:00;"50";15.9271456836281;38.0743333333333;5.89;255.849863807254;"2021";"08";"2021-08"
2021-09-07 06:35:59;"50";15.587;38.074;5.86;254.527243674452;"2021";"09";"2021-09"
2021-09-14 06:23:26;"50";15.255;38.077;5.88;255.37647090747;"2021";"09";"2021-09"
2021-09-21 06:45:46;"50";15.758;38.04;5.9;256.281025142998;"2021";"09";"2021-09"
2021-09-28 06:50:21;"50";15.639;38.048;5.88;255.4038995577;"2021";"09";"2021-09"
2021-10-05 06:25:59;"50";17.425;37.999;6.04;262.472170200355;"2021";"10";"2021-10"
2021-10-12 06:52:12;"50";16.848;38.007;5.95;258.524192265114;"2021";"10";"2021-10"
2021-10-19 06:51:31;"50";16.394;38.065;5.63;244.58386296187;"2021";"10";"2021-10"
2021-10-25 06:56:55;"50";19.908;38.186;5.29;229.991286510924;"2021";"10";"2021-10"
2021-11-03 07:47:25;"50";16.153;38.085;5.61;243.69783264121;"2021";"11";"2021-11"
2021-11-09 07:51:59;"50";18.512;38.152;5.22;226.872916694275;"2021";"11";"2021-11"
2021-11-16 09:00:00;"50";18.8291790359122;38.1355;5.27;229.06704473277;"2021";"11";"2021-11"
2021-11-23 07:44:35;"50";17.79;38.119;5.32;231.183746537025;"2021";"11";"2021-11"
2021-11-30 09:00:00;"50";17.6490349308164;38.1315;5.44;236.388128039421;"2021";"11";"2021-11"
2021-12-07 07:48:27;"50";16.366;38.144;5.56;241.527001206755;"2021";"12";"2021-12"
2021-12-14 08:01:13;"50";15.462;38.126;5.34;231.925672883162;"2021";"12";"2021-12"
2021-12-21 07:48:26;"50";15.144;38.1225;5.45;236.687091159322;"2021";"12";"2021-12"
2021-12-28 09:00:00;"50";17.26648730237;38.119;5.45;236.803104933537;"2021";"12";"2021-12"
2022-01-04 09:00:00;"50";15.2876576390098;38.1155;5.45;236.695852418513;"2022";"01";"2022-01"
2022-01-11 07:42:22;"50";14.896;38.112;5.45;236.676081704615;"2022";"01";"2022-01"
2022-01-18 07:37:26;"50";14.508;38.148;5.55;240.991988939671;"2022";"01";"2022-01"
2022-01-25 08:12:06;"50";14.276;38.145;5.49;238.37538051386;"2022";"01";"2022-01"
2022-02-01 07:49:49;"50";14.182;38.148;5.56;241.409410128926;"2022";"02";"2022-02"
2022-02-08 08:05:04;"50";14.154;38.16;5.63;244.445079909805;"2022";"02";"2022-02"
2022-02-15 07:58:04;"50";13.964;38.224;5.53;240.082060913679;"2022";"02";"2022-02"
2022-02-22 07:58:01;"50";13.854;38.201;5.56;241.383107945109;"2022";"02";"2022-02"
2022-03-02 07:52:34;"50";13.785;38.199;5.67;246.155496705448;"2022";"03";"2022-03"
2022-03-08 07:48:38;"50";13.712;38.211;5.64;244.847152429036;"2022";"03";"2022-03"
2022-03-16 08:02:37;"50";13.608;38.233;5.7;247.442470519779;"2022";"03";"2022-03"
2022-03-22 07:41:22;"50";13.505;38.272;5.66;245.693585376139;"2022";"03";"2022-03"
2022-03-30 08:41:10;"50";13.59;38.276;5.79;251.34037864304;"2022";"03";"2022-03"
2022-04-05 06:46:16;"50";13.694;38.27;5.83;253.083355931895;"2022";"04";"2022-04"
2022-04-12 06:32:16;"50";13.736;38.276;5.74;249.177459748537;"2022";"04";"2022-04"
2022-04-19 06:47:27;"50";14.109;38.251;5.82;252.674849620181;"2022";"04";"2022-04"
2022-04-26 06:43:34;"50";13.963;38.23;5.73;248.763780610532;"2022";"04";"2022-04"
2022-05-02 07:06:00;"50";14.01;38.213;5.72;248.33527087911;"2022";"05";"2022-05"
2022-05-10 06:38:52;"50";15.048;38.15;5.84;253.613737242129;"2022";"05";"2022-05"
2022-05-17 06:38:32;"50";14.454;38.19;5.82;252.705013200852;"2022";"05";"2022-05"
2022-05-24 06:31:37;"50";14.603;38.153;5.88;255.325505290845;"2022";"05";"2022-05"
2022-05-31 06:59:07;"50";14.73;38.133;5.82;252.730884063041;"2022";"05";"2022-05"
2022-06-08 06:43:21;"50";15.063;38.151;5.82;252.745840262353;"2022";"06";"2022-06"
2022-06-14 06:49:16;"50";14.462;38.171;5.78;250.972225245773;"2022";"06";"2022-06"
2022-06-21 06:33:55;"50";14.515;38.142;5.73;248.809442074289;"2022";"06";"2022-06"
2022-06-28 06:39:14;"50";15.867;38.081;6.01;261.057556468005;"2022";"06";"2022-06"
2022-07-05 06:28:45;"50";14.629;38.14;5.8;251.85556342444;"2022";"07";"2022-07"
2022-07-12 07:32:35;"50";14.378;38.162;5.67;246.193174942445;"2022";"07";"2022-07"
2022-07-19 07:01:20;"50";14.482;38.163;5.82;252.711662060414;"2022";"07";"2022-07"
2022-07-25 07:45:23;"50";14.666;38.149;5.77;250.553170856054;"2022";"07";"2022-07"
2022-08-02 07:08:25;"50";14.952;38.144;5.7925;251.546793655931;"2022";"08";"2022-08"
2022-08-09 07:00:00;"50";14.7921943219242;38.139;5.815;252.516032536779;"2022";"08";"2022-08"
2022-08-16 07:00:00;"50";14.9428230211191;38.134;5.8375;253.502372077977;"2022";"08";"2022-08"
2022-08-23 07:32:04;"50";15.135;38.129;5.86;254.49116207608;"2022";"08";"2022-08"
2022-08-30 06:45:22;"50";15.62;38.103;5.82;252.786229196388;"2022";"08";"2022-08"
2022-09-06 07:00:00;"50";15.585518764093;38.1175;5.9;256.256183409148;"2022";"09";"2022-09"
2022-09-13 06:43:03;"50";15.24;38.132;5.87;254.930784820807;"2022";"09";"2022-09"
2022-09-20 08:21:52;"50";16.5599486608362;38.1695;5.95;258.475334765305;"2022";"09";"2022-09"
2022-09-28 06:52:28;"50";17.77;38.207;6.05;262.887769757424;"2022";"09";"2022-09"
2022-10-04 07:19:19;"50";19.445;38.217;5.79;251.69362489013;"2022";"10";"2022-10"
2022-10-11 06:45:26;"50";18.246;38.786;5.87;254.985873614486;"2022";"10";"2022-10"
2022-10-18 09:00:00;"50";18.674838802401;38.6914;5.66;245.907385587726;"2022";"10";"2022-10"
2022-10-25 08:00:00;"50";18.9695382785444;38.5968;5.45;236.817925771903;"2022";"10";"2022-10"
2022-11-02 08:00:00;"50";19.0978457043407;38.5022;5.32;231.192888858984;"2022";"11";"2022-11"
2022-11-08 08:00:00;"50";20.065143953993;38.4076;5.31;230.832244691089;"2022";"11";"2022-11"
2022-11-16 08:00:00;"50";19.9;38.313;5.11;222.144039751316;"2022";"11";"2022-11"
2022-11-22 08:00:00;"50";19.321;38.32;5.11;222.109648658867;"2022";"11";"2022-11"
2022-11-29 08:00:00;"50";18.1;38.237;5.19;225.531741659435;"2022";"11";"2022-11"
2022-12-06 08:00:00;"50";17.572;38.243;5.27;228.97765819441;"2022";"12";"2022-12"
2022-12-13 08:00:00;"50";16.921;38.18;5.26;228.518421693254;"2022";"12";"2022-12"
2022-12-20 08:00:00;"50";16.621;38.151;5.28;229.376148927581;"2022";"12";"2022-12"
2022-12-27 09:00:00;"50";16.748907826776;38.151;5.28;229.383009208876;"2022";"12";"2022-12"
