"datetime";"depth";"temperature";"salinity";"impute_temp";"impute_sal"
1995-01-18;0;14.037;38.036;14.037;38.036
1995-01-26;0;13.853;38.175;13.853;38.175
1995-02-01;0;13.876;38.191;13.876;38.191
1995-02-08;0;13.708;38.118;13.708;38.118
1995-02-15;0;13.567;38.172;13.567;38.172
1995-02-22;0;13.521;37.893;13.521;37.893
1995-03-01;0;13.232;38.089;13.232;38.089
1995-03-08;0;12.965;38.045;12.965;38.045
1995-03-15;0;12.864;38.046;12.864;38.046
1995-03-22;0;13.093;37.972;13.093;37.972
1995-03-29;0;13.015;38.014;13.015;38.014
1995-04-05;0;13.689;37.974;13.689;37.974
1995-04-11;0;13.844;38.034;13.844;38.034
1995-04-19;0;14.188;38.093;14.188;38.093
1995-04-26;0;13.932;37.947;13.932;37.947
1995-05-03;0;16.502;37.774;16.502;37.774
1995-05-10;0;17.413;37.728;17.413;37.728
1995-05-17;0;16.825;37.724;16.825;37.724
1995-05-24;0;18.058;37.641;18.058;37.641
1995-05-31;0;17.549;37.736;17.549;37.736
1995-06-07;0;19.469;37.729;19.469;37.729
1995-06-14;0;18.589;37.95;18.589;37.95
1995-06-21;0;21.835;37.786;21.835;37.786
1995-06-29;0;20.947;37.959;20.947;37.959
1995-07-05;0;22.37;37.971;22.37;37.971
1995-07-19;0;25.308;37.726;25.308;37.726
1995-07-26;0;26.833;38.397;26.833;38.397
1995-08-02;0;26.179;38.066;26.179;38.066
1995-08-09;0;23.525;38.143;23.525;38.143
1995-08-16;0;25.297;38.195;25.297;38.195
1995-08-23;0;24.855;38.315;24.855;38.315
1995-08-30;0;24.138;38.264;24.138;38.264
1995-09-06;0;22.266;38.162;22.266;38.162
1995-09-13;0;21.889;37.672;21.889;37.672
1995-09-21;0;21.183;38.022;21.183;38.022
1995-09-27;0;21.073;38.072;21.073;38.072
1995-10-04;0;20.618;38.044;20.618;38.044
1995-10-11;0;20.434;37.782;20.434;37.782
1995-10-18;0;20.303;37.545;20.303;37.545
1995-10-24;0;20.21;37.949;20.21;37.949
1995-10-31;0;19.708;38.046;19.708;38.046
1995-11-09;0;18.132;38.174;18.132;38.174
1995-11-15;0;17.881;38.096;17.881;38.096
1995-11-29;0;16.28;38.108;16.28;38.108
1995-12-06;0;16.078;38.144;16.078;38.144
1995-12-13;0;15.573;38.154;15.573;38.154
1995-12-19;0;15.211;38.15;15.211;38.15
1995-12-29;0;14.902;38.172;14.902;38.172
1996-01-03;0;14.815;38.132;14.815;38.132
1996-01-10;0;14.28;38.061;14.28;38.061
1996-01-17;0;13.75;37.593;13.75;37.593
1996-01-24;0;13.795;37.957;13.795;37.957
1996-02-01;0;14.166;38.034;14.166;38.034
1996-02-08;0;13.852;37.999;13.852;37.999
1996-02-13;0;13.738;38.07;13.738;38.07
1996-02-21;0;13.52;38.037;13.52;38.037
1996-02-28;0;13.49;38.062;13.49;38.062
1996-03-06;0;13.402;38.067;13.402;38.067
1996-03-13;0;13.298;38.086;13.298;38.086
1996-03-20;0;13.522;37.972;13.522;37.972
1996-03-27;0;13.741;38.053;13.741;38.053
1996-04-03;0;13.67;38.058;13.67;38.058
1996-04-10;0;14.743;37.15;14.743;37.15
1996-04-17;0;15.013;37.882;15.013;37.882
1996-04-30;0;15.313;37.691;15.313;37.691
1996-05-07;0;15.38;37.811;15.38;37.811
1996-05-15;0;17.571;37.5;17.571;37.5
1996-05-22;0;17.011;37.64;17.011;37.64
1996-05-29;0;19.643;37.593;19.643;37.593
1996-06-05;0;19.958;37.546;19.958;37.546
1996-06-12;0;23.381;37.597;23.381;37.597
1996-06-19;0;22.663;37.677;22.663;37.677
1996-06-26;0;20.147;37.813;20.147;37.813
1996-07-03;0;21.365;37.876;21.365;37.876
1996-07-10;0;21.459;37.918;21.459;37.918
1996-07-17;0;22.648;37.888;22.648;37.888
1996-07-26;0;23.324;37.988;23.324;37.988
1996-07-31;0;24.169;37.995;24.169;37.995
1996-08-07;0;25.149;37.966;25.149;37.966
1996-08-14;0;23.398;38.031;23.398;38.031
1996-08-21;0;24.746;38.031;24.746;38.031
1996-08-28;0;24.059;38.024;24.059;38.024
1996-09-04;0;23.13;37.953;23.13;37.953
1996-09-11;0;22.131;38.041;22.131;38.041
1996-09-18;0;21.677;38.09;21.677;38.09
1996-09-25;0;21.164;38.095;21.164;38.095
1996-10-03;0;21.004;38.048;21.004;38.048
1996-10-10;0;20.161;38.029;20.161;38.029
1996-10-16;0;19.596;37.987;19.596;37.987
1996-10-23;0;19.546;37.973;19.546;37.973
1996-10-30;0;19.039;37.996;19.039;37.996
1996-11-06;0;18.69;37.982;18.69;37.982
1996-11-14;0;17.821;37.803;17.821;37.803
1996-11-22;0;16.723;37.951;16.723;37.951
1996-11-27;0;16.185;37.945;16.185;37.945
1996-12-04;0;15.791;37.966;15.791;37.966
1996-12-11;0;15.335;37.573;15.335;37.573
1996-12-18;0;14.424;37.731;14.424;37.731
1996-12-23;0;14.582;37.772;14.582;37.772
1997-01-02;0;13.82;37.884;13.82;37.884
1997-01-09;0;13.041;37.572;13.041;37.572
1997-01-15;0;13.151;37.654;13.151;37.654
1997-01-22;0;13.138;37.607;13.138;37.607
1997-01-29;0;13.31;37.659;13.31;37.659
1997-02-05;0;13.267;37.658;13.267;37.658
1997-02-12;0;13.31;37.684;13.31;37.684
1997-02-19;0;13.433;37.729;13.433;37.729
1997-02-26;0;13.637;37.669;13.637;37.669
1997-03-05;0;13.83;37.704;13.83;37.704
1997-03-12;0;13.916;37.83;13.916;37.83
1997-03-20;0;14.177;37.808;14.177;37.808
1997-03-26;0;14.209;37.839;14.209;37.839
1997-04-02;0;14.655;37.805;14.655;37.805
1997-04-09;0;14.441;37.836;14.441;37.836
1997-04-16;0;15.077;37.772;15.077;37.772
1997-04-23;0;15.251;37.884;15.251;37.884
1997-04-30;0;15.708;37.915;15.708;37.915
1997-05-14;0;15.293;37.889;15.293;37.889
1997-05-21;0;17.367;37.772;17.367;37.772
1997-05-28;0;19.915;37.801;19.915;37.801
1997-06-04;0;18.956;37.802;18.956;37.802
1997-06-11;0;21.535;37.33;21.535;37.33
1997-06-18;0;23.022;37.578;23.022;37.578
1997-06-25;0;19.587;37.832;19.587;37.832
1997-07-02;0;16.828;37.821;16.828;37.821
1997-07-08;0;21.077;37.914;21.077;37.914
1997-07-16;0;23.672;37.868;23.672;37.868
1997-07-23;0;24.558;37.789;24.558;37.789
1997-07-30;0;25.888;37.907;25.888;37.907
1997-08-13;0;25.638;37.943;25.638;37.943
1997-08-20;0;24.985;37.909;24.985;37.909
1997-08-27;0;24.919;37.927;24.919;37.927
1997-09-03;0;23.7;37.831;23.7;37.831
1997-09-10;0;24.698;37.871;24.698;37.871
1997-09-17;0;23.68;38.03;23.68;38.03
1997-09-24;0;23.037;38.093;23.037;38.093
1997-10-01;0;22.979;38.142;22.979;38.142
1997-10-03;0;22.811;38.159;22.811;38.159
1997-10-07;0;22.702;38.167;22.702;38.167
1997-10-08;0;22.58;38.164;22.58;38.164
1997-10-15;0;21.444;38.026;21.444;38.026
1997-10-22;0;21.096;38.017;21.096;38.017
1997-10-30;0;19.463;38.053;19.463;38.053
1997-11-05;0;18.347;38.055;18.347;38.055
1997-11-13;0;17.466;37.836;17.466;37.836
1997-11-19;0;17.524;37.923;17.524;37.923
1997-11-26;0;16.964;37.946;16.964;37.946
1997-12-04;0;16.401;37.968;16.401;37.968
1997-12-10;0;16.229;37.946;16.229;37.946
1997-12-17;0;15.776;37.93;15.776;37.93
1997-12-23;0;15.017;37.362;15.017;37.362
1997-12-30;0;15.289;37.826;15.289;37.826
1998-01-07;0;15.125;37.847;15.125;37.847
1998-01-14;0;14.777;37.74;14.777;37.74
1998-01-21;0;14.486;37.876;14.486;37.876
1998-01-28;0;14.217;37.916;14.217;37.916
1998-02-04;0;14.137;37.919;14.137;37.919
1998-02-11;0;13.935;37.924;13.935;37.924
1998-02-18;0;13.887;37.802;13.887;37.802
1998-02-25;0;13.991;37.878;13.991;37.878
1998-03-04;0;14.171;37.859;14.171;37.859
1998-03-11;0;13.947;37.901;13.947;37.901
1998-03-18;0;14.194;37.882;14.194;37.882
1998-03-25;0;13.959;37.909;13.959;37.909
1998-04-01;0;14.281;37.928;14.281;37.928
1998-04-08;0;13.864;37.912;13.864;37.912
1998-04-15;0;13.47;37.891;13.47;37.891
1998-04-22;0;15.294;37.867;15.294;37.867
1998-04-29;0;15.384;37.539;15.384;37.539
1998-05-06;0;15.726;37.332;15.726;37.332
1998-05-13;0;18.158;37.451;18.158;37.451
1998-05-20;0;19.121;37.528;19.121;37.528
1998-05-27;0;19.475;37.617;19.475;37.617
1998-06-03;0;19.734;37.307;19.734;37.307
1998-06-10;0;21.749;37.739;21.749;37.739
1998-06-17;0;20.251;37.777;20.251;37.777
1998-06-24;0;22.381;37.744;22.381;37.744
1998-07-01;0;24.132;37.797;24.132;37.797
1998-07-08;0;22.398;37.87;22.398;37.87
1998-07-15;0;23.777;37.984;23.777;37.984
1998-07-22;0;24.76;37.998;24.76;37.998
1998-07-29;0;25.483;38.034;25.483;38.034
1998-08-05;0;24.71;38.016;24.71;38.016
1998-08-12;0;25.386;38.082;25.386;38.082
1998-08-19;0;25.116;38.146;25.116;38.146
1998-08-26;0;25.898;38.074;25.898;38.074
1998-09-02;0;24.314;38.151;24.314;38.151
1998-09-09;0;23.687;38.039;23.687;38.039
1998-09-17;0;21.941;38.052;21.941;38.052
1998-09-23;0;21.92;38.112;21.92;38.112
1998-10-01;0;20.474;37.59;20.474;37.59
1998-10-07;0;20.093;37.843;20.093;37.843
1998-10-14;0;19.509;37.784;19.509;37.784
1998-10-21;0;19.376;37.812;19.376;37.812
1998-10-30;0;18.615;37.98;18.615;37.98
1998-11-06;0;18.082;37.951;18.082;37.951
1998-11-12;0;17.74;38.02;17.74;38.02
1998-11-18;0;16.984;38.047;16.984;38.047
1998-11-25;0;15.061;38.126;15.061;38.126
1998-12-02;0;14.948;38.106;14.948;38.106
1998-12-09;0;14.665;38.145;14.665;38.145
1998-12-16;0;14.595;38.142;14.595;38.142
1998-12-23;0;14.369;38.125;14.369;38.125
1999-01-06;0;13.848;38.097;13.848;38.097
1999-01-13;0;13.63;38.066;13.63;38.066
1999-01-20;0;13.565;38.062;13.565;38.062
1999-01-27;0;13.565;38.036;13.565;38.036
1999-02-03;0;13.423;38.024;13.423;38.024
1999-02-10;0;13.089;38.101;13.089;38.101
1999-02-11;0;13.092;38.101;13.092;38.101
1999-02-16;0;12.976;38.116;12.976;38.116
1999-02-19;0;12.988;38.115;12.988;38.115
1999-02-24;0;12.861;38.159;12.861;38.159
1999-03-03;0;13.189;38.154;13.189;38.154
1999-03-10;0;12.896;38.165;12.896;38.165
1999-03-29;0;13.555;38.014;13.555;38.014
1999-04-01;0;13.496;37.867;13.496;37.867
1999-04-07;0;14.129;37.965;14.129;37.965
1999-04-14;0;13.715;38.098;13.715;38.098
1999-04-21;0;13.881;38.068;13.881;38.068
1999-04-28;0;14.435;37.91;14.435;37.91
1999-05-05;0;15.582;37.538;15.582;37.538
1999-05-11;0;16.583;37.537;16.583;37.537
1999-05-18;0;18.316;37.732;18.316;37.732
1999-05-26;0;19.577;37.738;19.577;37.738
1999-06-02;0;20.72;37.863;20.72;37.863
1999-06-09;0;21.23;37.928;21.23;37.928
1999-06-16;0;22.291;37.4;22.291;37.4
1999-06-23;0;22.36;37.711;22.36;37.711
1999-07-01;0;23.524;38.12;23.524;38.12
1999-07-07;0;23.85;38.181;23.85;38.181
1999-07-15;0;24.054;38.111;24.054;38.111
1999-07-21;0;25.304;38.096;25.304;38.096
1999-07-28;0;24.585;38.199;24.585;38.199
1999-08-04;0;25.07;38.236;25.07;38.236
1999-08-11;0;24.699;38.216;24.699;38.216
1999-08-18;0;25.047;38.25;25.047;38.25
1999-08-25;0;25.946;38.316;25.946;38.316
1999-09-01;0;25.46;38.329;25.46;38.329
1999-09-08;0;24.675;38.332;24.675;38.332
1999-09-16;0;24.138;38.327;24.138;38.327
1999-09-22;0;23.326;38.109;23.326;38.109
1999-09-29;0;22.9;38.23;22.9;38.23
1999-10-06;0;22.304;38.272;22.304;38.272
1999-10-13;0;21.878;38.231;21.878;38.231
1999-10-20;0;20.966;38.244;20.966;38.244
1999-10-27;0;19.396;37.247;19.396;37.247
1999-11-03;0;20.205;37.507;20.205;37.507
1999-11-10;0;19.664;38.056;19.664;38.056
1999-11-18;0;18.179;38.037;18.179;38.037
1999-11-24;0;17.138;38.061;17.138;38.061
1999-12-01;0;16.334;38.104;16.334;38.104
1999-12-08;0;15.858;38.086;15.858;38.086
1999-12-17;0;15.082;38.079;15.082;38.079
1999-12-22;0;14.772;38.079;14.772;38.079
1999-12-30;0;13.706;38.194;13.706;38.194
2000-01-05;0;13.674;38.15;13.674;38.15
2000-01-12;0;13.673;38.112;13.673;38.112
2000-01-19;0;13.483;38.135;13.483;38.135
2000-01-26;0;13.278;38.155;13.278;38.155
2000-02-02;0;13.171;38.173;13.171;38.173
2000-02-09;0;13.184;38.155;13.184;38.155
2000-02-18;0;13.082;38.154;13.082;38.154
2000-02-23;0;13.022;38.15;13.022;38.15
2000-03-02;0;13.014;38.156;13.014;38.156
2000-03-09;0;13.446;38.174;13.446;38.174
2000-03-15;0;13.685;38.125;13.685;38.125
2000-03-22;0;13.618;38.153;13.618;38.153
2000-03-29;0;13.422;38.088;13.422;38.088
2000-04-06;0;13.405;38.064;13.405;38.064
2000-04-14;0;13.668;37.871;13.668;37.871
2000-04-19;0;13.827;37.874;13.827;37.874
2000-04-26;0;15.292;37.773;15.292;37.773
2000-05-03;0;16.518;37.77;16.518;37.77
2000-05-10;0;16.842;37.742;16.842;37.742
2000-05-16;0;18.544;37.834;18.544;37.834
2000-05-24;0;19.412;38.031;19.412;38.031
2000-05-30;0;17.5;38.025;17.5;38.025
2000-06-07;0;21.604;38.056;21.604;38.056
2000-06-14;0;22.427;37.886;22.427;37.886
2000-06-21;0;23.552;37.773;23.552;37.773
2000-06-28;0;24.106;37.944;24.106;37.944
2000-07-05;0;23.383;38.096;23.383;38.096
2000-07-13;0;18.548;38.084;18.548;38.084
2000-07-19;0;22.53;38.149;22.53;38.149
2000-07-26;0;22.675;38.153;22.675;38.153
2000-08-02;0;23.81;38.199;23.81;38.199
2000-08-16;0;25.01;38.196;25.01;38.196
2000-08-23;0;25.612;38.211;25.612;38.211
2000-08-30;0;25.516;38.271;25.516;38.271
2000-09-13;0;24.058;38.282;24.058;38.282
2000-09-20;0;23.014;38.285;23.014;38.285
2000-09-27;0;22.333;38.272;22.333;38.272
2000-10-04;0;21.813;38.22;21.813;38.22
2000-10-18;0;19.75;37.446;19.75;37.446
2000-10-25;0;19.912;37.817;19.912;37.817
2000-11-02;0;19.19;37.862;19.19;37.862
2000-11-10;0;18.036;37.9;18.036;37.9
2000-11-15;0;17.568;37.273;17.568;37.273
2000-11-22;0;17.577;37.769;17.577;37.769
2000-11-29;0;17.447;37.922;17.447;37.922
2000-12-05;0;16.384;37.634;16.384;37.634
2000-12-13;0;16.319;38.001;16.319;38.001
2000-12-20;0;15.898;38.013;15.898;38.013
2001-01-04;0;15.05;38.073;15.05;38.073
2001-01-11;0;14.361;37.718;14.361;37.718
2001-01-17;0;14.107;37.776;14.107;37.776
2001-01-31;0;13.966;38.066;13.966;38.066
2001-02-08;0;13.808;37.998;13.808;37.998
2001-02-14;0;13.718;37.959;13.718;37.959
2001-02-22;0;13.823;37.963;13.823;37.963
2001-03-02;0;13.892;38.117;13.892;38.117
2001-03-07;0;13.82;37.965;13.82;37.965
2001-03-15;0;14.004;38.011;14.004;38.011
2001-03-27;0;14.359;37.815;14.359;37.815
2001-04-04;0;14.735;37.788;14.735;37.788
2001-04-11;0;14.928;37.933;14.928;37.933
2001-04-18;0;14.992;37.968;14.992;37.968
2001-04-24;0;14.992;37.994;14.992;37.994
2001-05-02;0;15.595;37.661;15.595;37.661
2001-05-09;0;16.3;37.133;16.3;37.133
2001-05-16;0;18.019;37.732;18.019;37.732
2001-05-22;0;18.127;37.84;18.127;37.84
2001-06-13;0;20.99;37.915;20.99;37.915
2001-06-20;0;21.018;37.988;21.018;37.988
2001-06-27;0;23.597;37.965;23.597;37.965
2001-07-04;0;24.409;37.966;24.409;37.966
2001-07-11;0;23.343;38.013;23.343;38.013
2001-07-18;0;23.816;38.097;23.816;38.097
2001-07-25;0;23.962;38.012;23.962;38.012
2001-08-01;0;25.432;38.088;25.432;38.088
2001-08-08;0;24.525;38.091;24.525;38.091
2001-08-21;0;24.772;38.18;24.772;38.18
2001-08-30;0;26.586;38.222;26.586;38.222
2001-09-05;0;21.456;38.161;21.456;38.161
2001-09-21;0;20.826;38.222;20.826;38.222
2001-09-26;0;20.969;38.204;20.969;38.204
2001-10-03;0;21.039;38.182;21.039;38.182
2001-10-10;0;21.179;38.148;21.179;38.148
2001-10-17;0;20.965;38.12;20.965;38.12
2001-10-24;0;20.716;38.147;20.716;38.147
2001-10-31;0;23.316;38.006;23.316;38.006
2001-11-07;0;19.767;38.102;19.767;38.102
2001-11-14;0;18.195;38.033;18.195;38.033
2001-11-21;0;17.219;38.051;17.219;38.051
2001-11-28;0;16.91;38.046;16.91;38.046
2001-12-05;0;16.793;38.083;16.793;38.083
2001-12-12;0;16.374;38.088;16.374;38.088
2001-12-19;0;15.371;38.074;15.371;38.074
2001-12-26;0;14.922;38.099;14.922;38.099
2002-01-02;0;14.393;38.125;14.393;38.125
2002-01-09;0;14.026;38.168;14.026;38.168
2002-01-16;0;13.829;38.192;13.829;38.192
2002-01-23;0;13.712;38.209;13.712;38.209
2002-01-30;0;13.6;38.172;13.6;38.172
2002-02-07;0;13.345;37.985;13.345;37.985
2002-02-13;0;13.327;38.017;13.327;38.017
2002-02-20;0;13.074;37.899;13.074;37.899
2002-03-01;0;13.122;38.069;13.122;38.069
2002-03-08;0;13.644;38.027;13.644;38.027
2002-04-04;0;14.224;38.003;14.224;38.003
2002-04-10;0;13.822;37.982;13.822;37.982
2002-04-18;0;14.612;37.94;14.612;37.94
2002-04-24;0;15.063;37.852;15.063;37.852
2002-04-30;0;15.797;37.932;15.797;37.932
2002-05-07;0;16.185;37.528;16.185;37.528
2002-05-15;0;18.028;37.33;18.028;37.33
2002-05-22;0;19.718;37.439;19.718;37.439
2002-05-28;0;18.612;37.658;18.612;37.658
2002-06-05;0;20.171;37.668;20.171;37.668
2002-06-12;0;19.982;37.633;19.982;37.633
2002-06-19;0;21.49;37.457;21.49;37.457
2002-06-26;0;25.403;37.504;25.403;37.504
2002-07-02;0;23.905;37.717;23.905;37.717
2002-07-10;0;22.715;37.766;22.715;37.766
2002-07-18;0;23.942;37.642;23.942;37.642
2002-07-24;0;25.045;37.668;25.045;37.668
2002-07-31;0;24.989;37.615;24.989;37.615
2002-08-07;0;23.199;37.826;23.199;37.826
2002-08-14;0;23.62;37.779;23.62;37.779
2002-08-21;0;24.363;37.764;24.363;37.764
2002-08-28;0;24.202;37.706;24.202;37.706
2002-09-04;0;23.6;37.666;23.6;37.666
2002-09-11;0;23.19;37.83;23.19;37.83
2002-10-02;0;21.635;37.854;21.635;37.854
2002-10-09;0;21.015;37.866;21.015;37.866
2002-10-16;0;20.562;37.77;20.562;37.77
2002-10-25;0;19.679;37.73;19.679;37.73
2002-10-30;0;19.487;37.753;19.487;37.753
2002-11-06;0;18.735;37.794;18.735;37.794
2002-11-13;0;17.8;37.79;17.8;37.79
2002-11-20;0;17.647;37.739;17.647;37.739
2002-11-27;0;17.537;37.625;17.537;37.625
2002-12-04;0;17.209;37.685;17.209;37.685
2002-12-13;0;15.969;37.827;15.969;37.827
2002-12-18;0;15.824;37.86;15.824;37.86
2002-12-23;0;15.617;37.89;15.617;37.89
2002-12-30;0;15.314;37.786;15.314;37.786
2003-01-09;0;14.866;37.939;14.866;37.939
2003-01-15;0;14.512;37.917;14.512;37.917
2003-01-23;0;13.948;37.843;13.948;37.843
2003-01-30;0;13.941;37.919;13.941;37.919
2003-02-05;0;13.658;37.962;13.658;37.962
2003-02-12;0;13.447;37.981;13.447;37.981
2003-02-19;0;13.252;38.118;13.252;38.118
2003-02-28;0;13.128;38.121;13.128;38.121
2003-03-05;0;13.296;38.112;13.296;38.112
2003-03-12;0;13.663;38.093;13.663;38.093
2003-03-19;0;13.52;38.121;13.52;38.121
2003-03-26;0;14.07;38.071;14.07;38.071
2003-04-02;0;13.619;38.126;13.619;38.126
2003-04-10;0;13.37;38;13.37;38
2003-04-16;0;13.777;38.019;13.777;38.019
2003-04-24;0;14.648;37.959;14.648;37.959
2003-04-30;0;15.822;37.842;15.822;37.842
2003-05-07;0;16.742;37.852;16.742;37.852
2003-05-14;0;19.43;37.463;19.43;37.463
2003-05-21;0;19.268;37.669;19.268;37.669
2003-05-27;0;18.7;37.835;18.7;37.835
2003-06-04;0;21.096;37.634;21.096;37.634
2003-06-11;0;23.929;37.779;23.929;37.779
2003-06-18;0;25.379;37.721;25.379;37.721
2003-06-25;0;25.93;37.955;25.93;37.955
2003-07-04;0;18.681;37.938;18.681;37.938
2003-07-09;0;25.675;38.136;25.675;38.136
2003-07-16;0;26.454;38.139;26.454;38.139
2003-07-23;0;26.85;38.083;26.85;38.083
2003-07-30;0;26.869;38.135;26.869;38.135
2003-08-06;0;27.003;38.124;27.003;38.124
2003-08-13;0;27.718;38.182;27.718;38.182
2003-08-20;0;27.972;38.204;27.972;38.204
2003-08-27;0;27.608;38.175;27.608;38.175
2003-09-03;0;24.788;38.174;24.788;38.174
2003-09-10;0;23.398;38.186;23.398;38.186
2003-09-18;0;23.071;38.211;23.071;38.211
2003-09-23;0;22.816;38.201;22.816;38.201
2003-09-30;0;22.356;38.21;22.356;38.21
2003-10-09;0;20.286;38.164;20.286;38.164
2003-10-14;0;20.852;38.219;20.852;38.219
2003-10-22;0;18.19;38.13;18.19;38.13
2003-10-28;0;17.945;38.17;17.945;38.17
2003-11-04;0;17.058;37.975;17.058;37.975
2003-11-12;0;16.834;38.058;16.834;38.058
2003-11-18;0;16.589;38.015;16.589;38.015
2003-11-25;0;16.77;38.013;16.77;38.013
2003-12-05;0;16.496;37.965;16.496;37.965
2003-12-08;0;16.498;37.996;16.498;37.996
2003-12-17;0;16.038;37.983;16.038;37.983
2003-12-22;0;15.756;38.01;15.756;38.01
2004-01-06;0;14.663;37.986;14.663;37.986
2004-01-16;0;14.301;38.028;14.301;38.028
2004-01-20;0;14.053;38.056;14.053;38.056
2004-01-30;0;13.71;38.064;13.71;38.064
2004-02-03;0;13.578;38.079;13.578;38.079
2004-02-10;0;13.446;38.144;13.446;38.144
2004-02-17;0;13.388;38.097;13.388;38.097
2004-02-25;0;13.317;38.112;13.317;38.112
2004-03-02;0;13.153;38.129;13.153;38.129
2004-03-09;0;13.011;38.114;13.011;38.114
2004-03-17;0;13.227;38.1;13.227;38.1
2004-03-22;0;13.52;37.947;13.52;37.947
2004-03-31;0;13.072;37.873;13.072;37.873
2004-04-06;0;13.54;37.824;13.54;37.824
2004-04-14;0;13.834;37.833;13.834;37.833
2004-04-21;0;14.112;37.912;14.112;37.912
2004-04-28;0;15.067;37.949;15.067;37.949
2004-05-04;0;14.96;37.812;14.96;37.812
2004-05-11;0;15.779;37.753;15.779;37.753
2004-05-18;0;17.049;37.562;17.049;37.562
2004-05-25;0;17.719;37.388;17.719;37.388
2004-06-01;0;19.095;37.756;19.095;37.756
2004-06-08;0;20.615;37.798;20.615;37.798
2004-06-15;0;19.791;37.88;19.791;37.88
2004-06-22;0;20.379;37.931;20.379;37.931
2004-06-29;0;23.249;37.996;23.249;37.996
2004-07-06;0;24.273;37.968;24.273;37.968
2004-08-03;0;25.12;38.208;25.12;38.208
2004-08-10;0;25.404;38.236;25.404;38.236
2004-08-17;0;25.051;38.252;25.051;38.252
2004-08-24;0;24.685;38.292;24.685;38.292
2004-08-31;0;24.286;38.266;24.286;38.266
2004-09-07;0;24.5;38.31;24.5;38.31
2004-09-14;0;24.016;38.341;24.016;38.341
2004-09-21;0;23.148;38.331;23.148;38.331
2004-09-28;0;22.306;38.293;22.306;38.293
2004-10-05;0;22.027;38.31;22.027;38.31
2004-10-20;0;19.785;38.283;19.785;38.283
2004-11-02;0;19.413;38.018;19.413;38.018
2004-11-09;0;19.583;38.162;19.583;38.162
2004-11-23;0;17.445;38.158;17.445;38.158
2004-11-30;0;16.826;38.031;16.826;38.031
2004-12-07;0;16.689;38.149;16.689;38.149
2004-12-14;0;16.164;38.144;16.164;38.144
2004-12-21;0;15.895;38.138;15.895;38.138
2004-12-28;0;15.41;38.092;15.41;38.092
2005-01-04;0;15.05;38.083;15.05;38.083
2005-01-11;0;14.779;38.062;14.779;38.062
2005-01-21;0;14.391;38.053;14.391;38.053
2005-02-01;0;13.463;38.143;13.463;38.143
2005-02-08;0;13.295;38.169;13.295;38.169
2005-02-15;0;13.212;38.199;13.212;38.199
2005-02-23;0;13.023;38.193;13.023;38.193
2005-03-01;0;12.972;38.263;12.972;38.263
2005-03-07;0;12.805;38.24;12.805;38.24
2005-03-15;0;13.041;38.252;13.041;38.252
2005-03-22;0;14.124;38.23;14.124;38.23
2005-03-29;0;14.26;38.182;14.26;38.182
2005-04-05;0;13.949;38.147;13.949;38.147
2005-04-12;0;13.714;38.165;13.714;38.165
2005-04-19;0;14.038;38.133;14.038;38.133
2005-04-26;0;14.269;38.103;14.269;38.103
2005-05-03;0;16.941;37.967;16.941;37.967
2005-05-10;0;17.779;37.72;17.779;37.72
2005-05-17;0;18.206;37.846;18.206;37.846
2005-05-24;0;18.751;37.815;18.751;37.815
2005-05-31;0;20.803;37.985;20.803;37.985
2005-06-07;0;21.794;38.036;21.794;38.036
2005-06-15;0;20.212;38.215;20.212;38.215
2005-06-28;0;24.335;38.209;24.335;38.209
2005-07-06;0;23.017;38.24;23.017;38.24
2005-07-12;0;23.217;38.238;23.217;38.238
2005-07-19;0;24.584;38.253;24.584;38.253
2005-07-26;0;25.418;38.379;25.418;38.379
2005-08-02;0;26.179;38.414;26.179;38.414
2005-08-09;0;24.908;38.476;24.908;38.476
2005-08-16;0;24.265;38.46;24.265;38.46
2005-08-23;0;24.026;38.408;24.026;38.408
2005-08-30;0;24.334;38.451;24.334;38.451
2005-09-06;0;24.237;38.393;24.237;38.393
2005-09-13;0;22.755;38.277;22.755;38.277
2005-09-20;0;22.981;38.347;22.981;38.347
2005-09-27;0;22.697;38.419;22.697;38.419
2005-10-04;0;21.473;38.33;21.473;38.33
2005-10-11;0;20.715;38.382;20.715;38.382
2005-10-18;0;20.32;38.387;20.32;38.387
2005-10-25;0;19.989;38.318;19.989;38.318
2005-11-02;0;19.772;38.274;19.772;38.274
2005-11-08;0;19.633;38.284;19.633;38.284
2005-11-15;0;19.165;38.238;19.165;38.238
2005-11-23;0;18.086;38.237;18.086;38.237
2005-11-29;0;16.95;38.261;16.95;38.261
2005-12-06;0;16.452;38.218;16.452;38.218
2005-12-13;0;15.683;38.178;15.683;38.178
2005-12-20;0;14.712;38.112;14.712;38.112
2005-12-27;0;14.151;38.149;14.151;38.149
2006-01-04;0;13.951;38.193;13.951;38.193
2006-01-10;0;13.661;38.211;13.661;38.211
2006-01-17;0;13.274;38.187;13.274;38.187
2006-01-24;0;13.206;38.203;13.206;38.203
2006-01-31;0;12.864;38.122;12.864;38.122
2006-02-07;0;12.754;38.122;12.754;38.122
2006-02-14;0;12.777;38.183;12.777;38.183
2006-02-23;0;12.736;38.249;12.736;38.249
2006-02-28;0;12.673;38.222;12.673;38.222
2006-03-07;0;12.61;38.215;12.61;38.215
2006-03-14;0;12.704;38.296;12.704;38.296
2006-03-21;0;12.508;38.179;12.508;38.179
2006-03-30;0;12.785;38.163;12.785;38.163
2006-04-04;0;13.449;38.076;13.449;38.076
2006-04-11;0;14.17;37.919;14.17;37.919
2006-04-18;0;14.526;38.035;14.526;38.035
2006-04-25;0;15.377;38.081;15.377;38.081
2006-05-02;0;16.401;38.062;16.401;38.062
2006-05-10;0;17.033;38.146;17.033;38.146
2006-05-16;0;18.093;38.128;18.093;38.128
2006-05-23;0;18.484;38.065;18.484;38.065
2006-05-31;0;20.428;38.05;20.428;38.05
2006-06-06;0;18.766;38.192;18.766;38.192
2006-06-13;0;20.303;38.192;20.303;38.192
2006-06-20;0;20.49;38.251;20.49;38.251
2006-06-27;0;22.666;38.27;22.666;38.27
2006-07-06;0;24.384;38.25;24.384;38.25
2006-07-12;0;25.148;38.309;25.148;38.309
2006-07-18;0;26.161;38.312;26.161;38.312
2006-07-25;0;27.337;38.232;27.337;38.232
2006-08-01;0;27.611;38.324;27.611;38.324
2006-08-07;0;23.216;38.267;23.216;38.267
2006-08-16;0;23.674;38.389;23.674;38.389
2006-08-22;0;23.915;38.317;23.915;38.317
2006-08-30;0;23.203;38.363;23.203;38.363
2006-09-05;0;23.313;38.413;23.313;38.413
2006-09-12;0;23.48;38.434;23.48;38.434
2006-09-19;0;22.494;38.048;22.494;38.048
2006-10-03;0;22.449;38.164;22.449;38.164
2006-10-11;0;21.67;38.228;21.67;38.228
2006-10-17;0;21.207;38.325;21.207;38.325
2006-10-24;0;20.606;38.289;20.606;38.289
2006-10-31;0;20.595;38.23;20.595;38.23
2006-11-07;0;19.792;38.274;19.792;38.274
2006-11-14;0;19.433;38.302;19.433;38.302
2006-11-21;0;19.012;38.248;19.012;38.248
2006-11-28;0;18.527;38.189;18.527;38.189
2006-12-05;0;18.097;38.176;18.097;38.176
2006-12-12;0;17.516;38.075;17.516;38.075
2006-12-19;0;17.106;38.116;17.106;38.116
2007-01-09;0;15.463;38.161;15.463;38.161
2007-01-16;0;15.447;38.209;15.447;38.209
2007-01-23;0;15.422;38.239;15.422;38.239
2007-01-30;0;14.95;38.183;14.95;38.183
2007-02-06;0;14.748;38.165;14.748;38.165
2007-02-13;0;14.494;38.144;14.494;38.144
2007-02-20;0;14.267;38.099;14.267;38.099
2007-02-27;0;14.171;38.127;14.171;38.127
2007-03-06;0;14.591;38.055;14.591;38.055
2007-03-13;0;14.362;38.005;14.362;38.005
2007-03-20;0;14.242;38.034;14.242;38.034
2007-03-27;0;14.031;38.09;14.031;38.09
2007-04-03;0;14.104;38.079;14.104;38.079
2007-04-17;0;15.772;38.005;15.772;38.005
2007-04-24;0;18.039;37.87;18.039;37.87
2007-05-02;0;18.395;37.723;18.395;37.723
2007-05-09;0;18.821;37.332;18.821;37.332
2007-05-15;0;19.997;37.537;19.997;37.537
2007-05-22;0;20.447;37.455;20.447;37.455
2007-05-30;0;17.1;37.82;17.1;37.82
2007-06-05;0;20.23;37.71;20.23;37.71
2007-06-12;0;21.493;37.558;21.493;37.558
2007-06-19;0;21.691;37.585;21.691;37.585
2007-06-27;0;19.729;37.745;19.729;37.745
2007-07-03;0;22.708;37.769;22.708;37.769
2007-07-10;0;22.095;37.814;22.095;37.814
2007-07-17;0;22.9;37.878;22.9;37.878
2007-07-24;0;22.587;37.947;22.587;37.947
2007-07-31;0;24.798;37.947;24.798;37.947
2007-08-07;0;25.096;37.895;25.096;37.895
2007-08-14;0;23.449;37.969;23.449;37.969
2007-08-22;0;23.445;38.072;23.445;38.072
2007-08-28;0;24.087;37.997;24.087;37.997
2007-09-11;0;22.578;38.095;22.578;38.095
2007-09-18;0;22.812;38.175;22.812;38.175
2007-09-25;0;22.025;38.168;22.025;38.168
2007-10-02;0;21.252;38.14;21.252;38.14
2007-10-09;0;21.329;38.14;21.329;38.14
2007-10-16;0;20.723;38.128;20.723;38.128
2007-10-23;0;19.175;38.099;19.175;38.099
2007-10-30;0;20.723;38.086;20.723;38.086
2007-11-06;0;19.175;38.061;19.175;38.061
2007-11-13;0;17.639;38.071;17.639;38.071
2007-11-22;0;16.629;38;16.629;38
2007-11-27;0;16.303;38.116;16.303;38.116
2007-12-05;0;15.784;38.096;15.784;38.096
2008-01-18;0;13.736;37.988;13.736;37.988
2008-01-22;0;13.727;37.968;13.727;37.968
2008-01-29;0;13.77;38.043;13.77;38.043
2008-02-05;0;13.618;38.033;13.618;38.033
2008-02-12;0;13.577;38.04;13.577;38.04
2008-02-19;0;13.451;38.106;13.451;38.106
2008-02-26;0;13.489;38.088;13.489;38.088
2008-03-03;0;13.733;38.085;13.733;38.085
2008-03-12;0;13.387;38.037;13.387;38.037
2008-03-18;0;13.663;38.091;13.663;38.091
2008-03-26;0;13.492;38.079;13.492;38.079
2008-04-01;0;13.688;38.069;13.688;38.069
2008-04-08;0;13.714;38.044;13.714;38.044
2008-04-15;0;13.814;37.888;13.814;37.888
2008-04-23;0;14.355;37.899;14.355;37.899
2008-04-28;0;16.181;37.689;16.181;37.689
2008-05-06;0;16.886;37.636;16.886;37.636
2008-05-13;0;17.24;37.942;17.24;37.942
2008-05-20;0;18.026;37.803;18.026;37.803
2008-05-28;0;18.424;37.776;18.424;37.776
2008-06-03;0;19.868;37.605;19.868;37.605
2008-06-10;0;20.945;37.041;20.945;37.041
2008-06-17;0;21.006;37.19;21.006;37.19
2008-06-23;0;22.678;37.33;22.678;37.33
2008-07-02;0;25.243;37.673;25.243;37.673
2008-07-08;0;24.467;37.766;24.467;37.766
2008-07-16;0;22.249;37.924;22.249;37.924
2008-07-22;0;23.715;37.754;23.715;37.754
2008-07-28;0;23.31;38.157;23.31;38.157
2008-08-05;0;25.855;38.167;25.855;38.167
2008-08-19;0;23.951;38.123;23.951;38.123
2008-08-26;0;25.156;38.229;25.156;38.229
2008-09-02;0;25.226;38.263;25.226;38.263
2008-09-10;0;22.766;38.253;22.766;38.253
2008-09-16;0;23.565;38.344;23.565;38.344
2008-09-22;0;22.534;38.323;22.534;38.323
2008-09-29;0;21.585;38.357;21.585;38.357
2008-10-28;0;21.64;38.356;21.64;38.356
2008-11-10;0;18.671;38.001;18.671;38.001
2008-11-20;0;18.453;38.116;18.453;38.116
2008-11-25;0;17.959;38.094;17.959;38.094
2008-12-02;0;16.686;38.065;16.686;38.065
2008-12-09;0;16.255;38.062;16.255;38.062
2008-12-17;0;15.206;37.438;15.206;37.438
2008-12-22;0;15.207;37.621;15.207;37.621
2009-01-06;0;14.573;38.036;14.573;38.036
2009-01-14;0;14.361;38.056;14.361;38.056
2009-01-27;0;13.937;38.019;13.937;38.019
2009-02-03;0;13.869;37.988;13.869;37.988
2009-02-10;0;13.122;37.51;13.122;37.51
2009-02-17;0;13.645;37.964;13.645;37.964
2009-02-24;0;13.475;37.9;13.475;37.9
2009-03-03;0;13.594;37.921;13.594;37.921
2009-03-10;0;13.712;37.987;13.712;37.987
2009-03-17;0;14.099;37.945;14.099;37.945
2009-03-23;0;14.026;37.998;14.026;37.998
2009-03-31;0;14.067;37.943;14.067;37.943
2009-04-07;0;15.154;37.59;15.154;37.59
2009-04-14;0;15.02;37.673;15.02;37.673
2009-04-21;0;15.273;37.598;15.273;37.598
2009-04-28;0;15.169;37.508;15.169;37.508
2009-05-05;0;16.713;37.344;16.713;37.344
2009-05-12;0;17.631;37.093;17.631;37.093
2009-05-19;0;19.893;37.421;19.893;37.421
2009-05-26;0;22.097;36.844;22.097;36.844
2009-06-02;0;20.865;37.536;20.865;37.536
2009-06-09;0;18.274;37.603;18.274;37.603
2009-06-16;0;22.843;37.634;22.843;37.634
2009-06-23;0;22.756;37.751;22.756;37.751
2009-06-30;0;23.151;37.683;23.151;37.683
2009-07-07;0;25.245;37.642;25.245;37.642
2009-07-13;0;24.03;37.838;24.03;37.838
2009-07-21;0;22.92;37.827;22.92;37.827
2009-08-11;0;24.6;37.99;24.6;37.99
2009-08-18;0;26.282;37.976;26.282;37.976
2009-08-25;0;26.913;38.001;26.913;38.001
2009-09-01;0;26.661;38.08;26.661;38.08
2009-09-08;0;24.181;38.172;24.181;38.172
2009-09-24;0;23.528;38;23.528;38
2009-09-29;0;23.141;37.992;23.141;37.992
2009-10-06;0;22.999;38.054;22.999;38.054
2009-10-13;0;22.8;38.083;22.8;38.083
2009-10-20;0;21.148;38.097;21.148;38.097
2009-11-05;0;18.967;38.055;18.967;38.055
2009-11-10;0;18.585;38.006;18.585;38.006
2009-11-17;0;18.098;37.987;18.098;37.987
2009-11-24;0;17.591;37.989;17.591;37.989
2009-12-01;0;17.049;37.901;17.049;37.901
2009-12-08;0;16.744;37.917;16.744;37.917
2009-12-15;0;15.988;37.971;15.988;37.971
2009-12-22;0;14.512;37.862;14.512;37.862
2010-01-05;0;14.215;37.854;14.215;37.854
2010-01-12;0;13.997;37.878;13.997;37.878
2010-01-19;0;13.634;37.867;13.634;37.867
2010-01-25;0;13.067;37.715;13.067;37.715
2010-02-02;0;13.217;37.941;13.217;37.941
2010-02-11;0;13.201;37.918;13.201;37.918
2010-02-16;0;13.203;37.957;13.203;37.957
2010-02-23;0;12.901;37.28;12.901;37.28
2010-03-02;0;13.136;37.812;13.136;37.812
2010-03-09;0;12.514;37.502;12.514;37.502
2010-03-16;0;13.151;37.916;13.151;37.916
2010-03-23;0;13.267;37.863;13.267;37.863
2010-03-30;0;13.818;37.836;13.818;37.836
2010-04-06;0;13.939;37.721;13.939;37.721
2010-04-13;0;13.865;37.743;13.865;37.743
2010-04-20;0;14.78;37.793;14.78;37.793
2010-04-27;0;15.163;37.78;15.163;37.78
2010-05-05;0;15.987;37.61;15.987;37.61
2010-05-11;0;16.34;37.7;16.34;37.7
2010-05-18;0;16.66;37.63;16.66;37.63
2010-05-25;0;18.057;37.485;18.057;37.485
2010-06-02;0;20.115;37.367;20.115;37.367
2010-06-08;0;21.465;37.458;21.465;37.458
2010-06-15;0;21.384;37.645;21.384;37.645
2010-06-23;0;21.83;37.54;21.83;37.54
2010-06-29;0;23.564;37.259;23.564;37.259
2010-07-06;0;24.749;37.624;24.749;37.624
2010-07-13;0;24.624;37.469;24.624;37.469
2010-07-20;0;27.343;37.798;27.343;37.798
2010-07-27;0;25.327;38.01;25.327;38.01
2010-08-03;0;25.354;37.98;25.354;37.98
2010-08-17;0;21.214;37.907;21.214;37.907
2010-08-24;0;24.575;37.965;24.575;37.965
2010-08-31;0;23.919;38.06;23.919;38.06
2010-09-07;0;23.625;38.091;23.625;38.091
2010-09-14;0;22.968;38.02;22.968;38.02
2010-09-21;0;22.328;38.016;22.328;38.016
2010-09-28;0;22.244;38.151;22.244;38.151
2010-10-07;0;20.84;38.109;20.84;38.109
2010-10-12;0;19.787;38.144;19.787;38.144
2010-10-19;0;19.787;38.144;19.787;38.144
2010-11-03;0;18.047;36.899;18.047;36.899
2010-11-09;0;18.319;38.034;18.319;38.034
2010-11-17;0;17.824;38.003;17.824;38.003
2010-11-23;0;17.076;37.617;17.076;37.617
2010-11-30;0;15.061;35.473;15.061;35.473
2010-12-08;0;14.204;35.468;14.204;35.468
2010-12-14;0;15.166;37.658;15.166;37.658
2010-12-21;0;14.731;37.824;14.731;37.824
2010-12-28;0;14.064;37.532;14.064;37.532
2011-01-04;0;14.085;37.73;14.085;37.73
2011-01-11;0;13.616;37.661;13.616;37.661
2011-01-18;0;13.317;37.496;13.317;37.496
2011-01-25;0;13.157;37.849;13.157;37.849
2011-02-01;0;13.386;37.993;13.386;37.993
2011-02-08;0;13.352;38.001;13.352;38.001
2011-02-15;0;13.448;37.926;13.448;37.926
2011-02-22;0;13.104;37.89;13.104;37.89
2011-03-01;0;13.35;38.046;13.35;38.046
2011-03-08;0;13.076;38.026;13.076;38.026
2011-03-15;0;13.126;38.024;13.126;38.024
2011-03-22;0;13.721;37.233;13.721;37.233
2011-03-29;0;13.599;37.419;13.599;37.419
2011-04-05;0;15.12;37.169;15.12;37.169
2011-04-12;0;16.586;37.131;16.586;37.131
2011-04-19;0;15.73;37.625;15.73;37.625
2011-04-26;0;15.843;37.777;15.843;37.777
2011-05-03;0;16.735;37.783;16.735;37.783
2011-05-10;0;17.866;37.802;17.866;37.802
2011-05-17;0;18.55;37.8;18.55;37.8
2011-05-24;0;20.268;37.698;20.268;37.698
2011-05-31;0;19.954;37.927;19.954;37.927
2011-06-07;0;20.38;37.775;20.38;37.775
2011-06-14;0;21.242;37.921;21.242;37.921
2011-06-21;0;21.68;37.908;21.68;37.908
2011-06-28;0;24.238;37.826;24.238;37.826
2011-07-05;0;24.498;37.838;24.498;37.838
2011-07-12;0;25.266;37.982;25.266;37.982
2011-07-19;0;20.264;38.012;20.264;38.012
2011-07-26;0;23.582;38.034;23.582;38.034
2011-08-02;0;23.82;37.994;23.82;37.994
2011-08-09;0;21.724;38.028;21.724;38.028
2011-08-16;0;24.181;38.112;24.181;38.112
2011-08-23;0;25.909;38.113;25.909;38.113
2011-08-30;0;24.461;38.192;24.461;38.192
2011-09-06;0;24.484;38.248;24.484;38.248
2011-09-13;0;25.153;38.253;25.153;38.253
2011-09-27;0;22.877;38.212;22.877;38.212
2011-10-04;0;21.195;38.223;21.195;38.223
2011-10-26;0;19.387;38.175;19.387;38.175
2011-11-02;0;18.451;38.225;18.451;38.225
2011-11-10;0;18.607;37.846;18.607;37.846
2011-11-15;0;18.117;38.065;18.117;38.065
2011-11-22;0;17.81;38.134;17.81;38.134
2011-12-13;0;15.341;38.098;15.341;38.098
2011-12-19;0;15.341;38.08;15.341;38.08
2012-01-10;0;15.11;38.088;15.11;38.088
2012-01-17;0;14.801;38.102;14.801;38.102
2012-01-24;0;14.557;38.111;14.557;38.111
2012-01-31;0;14.365;38.088;14.365;38.088
2012-02-14;0;13.15;38.216;13.15;38.216
2012-02-21;0;13.407;38.15;13.407;38.15
2012-02-28;0;13.469;38.172;13.469;38.172
2012-03-06;0;13.389;38.125;13.389;38.125
2012-03-20;0;13.467;38.15;13.467;38.15
2012-03-27;0;14.279;38.139;14.279;38.139
2012-04-03;0;15.237;38.13;15.237;38.13
2012-04-10;0;14.547;38.157;14.547;38.157
2012-04-17;0;14.794;38.034;14.794;38.034
2012-04-25;0;13.792;38.088;13.792;38.088
2012-05-02;0;15.172;37.886;15.172;37.886
2012-05-09;0;16.736;37.635;16.736;37.635
2012-05-15;0;17.448;38.018;17.448;38.018
2012-05-22;0;16.697;37.991;16.697;37.991
2012-05-29;0;18.98;37.944;18.98;37.944
2012-06-05;0;20.658;37.757;20.658;37.757
2012-06-13;0;16.194;38.122;16.194;38.122
2012-06-19;0;23.218;37.969;23.218;37.969
2012-06-26;0;23.845;37.988;23.845;37.988
2012-07-03;0;25.579;37.967;25.579;37.967
2012-07-10;0;26.106;38.159;26.106;38.159
2012-07-17;0;21.934;38.115;21.934;38.115
2012-07-24;0;23.033;38.206;23.033;38.206
2012-07-31;0;23.303;38.23;23.303;38.23
2012-08-07;0;25.273;38.309;25.273;38.309
2012-08-21;0;26.736;38.373;26.736;38.373
2012-08-28;0;25.877;38.35;25.877;38.35
2012-09-05;0;24.259;38.393;24.259;38.393
2012-09-11;0;24.023;38.347;24.023;38.347
2012-09-18;0;23.035;38.381;23.035;38.381
2012-09-25;0;22.314;38.353;22.314;38.353
2012-10-02;0;21.854;38.232;21.854;38.232
2012-10-09;0;22.017;38.318;22.017;38.318
2012-10-16;0;21.468;38.219;21.468;38.219
2012-10-23;0;20.78;38.279;20.78;38.279
2012-10-30;0;20.021;38.243;20.021;38.243
2012-11-13;0;18.051;38.017;18.051;38.017
2012-11-20;0;17.464;38.082;17.464;38.082
2012-11-27;0;17.47;38.118;17.47;38.118
2012-12-05;0;16.916;38.113;16.916;38.113
2012-12-11;0;16.322;38.124;16.322;38.124
2012-12-18;0;15.81;38.094;15.81;38.094
2013-01-04;0;14.523;37.914;14.523;37.914
2013-01-08;0;14.391;37.993;14.391;37.993
2013-01-15;0;14.171;38.021;14.171;38.021
2013-01-22;0;13.705;38.033;13.705;38.033
2013-01-29;0;13.445;38.025;13.445;38.025
2013-02-05;0;13.219;37.961;13.219;37.961
2013-02-12;0;13.46;38.112;13.46;38.112
2013-02-19;0;13.265;38.107;13.265;38.107
2013-02-25;0;13.125;38.147;13.125;38.147
2013-03-07;0;13.095;37.963;13.095;37.963
2013-03-12;0;13.284;37.396;13.284;37.396
2013-03-20;0;12.938;37.793;12.938;37.793
2013-03-26;0;12.998;37.537;12.998;37.537
2013-04-02;0;13.057;37.629;13.057;37.629
2013-04-09;0;13.564;37.649;13.564;37.649
2013-04-16;0;14.678;37.688;14.678;37.688
2013-04-26;0;16.071;37.234;16.071;37.234
2013-04-30;0;15.578;37.475;15.578;37.475
2013-05-07;0;17.842;37.092;17.842;37.092
2013-05-14;0;18.851;37.501;18.851;37.501
2013-05-21;0;16.597;37.45;16.597;37.45
2013-05-28;0;16.982;37.55;16.982;37.55
2013-06-04;0;18.556;37.798;18.556;37.798
2013-06-11;0;18.161;37.814;18.161;37.814
2013-06-18;0;20.86;37.678;20.86;37.678
2013-06-25;0;21.818;37.955;21.818;37.955
2013-07-02;0;22.018;38.013;22.018;38.013
2013-07-09;0;22.636;38.06;22.636;38.06
2013-07-16;0;24.748;38.058;24.748;38.058
2013-07-23;0;25.752;37.951;25.752;37.951
2013-07-30;0;24.659;37.917;24.659;37.917
2013-08-06;0;26.338;37.971;26.338;37.971
2013-08-20;0;26.081;38.146;26.081;38.146
2013-08-28;0;24.77;38.144;24.77;38.144
2013-09-03;0;24.667;38.064;24.667;38.064
2013-09-11;0;23.351;38.141;23.351;38.141
2013-09-18;0;22.074;38.229;22.074;38.229
2013-09-24;0;22.553;38.201;22.553;38.201
2013-10-08;0;20.491;38.075;20.491;38.075
2013-10-15;0;18.951;38.093;18.951;38.093
2013-10-22;0;19.907;38.074;19.907;38.074
2013-10-29;0;19.726;37.988;19.726;37.988
2013-11-05;0;18.976;38.086;18.976;38.086
2013-11-12;0;18.567;38.151;18.567;38.151
2013-11-27;0;17.087;38.149;17.087;38.149
2013-12-03;0;16.554;38.186;16.554;38.186
2013-12-10;0;16.175;38.2;16.175;38.2
2013-12-17;0;15.793;38.179;15.793;38.179
2013-12-23;0;15.63;38.118;15.63;38.118
2014-01-07;0;14.673;37.702;14.673;37.702
2014-01-14;0;14.609;37.747;14.609;37.747
2014-01-21;0;13.554;35.586;13.554;35.586
2014-01-28;0;14.285;37.523;14.285;37.523
2014-02-05;0;14.11;37.859;14.11;37.859
2014-02-11;0;13.918;37.797;13.918;37.797
2014-02-18;0;13.497;37.09;13.497;37.09
2014-02-25;0;13.915;37.5;13.915;37.5
2014-03-04;0;13.995;37.676;13.995;37.676
2014-03-11;0;14.146;37.528;14.146;37.528
2014-03-19;0;14.979;37.641;14.979;37.641
2014-03-25;0;14.423;37.524;14.423;37.524
2014-04-01;0;14.789;37.777;14.789;37.777
2014-04-08;0;15.443;37.745;15.443;37.745
2014-04-15;0;16.653;37.322;16.653;37.322
2014-04-22;0;15.66;37.607;15.66;37.607
2014-04-29;0;16.311;37.384;16.311;37.384
2014-05-06;0;17.551;37.695;17.551;37.695
2014-05-13;0;16.898;37.771;16.898;37.771
2014-05-20;0;17.697;37.739;17.697;37.739
2014-05-27;0;18.247;37.796;18.247;37.796
2014-06-03;0;19.617;37.734;19.617;37.734
2014-06-10;0;20.316;37.692;20.316;37.692
2014-06-17;0;21.546;37.842;21.546;37.842
2014-06-24;0;23.142;37.75;23.142;37.75
2014-07-01;0;23.14;37.9;23.14;37.9
2014-07-08;0;23.1;37.892;23.1;37.892
2014-07-15;0;23.368;37.908;23.368;37.908
2014-07-22;0;23.701;37.923;23.701;37.923
2014-07-30;0;23.445;38.056;23.445;38.056
2014-08-05;0;25.173;38.002;25.173;38.002
2014-08-19;0;24.541;38;24.541;38
2014-08-26;0;24.229;38.021;24.229;38.021
2014-09-02;0;24.079;38.03;24.079;38.03
2014-09-09;0;24.012;38.008;24.012;38.008
2014-09-15;0;23.689;38.183;23.689;38.183
2014-09-23;0;23.431;38.197;23.431;38.197
2014-09-30;0;22.949;38.196;22.949;38.196
2014-10-07;0;22.904;38.183;22.904;38.183
2014-10-14;0;22.745;38.185;22.745;38.185
2014-10-21;0;22.553;38.092;22.553;38.092
2014-10-29;0;21.423;38.174;21.423;38.174
2014-11-06;0;20.043;37.397;20.043;37.397
2014-11-12;0;19.627;37.588;19.627;37.588
2014-11-18;0;19.471;37.883;19.471;37.883
2014-11-25;0;18.962;37.603;18.962;37.603
2014-12-02;0;17.978;37.281;17.978;37.281
2014-12-09;0;17.709;37.695;17.709;37.695
2014-12-16;0;17.69;37.84;17.69;37.84
2014-12-22;0;17.455;37.842;17.455;37.842
2015-01-06;0;16.118;37.943;16.118;37.943
2015-01-12;0;15.776;37.963;15.776;37.963
2015-01-20;0;15.381;37.974;15.381;37.974
2015-01-27;0;14.899;37.986;14.899;37.986
2015-02-03;0;14.434;38.044;14.434;38.044
2015-02-10;0;13.969;38.06;13.969;38.06
2015-02-17;0;13.89;37.988;13.89;37.988
2015-02-24;0;13.74;37.907;13.74;37.907
2015-03-03;0;13.956;38.005;13.956;38.005
2015-03-10;0;13.743;37.911;13.743;37.911
2015-03-17;0;13.779;38.007;13.779;38.007
2015-03-24;0;13.976;37.917;13.976;37.917
2015-03-31;0;14.339;37.903;14.339;37.903
2015-04-07;0;14.315;37.908;14.315;37.908
2015-04-14;0;15.799;37.762;15.799;37.762
2015-04-21;0;15.927;37.748;15.927;37.748
2015-04-28;0;16.17;37.668;16.17;37.668
2015-05-05;0;16.893;37.709;16.893;37.709
2015-05-12;0;18.892;37.606;18.892;37.606
2015-05-19;0;18.506;37.484;18.506;37.484
2015-05-26;0;19.105;37.81;19.105;37.81
2015-06-02;0;20.236;37.762;20.236;37.762
2015-06-09;0;21.516;37.798;21.516;37.798
2015-06-16;0;22.856;37.774;22.856;37.774
2015-06-22;0;23.867;37.649;23.867;37.649
2015-06-30;0;24.29;37.97;24.29;37.97
2015-07-07;0;25.436;37.749;25.436;37.749
2015-07-15;0;27.487;38.068;27.487;38.068
2015-07-21;0;27.783;38.117;27.783;38.117
2015-07-28;0;25.947;38.131;25.947;38.131
2015-08-04;0;26.792;38.205;26.792;38.205
2015-08-11;0;26.093;38.161;26.093;38.161
2015-08-25;0;24.942;38.228;24.942;38.228
2015-09-01;0;25.727;38.276;25.727;38.276
2015-09-08;0;24.031;38.279;24.031;38.279
2015-09-15;0;23.681;38.291;23.681;38.291
2015-09-22;0;23.069;38.286;23.069;38.286
2015-09-29;0;21.998;38.368;21.998;38.368
2015-10-06;0;20.629;38.108;20.629;38.108
2015-10-13;0;20.438;38.133;20.438;38.133
2015-10-20;0;20.163;38.35;20.163;38.35
2015-10-27;0;19.498;38.352;19.498;38.352
2015-11-03;0;18.483;38.298;18.483;38.298
2015-11-17;0;18.49;38.261;18.49;38.261
2015-11-24;0;18.054;38.258;18.054;38.258
2015-12-01;0;16.89;38.225;16.89;38.225
2015-12-08;0;17.015;38.244;17.015;38.244
2015-12-15;0;16.458;38.229;16.458;38.229
2015-12-22;0;16.368;38.219;16.368;38.219
2016-01-05;0;15.623;38.209;15.623;38.209
2016-01-13;0;14.756;38.212;14.756;38.212
2016-01-19;0;14.42;38.221;14.42;38.221
2016-01-26;0;14.276;38.207;14.276;38.207
2016-02-02;0;14.187;38.146;14.187;38.146
2016-02-09;0;14.012;38.162;14.012;38.162
2016-02-16;0;13.893;38.198;13.893;38.198
2016-02-23;0;13.827;38.167;13.827;38.167
2016-03-01;0;13.488;37.851;13.488;37.851
2016-03-09;0;13.443;37.955;13.443;37.955
2016-03-15;0;13.568;37.917;13.568;37.917
2016-03-22;0;13.778;37.816;13.778;37.816
2016-03-29;0;14.102;37.86;14.102;37.86
2016-04-05;0;14.513;38.008;14.513;38.008
2016-04-12;0;15.308;37.954;15.308;37.954
2016-04-19;0;15.998;37.901;15.998;37.901
2016-04-25;0;15.969;38.007;15.969;38.007
2016-05-03;0;15.82;38.099;15.82;38.099
2016-05-10;0;16.451;38.045;16.451;38.045
2016-05-17;0;17.894;38.043;17.894;38.043
2016-05-24;0;17.255;38.071;17.255;38.071
2016-06-01;0;17.56;38.077;17.56;38.077
2016-06-07;0;20.266;38.036;20.266;38.036
2016-06-14;0;21.711;37.945;21.711;37.945
2016-06-21;0;18.911;37.97;18.911;37.97
2016-06-28;0;22.84;37.993;22.84;37.993
2016-07-05;0;24.204;37.672;24.204;37.672
2016-07-12;0;26.458;38.086;26.458;38.086
2016-07-19;0;22.525;38.167;22.525;38.167
2016-07-26;0;24.158;38.244;24.158;38.244
2016-08-02;0;25.734;38.261;25.734;38.261
2016-08-16;0;25.166;38.252;25.166;38.252
2016-08-23;0;24.959;38.37;24.959;38.37
2016-08-31;0;24.969;38.319;24.969;38.319
2016-09-06;0;25.581;38.328;25.581;38.328
2016-09-13;0;24.874;38.089;24.874;38.089
2016-09-20;0;23.385;38.297;23.385;38.297
2016-09-27;0;23.428;38.216;23.428;38.216
2016-10-04;0;22.312;38.295;22.312;38.295
2016-10-11;0;21.839;38.299;21.839;38.299
2016-10-18;0;20.828;38.269;20.828;38.269
2016-10-26;0;20.27;38.24;20.27;38.24
2016-11-02;0;19.804;38.222;19.804;38.222
2016-11-08;0;18.347;38.166;18.347;38.166
2016-11-15;0;18.307;38.203;18.307;38.203
2016-11-22;0;17.412;38.069;17.412;38.069
2016-11-30;0;17.27;38.088;17.27;38.088
2016-12-06;0;17.015;38.163;17.015;38.163
2016-12-13;0;16.65;38.178;16.65;38.178
2016-12-21;0;16.244;38.196;16.244;38.196
2017-01-03;0;15.674;38.124;15.674;38.124
2017-01-10;0;15.294;38.155;15.294;38.155
2017-01-17;0;14.661;38.17;14.661;38.17
2017-01-24;0;14.138;38.199;14.138;38.199
2017-01-31;0;13.917;38.203;13.917;38.203
2017-02-07;0;13.868;38.208;13.868;38.208
2017-02-14;0;13.726;38.213;13.726;38.213
2017-02-21;0;13.801;38.22;13.801;38.22
2017-03-01;0;13.658;38.039;13.658;38.039
2017-03-07;0;13.717;38.214;13.717;38.214
2017-03-14;0;14.115;38.199;14.115;38.199
2017-03-21;0;14.652;38.129;14.652;38.129
2017-03-28;0;14.388;38.045;14.388;38.045
2017-04-04;0;14.592;38.029;14.592;38.029
2017-04-11;0;16.196;37.943;16.196;37.943
2017-04-18;0;17.179;37.9;17.179;37.9
2017-04-25;0;15.954;38.044;15.954;38.044
2017-05-02;0;15.88;38.014;15.88;38.014
2017-05-09;0;16.633;38.019;16.633;38.019
2017-05-16;0;17.525;37.972;17.525;37.972
2017-05-23;0;19.434;38.008;19.434;38.008
2017-05-30;0;21.265;37.913;21.265;37.913
2017-06-06;0;22.888;38.009;22.888;38.009
2017-06-14;0;22.988;38.083;22.988;38.083
2017-06-20;0;23.981;38.033;23.981;38.033
2017-06-27;0;24.463;38.087;24.463;38.087
2017-07-04;0;21.162;38.149;21.162;38.149
2017-07-11;0;24.944;38.21;24.944;38.21
2017-07-18;0;25.607;38.252;25.607;38.252
2017-07-25;0;24.91;38.281;24.91;38.281
2017-08-01;0;26.006;38.34;26.006;38.34
2017-08-07;0;26.635;38.323;26.635;38.323
2017-08-23;0;25.194;38.251;25.194;38.251
2017-08-29;0;25.839;37.274;25.839;37.274
2017-09-05;0;21.416;38.043;21.416;38.043
2017-09-13;0;22.083;37.973;22.083;37.973
2017-09-19;0;17.789;37.736;17.789;37.736
2017-09-26;0;21.515;38.157;21.515;38.157
2017-10-03;0;21.048;38.164;21.048;38.164
2017-10-10;0;20.161;38.259;20.161;38.259
2017-10-17;0;20.204;38.243;20.204;38.243
2017-10-24;0;19.989;38.303;19.989;38.303
2017-10-31;0;19.539;38.283;19.539;38.283
2017-11-07;0;18.872;38.21;18.872;38.21
2017-11-14;0;17.752;38.216;17.752;38.216
2017-11-21;0;16.994;38.202;16.994;38.202
2017-11-28;0;16.833;38.212;16.833;38.212
2017-12-04;0;16.271;38.205;16.271;38.205
2017-12-13;0;15.092;38.079;15.092;38.079
2017-12-19;0;14.624;38.189;14.624;38.189
2018-01-03;0;14.294;38.193;14.294;38.193
2018-01-10;0;13.84;38.196;13.84;38.196
2018-01-23;0;13.895;38.271;13.895;38.271
2018-01-30;0;13.831;38.271;13.831;38.271
2018-02-07;0;13.769;38.304;13.769;38.304
2018-02-13;0;13.619;38.334;13.619;38.334
2018-02-19;0;13.557;38.289;13.557;38.289
2018-02-27;0;13.392;38.328;13.392;38.328
2018-03-07;0;13.235;38.267;13.235;38.267
2018-03-14;0;13.358;37.64;13.358;37.64
2018-03-20;0;13.204;37.58;13.204;37.58
2018-03-27;0;13.466;37.803;13.466;37.803
2018-04-04;0;13.706;38.098;13.706;38.098
2018-04-17;0;14.628;36.937;14.628;36.937
2018-04-24;0;16.648;37.637;16.648;37.637
2018-05-02;0;16.03;37.942;16.03;37.942
2018-05-07;0;17.369;37.842;17.369;37.842
2018-05-14;0;17.844;37.639;17.844;37.639
2018-05-22;0;19.377;37.798;19.377;37.798
2018-05-29;0;20.096;37.646;20.096;37.646
2018-06-04;0;21.772;37.666;21.772;37.666
2018-06-12;0;21.447;37.227;21.447;37.227
2018-06-19;0;22.706;37.857;22.706;37.857
2018-06-26;0;23.684;37.981;23.684;37.981
2018-07-03;0;24.241;37.994;24.241;37.994
2018-07-10;0;26.25;37.455;26.25;37.455
2018-07-17;0;25.62;38.001;25.62;38.001
2018-07-24;0;26.783;38.061;26.783;38.061
2018-07-31;0;27.516;37.293;27.516;37.293
2018-08-07;0;27.861;37.174;27.861;37.174
2018-08-21;0;26.471;38.24;26.471;38.24
2018-08-28;0;26.739;38.178;26.739;38.178
2018-09-04;0;25.479;38.287;25.479;38.287
2018-09-11;0;25.374;38.326;25.374;38.326
2018-09-17;0;25.315;38.165;25.315;38.165
2018-09-26;0;24.731;38.408;24.731;38.408
2018-10-02;0;23.227;38.389;23.227;38.389
2018-10-09;0;22.08;38.355;22.08;38.355
2018-10-16;0;21.559;38.333;21.559;38.333
2018-10-23;0;21.001;38.276;21.001;38.276
2018-11-06;0;20.023;38.122;20.023;38.122
2018-11-27;0;18.255;38.081;18.255;38.081
2018-12-04;0;17.573;38.109;17.573;38.109
2018-12-11;0;17.195;38.1;17.195;38.1
2018-12-18;0;16.715;38.072;16.715;38.072
2019-01-02;0;15.996;38.066;15.996;38.066
2019-01-08;0;15.689;38.062;15.689;38.062
2019-01-15;0;14.576;38.061;14.576;38.061
2019-01-22;0;14.442;38.065;14.442;38.065
2019-01-29;0;13.99;38.111;13.99;38.111
2019-02-05;0;13.169;38.159;13.169;38.159
2019-02-12;0;13.534;38.02;13.534;38.02
2019-02-19;0;13.741;38.143;13.741;38.143
2019-02-26;0;13.854;38.072;13.854;38.072
2019-03-06;0;13.836;38.075;13.836;38.075
2019-03-12;0;13.73;38.121;13.73;38.121
2019-03-19;0;13.929;38.093;13.929;38.093
2019-03-27;0;13.761;38.134;13.761;38.134
2019-04-02;0;14.048;38.183;14.048;38.183
2019-04-09;0;14.2;38.009;14.2;38.009
2019-04-16;0;14.837;37.869;14.837;37.869
2019-04-23;0;14.825;38.005;14.825;38.005
2019-04-30;0;15.45;37.787;15.45;37.787
2019-05-07;0;16.085;37.759;16.085;37.759
2019-05-14;0;16.781;37.786;16.781;37.786
2019-05-21;0;16.899;37.817;16.899;37.817
2019-05-28;0;17.588;37.81;17.588;37.81
2019-06-05;0;20.302;37.649;20.302;37.649
2019-06-11;0;20.045;37.774;20.045;37.774
2019-06-19;0;21.801;37.719;21.801;37.719
2019-06-25;0;23.934;37.835;23.934;37.835
2019-07-02;0;27.212;37.963;27.212;37.963
2019-07-09;0;25.95;36.831;25.95;36.831
2019-07-16;0;26.089;37.873;26.089;37.873
2019-07-23;0;26.762;37.273;26.762;37.273
2019-07-30;0;25.96;37.577;25.96;37.577
2019-08-06;0;26.636;37.537;26.636;37.537
2019-08-20;0;26.885;37.795;26.885;37.795
2019-08-27;0;26.615;37.285;26.615;37.285
2019-09-03;0;26.764;37.575;26.764;37.575
2019-09-10;0;24.964;38.21;24.964;38.21
2019-09-17;0;24.611;38.047;24.611;38.047
2019-09-24;0;23.548;38.233;23.548;38.233
2019-10-01;0;22.449;38.267;22.449;38.267
2019-10-08;0;22.081;38.225;22.081;38.225
2019-10-16;0;21.067;38.2;21.067;38.2
2019-10-22;0;20.831;37.953;20.831;37.953
2019-10-29;0;20.376;38.077;20.376;38.077
2019-11-05;0;19.827;38.108;19.827;38.108
2019-11-12;0;19.009;38.033;19.009;38.033
2019-11-19;0;17.808;38.057;17.808;38.057
2019-11-26;0;16.56;36.29;16.56;36.29
2019-12-03;0;17.011;37.37;17.011;37.37
2019-12-10;0;16.864;37.851;16.864;37.851
2019-12-17;0;16.276;37.969;16.276;37.969
2020-01-07;0;15.444;37.867;15.444;37.867
2020-01-14;0;15.185;37.925;15.185;37.925
2020-01-21;0;14.659;38.046;14.659;38.046
2020-01-28;0;14.421;37.992;14.421;37.992
2020-02-05;0;14.302;38.11;14.302;38.11
2020-02-12;0;14.056;38.079;14.056;38.079
2020-02-17;0;14.253;38.087;14.253;38.087
2020-02-25;0;14.268;38.097;14.268;38.097
2020-03-03;0;13.776;38.082;13.776;38.082
2020-03-10;0;13.904;37.936;13.904;37.936
2020-04-23;0;15.522;37.978;15.522;37.978
2020-05-05;0;17.391;38.115;17.391;38.115
2020-05-14;0;17.606;37.77;17.606;37.77
2020-05-19;0;18.889;37.324;18.889;37.324
2020-05-26;0;21.018;37.056;21.018;37.056
2020-06-02;0;20.465;37.514;20.465;37.514
2020-06-09;0;20.245;37.272;20.245;37.272
2020-06-15;0;20.938;37.42;20.938;37.42
2020-06-23;0;23.01;37.472;23.01;37.472
2020-06-30;0;24.496;37.537;24.496;37.537
2020-07-07;0;25.622;37.707;25.622;37.707
2020-07-15;0;24.7;37.598;24.7;37.598
2020-07-21;0;25.873;37.382;25.873;37.382
2020-07-28;0;26.141;37.915;26.141;37.915
2020-08-04;0;26.327;37.747;26.327;37.747
2020-08-11;0;26.881;37.761;26.881;37.761
2020-08-19;0;26.737;37.999;26.737;37.999
2020-08-25;0;26.675;37.532;26.675;37.532
2020-09-01;0;21.831;37.925;21.831;37.925
2020-09-07;0;24.787;37.889;24.787;37.889
2020-09-14;0;24.375;38.03;24.375;38.03
2020-09-22;0;24.181;37.762;24.181;37.762
2020-09-29;0;21.565;37.683;21.565;37.683
2020-10-06;0;19.7;37.848;19.7;37.848
2020-10-13;0;20.45;37.594;20.45;37.594
2020-10-20;0;19.773;37.745;19.773;37.745
2020-10-27;0;19.141;37.504;19.141;37.504
2020-11-03;0;19.008;37.759;19.008;37.759
2020-11-10;0;18.735;37.768;18.735;37.768
2020-11-17;0;18.359;37.903;18.359;37.903
2020-11-24;0;17.601;37.975;17.601;37.975
2020-12-02;0;16.462;38.018;16.462;38.018
2020-12-08;0;16.077;38.011;16.077;38.011
2020-12-15;0;15.888;37.951;15.888;37.951
2020-12-22;0;15.537;37.701;15.537;37.701
2021-01-05;0;14.757;37.863;14.757;37.863
2021-01-12;0;14.515;37.944;14.515;37.944
2021-01-19;0;14.268;37.957;14.268;37.957
2021-01-26;0;14.126;38.045;14.126;38.045
2021-02-02;0;14.057;38.046;14.057;38.046
2021-02-09;0;13.835;37.941;13.835;37.941
2021-02-16;0;13.591;37.867;13.591;37.867
2021-02-23;0;13.886;38.043;13.886;38.043
2021-03-02;0;13.83;37.873;13.83;37.873
2021-03-09;0;13.882;37.923;13.882;37.923
2021-03-16;0;13.916;38.105;13.916;38.105
2021-03-23;0;13.898;38.115;13.898;38.115
2021-03-30;0;15.029;37.85;15.029;37.85
2021-04-06;0;15.287;37.962;15.287;37.962
2021-04-13;0;14.652;38.125;14.652;38.125
2021-04-20;0;14.515;38.014;14.515;38.014
2021-04-27;0;14.937;38.039;14.937;38.039
2021-05-04;0;15.591;37.717;15.591;37.717
2021-05-11;0;16.141;37.909;16.141;37.909
2021-05-18;0;16.401;37.744;16.401;37.744
2021-05-25;0;16.961;37.718;16.961;37.718
2021-06-01;0;18.45;37.66;18.45;37.66
2021-06-09;0;20.585;36.891;20.585;36.891
2021-06-15;0;23.316;36.908;23.316;36.908
2021-06-22;0;24.115;36.982;24.115;36.982
2021-06-29;0;24.268;37.204;24.268;37.204
2021-07-06;0;24.267;37.322;24.267;37.322
2021-07-13;0;24.407;37.688;24.407;37.688
2021-07-20;0;24.079;37.425;24.079;37.425
2021-07-27;0;25.609;37.637;25.609;37.637
2021-08-03;0;23.163;38.138;23.163;38.138
2021-09-07;0;24.172;38.195;24.172;38.195
2021-09-14;0;24.362;38.267;24.362;38.267
2021-09-21;0;23.173;38.187;23.173;38.187
2021-09-28;0;23.317;38.189;23.317;38.189
2021-10-05;0;22.968;38.195;22.968;38.195
2021-10-12;0;21.886;38.016;21.886;38.016
2021-10-19;0;20.818;38.167;20.818;38.167
2021-10-25;0;20.199;38.186;20.199;38.186
2021-11-03;0;19.116;38.093;19.116;38.093
2021-11-09;0;18.515;38.151;18.515;38.151
2021-11-23;0;17.799;38.118;17.799;38.118
2021-12-07;0;16.374;38.135;16.374;38.135
2021-12-14;0;15.72;38.077;15.72;38.077
2022-01-11;0;14.882;38.117;14.882;38.117
2022-01-18;0;14.552;38.116;14.552;38.116
2022-01-25;0;14.193;38.129;14.193;38.129
2022-02-01;0;14.158;38.152;14.158;38.152
2022-02-08;0;14.164;38.15;14.164;38.15
2022-02-15;0;13.883;38.21;13.883;38.21
2022-02-22;0;13.855;38.195;13.855;38.195
2022-03-02;0;13.769;38.209;13.769;38.209
2022-03-08;0;13.708;38.206;13.708;38.206
2022-03-16;0;13.623;38.222;13.623;38.222
2022-03-22;0;13.5;38.27;13.5;38.27
2022-03-30;0;13.938;38.236;13.938;38.236
2022-04-05;0;13.748;38.259;13.748;38.259
2022-04-12;0;13.826;38.268;13.826;38.268
2022-04-19;0;15.24;37.956;15.24;37.956
2022-04-26;0;15.142;38.025;15.142;38.025
2022-05-02;0;16.045;38;16.045;38
2022-05-10;0;16.948;38.108;16.948;38.108
2022-05-17;0;19.121;37.765;19.121;37.765
2022-05-24;0;21.326;37.799;21.326;37.799
2022-05-31;0;22.369;36.882;22.369;36.882
2022-06-08;0;22.363;37.626;22.363;37.626
2022-06-14;0;23.941;37.614;23.941;37.614
2022-06-21;0;25.897;38.005;25.897;38.005
2022-06-28;0;24.25;37.755;24.25;37.755
2022-07-05;0;26.165;37.618;26.165;37.618
2022-07-12;0;27.403;36.935;27.403;36.935
2022-07-19;0;28.419;36.455;28.419;36.455
2022-07-25;0;28.293;38.134;28.293;38.134
2022-08-02;0;27.603;35.796;27.603;35.796
2022-08-09;0;27.714;38.336;27.714;38.336
2022-08-16;0;26.964;38.349;26.964;38.349
2022-08-23;0;27.254;37.656;27.254;37.656
2022-08-30;0;27.057;37.815;27.057;37.815
2022-09-06;0;26.494;38.293;26.494;38.293
2022-09-13;0;25.686;38.172;25.686;38.172
2022-09-20;0;24.823;38.161;24.823;38.161
2022-09-28;0;22.689;38.206;22.689;38.206
2022-10-04;0;21.95;38.037;21.95;38.037
2022-10-11;0;21.843;38.203;21.843;38.203
2022-11-16;0;19.882;38.259;19.882;38.259
2022-11-22;0;19.328;38.32;19.328;38.32
2022-11-29;0;18.122;38.238;18.122;38.238
2022-12-06;0;17.561;38.231;17.561;38.231
2022-12-13;0;16.905;38.184;16.905;38.184
2022-12-20;0;16.635;38.148;16.635;38.148
