"datetime";"depth";"temperature";"salinity"
1995-01-18;"0";14.037;38.036
1995-01-18;"50";13.83;38.087
1995-01-26;"0";13.853;38.175
1995-01-26;"50";13.864;38.102
1995-02-01;"0";13.876;38.191
1995-02-01;"50";13.877;38.13
1995-02-08;"0";13.708;38.118
1995-02-08;"50";13.735;38.121
1995-02-15;"0";13.567;38.172
1995-02-15;"50";13.654;38.181
1995-02-22;"0";13.521;37.893
1995-02-22;"50";13.548;38.154
1995-03-01;"0";13.232;38.089
1995-03-01;"50";13.3;38.123
1995-03-08;"0";12.965;38.045
1995-03-08;"50";13.019;38.085
1995-03-15;"0";12.864;38.046
1995-03-15;"50";12.931;38.051
1995-03-22;"0";13.093;37.972
1995-03-22;"50";12.946;38.025
1995-03-29;"0";13.015;38.014
1995-03-29;"50";13.002;38.037
1995-04-05;"0";13.689;37.974
1995-04-05;"50";13.017;38.063
1995-04-11;"0";13.844;38.034
1995-04-11;"50";13.482;38.08
1995-04-19;"0";14.188;38.093
1995-04-19;"50";13.595;38.064
1995-04-26;"0";13.932;37.947
1995-04-26;"50";13.903;38.036
1995-05-03;"0";16.502;37.774
1995-05-03;"50";14.041;38.018
1995-05-10;"0";17.413;37.728
1995-05-10;"50";13.818;38.037
1995-05-17;"0";16.825;37.724
1995-05-17;"50";14.355;37.993
1995-05-24;"0";18.058;37.641
1995-05-24;"50";14.326;38.018
1995-05-31;"0";17.549;37.736
1995-05-31;"50";13.605;38.137
1995-06-07;"0";19.469;37.729
1995-06-07;"50";14.529;38.082
1995-06-14;"0";18.589;37.95
1995-06-14;"50";14.841;38.107
1995-06-21;"0";21.835;37.786
1995-06-21;"50";14.91;38.093
1995-06-29;"0";20.947;37.959
1995-06-29;"50";14.082;38.146
1995-07-05;"0";22.37;37.971
1995-07-05;"50";14.05;38.15
1995-07-19;"0";25.308;37.726
1995-07-19;"50";15.757;38.056
1995-07-26;"0";26.833;38.397
1995-07-26;"50";15.235;38.191
1995-08-02;"0";26.179;38.066
1995-08-02;"50";15.046;38.001
1995-08-09;"0";23.525;38.143
1995-08-09;"50";16.234;37.993
1995-08-16;"0";25.297;38.195
1995-08-16;"50";16.093;37.966
1995-08-23;"0";24.855;38.315
1995-08-23;"50";16.509;37.98
1995-08-30;"0";24.138;38.264
1995-08-30;"50";16.846;37.955
1995-09-06;"0";22.266;38.162
1995-09-06;"50";17.787;37.677
1995-09-13;"0";21.889;37.672
1995-09-13;"50";15.561;37.962
1995-09-21;"0";21.183;38.022
1995-09-21;"50";15.997;37.761
1995-09-27;"0";21.073;38.072
1995-09-27;"50";18.951;38.054
1995-10-04;"0";20.618;38.044
1995-10-04;"50";20.253;38.017
1995-10-11;"0";20.434;37.782
1995-10-11;"50";18.713;38.002
1995-10-18;"0";20.303;37.545
1995-10-18;"50";18.545;37.988
1995-10-24;"0";20.21;37.949
1995-10-24;"50";19.269;37.821
1995-10-31;"0";19.708;38.046
1995-10-31;"50";19.318;38.141
1995-11-09;"0";18.132;38.174
1995-11-09;"50";16.719;38.028
1995-11-15;"0";17.881;38.096
1995-11-15;"50";17.944;38.166
1995-11-29;"0";16.28;38.108
1995-11-29;"50";16.259;38.103
1995-12-06;"0";16.078;38.144
1995-12-06;"50";16.084;38.143
1995-12-13;"0";15.573;38.154
1995-12-13;"50";15.58;38.152
1995-12-19;"0";15.211;38.15
1995-12-19;"50";15.165;38.148
1995-12-29;"0";14.902;38.172
1995-12-29;"50";14.917;38.174
1996-01-03;"0";14.815;38.132
1996-01-03;"50";14.785;38.134
1996-01-10;"0";14.28;38.061
1996-01-10;"50";14.259;38.053
1996-01-17;"0";13.75;37.593
1996-01-17;"50";14.315;37.98
1996-01-24;"0";13.795;37.957
1996-01-24;"50";14.394;38.05
1996-02-01;"0";14.166;38.034
1996-02-01;"50";14.206;38.065
1996-02-08;"0";13.852;37.999
1996-02-08;"50";13.888;38.018
1996-02-13;"0";13.738;38.07
1996-02-13;"50";13.739;38.073
1996-02-21;"0";13.52;38.037
1996-02-21;"50";13.589;38.059
1996-02-28;"0";13.49;38.062
1996-02-28;"50";13.492;38.057
1996-03-06;"0";13.402;38.067
1996-03-06;"50";13.385;38.068
1996-03-13;"0";13.298;38.086
1996-03-13;"50";13.307;38.082
1996-03-20;"0";13.522;37.972
1996-03-20;"50";13.307;38.112
1996-03-27;"0";13.741;38.053
1996-03-27;"50";13.393;38.129
1996-04-03;"0";13.67;38.058
1996-04-03;"50";13.668;38.079
1996-04-10;"0";14.743;37.15
1996-04-10;"50";13.618;38.044
1996-04-17;"0";15.013;37.882
1996-04-17;"50";14.076;38
1996-04-24;"50";14.524;37.956
1996-04-30;"0";15.313;37.691
1996-04-30;"50";14.654;37.961
1996-05-07;"0";15.38;37.811
1996-05-07;"50";13.87;38.03
1996-05-15;"0";17.571;37.5
1996-05-15;"50";14.407;37.951
1996-05-22;"0";17.011;37.64
1996-05-22;"50";14.242;37.992
1996-05-29;"0";19.643;37.593
1996-05-29;"50";15.496;37.893
1996-06-05;"0";19.958;37.546
1996-06-05;"50";15.02;37.816
1996-06-12;"0";23.381;37.597
1996-06-12;"50";14.796;37.977
1996-06-19;"0";22.663;37.677
1996-06-19;"50";14.416;37.982
1996-06-26;"0";20.147;37.813
1996-06-26;"50";14.824;38.015
1996-07-03;"0";21.365;37.876
1996-07-03;"50";15.585;37.941
1996-07-10;"0";21.459;37.918
1996-07-10;"50";15.285;37.955
1996-07-17;"0";22.648;37.888
1996-07-17;"50";14.463;37.961
1996-07-26;"0";23.324;37.988
1996-07-26;"50";14.633;37.949
1996-07-31;"0";24.169;37.995
1996-07-31;"50";15.278;37.944
1996-08-07;"0";25.149;37.966
1996-08-07;"50";14.37;38.009
1996-08-14;"0";23.398;38.031
1996-08-14;"50";17.924;37.957
1996-08-21;"0";24.746;38.031
1996-08-21;"50";14.807;37.97
1996-08-28;"0";24.059;38.024
1996-08-28;"50";14.265;37.996
1996-09-04;"0";23.13;37.953
1996-09-04;"50";15.921;37.954
1996-09-11;"0";22.131;38.041
1996-09-11;"50";15.671;37.92
1996-09-18;"0";21.677;38.09
1996-09-18;"50";15.579;37.963
1996-09-25;"0";21.164;38.095
1996-09-25;"50";17.436;37.933
1996-10-03;"0";21.004;38.048
1996-10-03;"50";16.001;37.938
1996-10-10;"0";20.161;38.029
1996-10-10;"50";20.006;38.061
1996-10-16;"0";19.596;37.987
1996-10-16;"50";19.579;38.019
1996-10-23;"0";19.546;37.973
1996-10-23;"50";19.424;37.982
1996-10-30;"0";19.039;37.996
1996-10-30;"50";18.664;38.013
1996-11-06;"0";18.69;37.982
1996-11-06;"50";18.296;37.97
1996-11-14;"0";17.821;37.803
1996-11-14;"50";17.895;37.954
1996-11-22;"0";16.723;37.951
1996-11-22;"50";16.235;38.012
1996-11-27;"0";16.185;37.945
1996-11-27;"50";16.161;37.943
1996-12-04;"0";15.791;37.966
1996-12-04;"50";15.789;37.965
1996-12-11;"0";15.335;37.573
1996-12-11;"50";15.333;37.963
1996-12-18;"0";14.424;37.731
1996-12-18;"50";14.691;37.906
1996-12-23;"0";14.582;37.772
1996-12-23;"50";14.763;37.925
1997-01-02;"0";13.82;37.884
1997-01-02;"50";13.856;37.924
1997-01-09;"0";13.041;37.572
1997-01-09;"50";13.712;37.911
1997-01-15;"0";13.151;37.654
1997-01-15;"50";13.423;37.791
1997-01-22;"0";13.138;37.607
1997-01-22;"50";13.297;37.72
1997-01-29;"0";13.31;37.659
1997-01-29;"50";13.4;37.713
1997-02-05;"0";13.267;37.658
1997-02-05;"50";13.401;37.716
1997-02-12;"0";13.31;37.684
1997-02-12;"50";13.403;37.727
1997-02-19;"0";13.433;37.729
1997-02-19;"50";13.436;37.739
1997-02-26;"0";13.637;37.669
1997-02-26;"50";13.548;37.927
1997-03-05;"0";13.83;37.704
1997-03-05;"50";13.631;37.947
1997-03-12;"0";13.916;37.83
1997-03-12;"50";13.802;37.875
1997-03-20;"0";14.177;37.808
1997-03-20;"50";13.832;37.876
1997-03-26;"0";14.209;37.839
1997-03-26;"50";13.986;37.858
1997-04-02;"0";14.655;37.805
1997-04-02;"50";14.056;37.859
1997-04-09;"0";14.441;37.836
1997-04-09;"50";14.181;37.865
1997-04-16;"0";15.077;37.772
1997-04-16;"50";14.286;37.873
1997-04-23;"0";15.251;37.884
1997-04-23;"50";14.64;37.886
1997-04-30;"0";15.708;37.915
1997-04-30;"50";14.585;37.922
1997-05-14;"0";15.293;37.889
1997-05-14;"50";14.971;37.864
1997-05-21;"0";17.367;37.772
1997-05-21;"50";15.117;37.836
1997-05-28;"0";19.915;37.801
1997-05-28;"50";14.94;37.939
1997-06-04;"0";18.956;37.802
1997-06-04;"50";17.028;37.864
1997-06-11;"0";21.535;37.33
1997-06-11;"50";16.055;37.918
1997-06-18;"0";23.022;37.578
1997-06-18;"50";16.204;37.901
1997-06-25;"0";19.587;37.832
1997-06-25;"50";15.486;37.894
1997-07-02;"0";16.828;37.821
1997-07-02;"50";14.644;37.946
1997-07-08;"0";21.077;37.914
1997-07-08;"50";15.953;37.892
1997-07-16;"0";23.672;37.868
1997-07-16;"50";15.477;37.918
1997-07-23;"0";24.558;37.789
1997-07-23;"50";15.625;37.907
1997-07-30;"0";25.888;37.907
1997-07-30;"50";15.29;37.927
1997-08-13;"0";25.638;37.943
1997-08-13;"50";15.831;37.912
1997-08-20;"0";24.985;37.909
1997-08-20;"50";15.116;37.926
1997-08-27;"0";24.919;37.927
1997-08-27;"50";16;37.864
1997-09-03;"0";23.7;37.831
1997-09-03;"50";15.434;37.9
1997-09-10;"0";24.698;37.871
1997-09-10;"50";16.189;37.829
1997-09-17;"0";23.68;38.03
1997-09-17;"50";18.128;37.789
1997-09-24;"0";23.037;38.093
1997-09-24;"50";15.608;37.871
1997-10-01;"0";22.979;38.142
1997-10-01;"50";16.532;37.828
1997-10-03;"0";22.811;38.159
1997-10-03;"50";16.628;37.824
1997-10-07;"0";22.702;38.167
1997-10-07;"50";17.933;37.815
1997-10-08;"0";22.58;38.164
1997-10-08;"50";18.018;37.835
1997-10-15;"0";21.444;38.026
1997-10-15;"50";15.199;37.916
1997-10-22;"0";21.096;38.017
1997-10-22;"50";19.436;37.97
1997-10-30;"0";19.463;38.053
1997-10-30;"50";19.1;38.046
1997-11-05;"0";18.347;38.055
1997-11-05;"50";18.265;38.056
1997-11-13;"0";17.466;37.836
1997-11-13;"50";17.478;38.045
1997-11-19;"0";17.524;37.923
1997-11-19;"50";17.525;37.928
1997-11-26;"0";16.964;37.946
1997-11-26;"50";16.991;37.97
1997-12-04;"0";16.401;37.968
1997-12-04;"50";16.407;37.969
1997-12-10;"0";16.229;37.946
1997-12-10;"50";16.237;37.941
1997-12-17;"0";15.776;37.93
1997-12-17;"50";15.809;37.934
1997-12-23;"0";15.017;37.362
1997-12-23;"50";15.431;37.903
1997-12-30;"0";15.289;37.826
1997-12-30;"50";15.287;37.824
1998-01-07;"0";15.125;37.847
1998-01-07;"50";15.139;37.853
1998-01-14;"0";14.777;37.74
1998-01-14;"50";14.867;37.778
1998-01-21;"0";14.486;37.876
1998-01-21;"50";14.484;37.877
1998-01-28;"0";14.217;37.916
1998-01-28;"50";14.252;37.921
1998-02-04;"0";14.137;37.919
1998-02-04;"50";14.145;37.929
1998-02-11;"0";13.935;37.924
1998-02-11;"50";13.93;37.931
1998-02-18;"0";13.887;37.802
1998-02-18;"50";13.916;37.921
1998-02-25;"0";13.991;37.878
1998-02-25;"50";13.993;37.881
1998-03-04;"0";14.171;37.859
1998-03-04;"50";14.011;37.903
1998-03-11;"0";13.947;37.901
1998-03-11;"50";13.859;37.933
1998-03-18;"0";14.194;37.882
1998-03-18;"50";13.867;37.925
1998-03-25;"0";13.959;37.909
1998-03-25;"50";13.934;37.91
1998-04-01;"0";14.281;37.928
1998-04-01;"50";13.809;37.932
1998-04-08;"0";13.864;37.912
1998-04-08;"50";13.685;37.979
1998-04-15;"0";13.47;37.891
1998-04-15;"50";13.595;38.002
1998-04-22;"0";15.294;37.867
1998-04-22;"50";13.975;37.845
1998-04-29;"0";15.384;37.539
1998-04-29;"50";14.051;37.856
1998-05-06;"0";15.726;37.332
1998-05-06;"50";14.35;37.81
1998-05-13;"0";18.158;37.451
1998-05-13;"50";14.278;37.85
1998-05-20;"0";19.121;37.528
1998-05-20;"50";14.684;37.874
1998-05-27;"0";19.475;37.617
1998-05-27;"50";14.486;37.923
1998-06-03;"0";19.734;37.307
1998-06-03;"50";14.984;37.889
1998-06-10;"0";21.749;37.739
1998-06-10;"50";15.145;37.878
1998-06-17;"0";20.251;37.777
1998-06-17;"50";14.605;37.895
1998-06-24;"0";22.381;37.744
1998-06-24;"50";15.158;37.88
1998-07-01;"0";24.132;37.797
1998-07-01;"50";15.227;37.879
1998-07-08;"0";22.398;37.87
1998-07-08;"50";14.603;37.913
1998-07-15;"0";23.777;37.984
1998-07-15;"50";16.097;37.88
1998-07-22;"0";24.76;37.998
1998-07-22;"50";15.087;37.907
1998-07-29;"0";25.483;38.034
1998-07-29;"50";15.675;37.903
1998-08-05;"0";24.71;38.016
1998-08-05;"50";15.955;37.945
1998-08-12;"0";25.386;38.082
1998-08-12;"50";15.174;37.936
1998-08-19;"0";25.116;38.146
1998-08-19;"50";15.834;37.92
1998-08-26;"0";25.898;38.074
1998-08-26;"50";15.396;37.918
1998-09-02;"0";24.314;38.151
1998-09-02;"50";15.822;37.912
1998-09-09;"0";23.687;38.039
1998-09-09;"50";15.913;37.908
1998-09-17;"0";21.941;38.052
1998-09-17;"50";14.966;37.934
1998-09-23;"0";21.92;38.112
1998-09-23;"50";15.865;37.91
1998-10-01;"0";20.474;37.59
1998-10-01;"50";20.022;38.092
1998-10-07;"0";20.093;37.843
1998-10-07;"50";17.784;37.966
1998-10-14;"0";19.509;37.784
1998-10-14;"50";18.27;37.936
1998-10-21;"0";19.376;37.812
1998-10-21;"50";18.976;37.935
1998-10-30;"0";18.615;37.98
1998-10-30;"50";16.846;37.964
1998-11-06;"0";18.082;37.951
1998-11-06;"50";16.411;37.951
1998-11-12;"0";17.74;38.02
1998-11-12;"50";17.75;38.056
1998-11-18;"0";16.984;38.047
1998-11-18;"50";17.013;38.045
1998-11-25;"0";15.061;38.126
1998-11-25;"50";14.916;38.126
1998-12-02;"0";14.948;38.106
1998-12-02;"50";14.789;38.123
1998-12-09;"0";14.665;38.145
1998-12-09;"50";14.677;38.145
1998-12-16;"0";14.595;38.142
1998-12-16;"50";14.61;38.144
1998-12-23;"0";14.369;38.125
1998-12-23;"50";14.402;38.128
1999-01-06;"0";13.848;38.097
1999-01-06;"50";13.856;38.098
1999-01-13;"0";13.63;38.066
1999-01-13;"50";13.622;38.067
1999-01-20;"0";13.565;38.062
1999-01-20;"50";13.571;38.07
1999-01-27;"0";13.565;38.036
1999-01-27;"50";13.57;38.036
1999-02-03;"0";13.423;38.024
1999-02-03;"50";13.412;38.041
1999-02-10;"0";13.089;38.101
1999-02-10;"50";13.092;38.101
1999-02-11;"0";13.092;38.101
1999-02-11;"50";13.089;38.101
1999-02-16;"0";12.976;38.116
1999-02-16;"50";12.988;38.115
1999-02-19;"0";12.988;38.115
1999-02-19;"50";12.976;38.116
1999-02-24;"0";12.861;38.159
1999-02-24;"50";12.859;38.16
1999-03-03;"0";13.189;38.154
1999-03-03;"50";12.99;38.149
1999-03-10;"0";12.896;38.165
1999-03-10;"50";12.856;38.146
1999-03-29;"0";13.555;38.014
1999-03-29;"50";13.106;38.065
1999-04-01;"0";13.496;37.867
1999-04-01;"50";13.094;38.051
1999-04-07;"0";14.129;37.965
1999-04-07;"50";13.191;38.092
1999-04-14;"0";13.715;38.098
1999-04-14;"50";13.433;38.104
1999-04-21;"0";13.881;38.068
1999-04-21;"50";13.484;38.125
1999-04-28;"0";14.435;37.91
1999-04-28;"50";14.33;37.955
1999-05-05;"0";15.582;37.538
1999-05-05;"50";14.416;38.019
1999-05-11;"0";16.583;37.537
1999-05-11;"50";13.778;38.136
1999-05-18;"0";18.316;37.732
1999-05-18;"50";15.423;38.008
1999-05-26;"0";19.577;37.738
1999-05-26;"50";14.005;38.112
1999-06-02;"0";20.72;37.863
1999-06-02;"50";14.84;38.099
1999-06-09;"0";21.23;37.928
1999-06-09;"50";14.827;38.133
1999-06-16;"0";22.291;37.4
1999-06-16;"50";16.011;38.065
1999-06-23;"0";22.36;37.711
1999-06-23;"50";15.365;38.101
1999-07-01;"0";23.524;38.12
1999-07-01;"50";14.9;38.119
1999-07-07;"0";23.85;38.181
1999-07-07;"50";14.379;38.13
1999-07-15;"0";24.054;38.111
1999-07-15;"50";15.174;38.115
1999-07-21;"0";25.304;38.096
1999-07-21;"50";14.855;38.113
1999-07-28;"0";24.585;38.199
1999-07-28;"50";14.328;38.137
1999-08-04;"0";25.07;38.236
1999-08-04;"50";14.466;38.114
1999-08-11;"0";24.699;38.216
1999-08-11;"50";16.921;38.074
1999-08-18;"0";25.047;38.25
1999-08-18;"50";15.435;38.105
1999-08-25;"0";25.946;38.316
1999-08-25;"50";15.591;38.097
1999-09-01;"0";25.46;38.329
1999-09-01;"50";15.459;38.098
1999-09-08;"0";24.675;38.332
1999-09-08;"50";15.846;38.084
1999-09-16;"0";24.138;38.327
1999-09-16;"50";16.514;38.059
1999-09-22;"0";23.326;38.109
1999-09-22;"50";18.08;38.089
1999-09-29;"0";22.9;38.23
1999-09-29;"50";15.896;38.095
1999-10-06;"0";22.304;38.272
1999-10-06;"50";22.207;38.264
1999-10-13;"0";21.878;38.231
1999-10-13;"50";16.543;38.114
1999-10-20;"0";20.966;38.244
1999-10-20;"50";20.853;38.237
1999-10-27;"0";19.396;37.247
1999-10-27;"50";19.611;38.18
1999-11-03;"0";20.205;37.507
1999-11-03;"50";20.172;37.943
1999-11-10;"0";19.664;38.056
1999-11-10;"50";19.095;38.109
1999-11-18;"0";18.179;38.037
1999-11-18;"50";18.088;38.055
1999-11-24;"0";17.138;38.061
1999-11-24;"50";16.585;38.098
1999-12-01;"0";16.334;38.104
1999-12-01;"50";16.337;38.105
1999-12-08;"0";15.858;38.086
1999-12-08;"50";15.861;38.087
1999-12-17;"0";15.082;38.079
1999-12-17;"50";15.098;38.081
1999-12-22;"0";14.772;38.079
1999-12-22;"50";14.798;38.083
1999-12-30;"0";13.706;38.194
1999-12-30;"50";13.713;38.2
2000-01-05;"0";13.674;38.15
2000-01-05;"50";13.699;38.149
2000-01-12;"0";13.673;38.112
2000-01-12;"50";13.68;38.111
2000-01-19;"0";13.483;38.135
2000-01-19;"50";13.483;38.136
2000-01-26;"0";13.278;38.155
2000-01-26;"50";13.277;38.168
2000-02-02;"0";13.171;38.173
2000-02-02;"50";13.139;38.172
2000-02-09;"0";13.184;38.155
2000-02-09;"50";13.177;38.154
2000-02-18;"0";13.082;38.154
2000-02-18;"50";13.085;38.155
2000-02-23;"0";13.022;38.15
2000-02-23;"50";13.033;38.149
2000-03-02;"0";13.014;38.156
2000-03-02;"50";13.051;38.174
2000-03-09;"0";13.446;38.174
2000-03-09;"50";13.04;38.161
2000-03-15;"0";13.685;38.125
2000-03-15;"50";13.158;38.162
2000-03-22;"0";13.618;38.153
2000-03-22;"50";13.401;38.153
2000-03-29;"0";13.422;38.088
2000-03-29;"50";13.437;38.111
2000-04-06;"0";13.405;38.064
2000-04-06;"50";13.402;38.081
2000-04-14;"0";13.668;37.871
2000-04-14;"50";13.327;38.114
2000-04-19;"0";13.827;37.874
2000-04-19;"50";13.412;38.071
2000-04-26;"0";15.292;37.773
2000-04-26;"50";13.513;38.04
2000-05-03;"0";16.518;37.77
2000-05-03;"50";13.757;38.112
2000-05-10;"0";16.842;37.742
2000-05-10;"50";15.994;37.981
2000-05-16;"0";18.544;37.834
2000-05-16;"50";14.375;38.109
2000-05-24;"0";19.412;38.031
2000-05-24;"50";14.814;38.095
2000-05-30;"0";17.5;38.025
2000-05-30;"50";14.572;38.107
2000-06-07;"0";21.604;38.056
2000-06-07;"50";15.414;38.086
2000-06-14;"0";22.427;37.886
2000-06-14;"50";14.854;38.092
2000-06-21;"0";23.552;37.773
2000-06-21;"50";14.607;38.097
2000-06-28;"0";24.106;37.944
2000-06-28;"50";14.888;38.09
2000-07-05;"0";23.383;38.096
2000-07-05;"50";14.644;38.095
2000-07-13;"0";18.548;38.084
2000-07-13;"50";14.269;38.102
2000-07-19;"0";22.53;38.149
2000-07-19;"50";14.187;38.119
2000-07-26;"0";22.675;38.153
2000-07-26;"50";15.326;38.067
2000-08-02;"0";23.81;38.199
2000-08-02;"50";14.105;38.442
2000-08-16;"0";25.01;38.196
2000-08-16;"50";14.672;38.096
2000-08-23;"0";25.612;38.211
2000-08-23;"50";14.915;38.056
2000-08-30;"0";25.516;38.271
2000-08-30;"50";15.658;38.042
2000-09-13;"0";24.058;38.282
2000-09-13;"50";14.497;38.061
2000-09-20;"0";23.014;38.285
2000-09-20;"50";18.21;38.093
2000-09-27;"0";22.333;38.272
2000-09-27;"50";16.262;38.038
2000-10-04;"0";21.813;38.22
2000-10-04;"50";20.756;38.202
2000-10-18;"0";19.75;37.446
2000-10-18;"50";20.22;37.911
2000-10-25;"0";19.912;37.817
2000-10-25;"50";18.084;38.048
2000-11-02;"0";19.19;37.862
2000-11-02;"50";17.118;38.08
2000-11-10;"0";18.036;37.9
2000-11-10;"50";17.971;37.903
2000-11-15;"0";17.568;37.273
2000-11-15;"50";17.813;38.115
2000-11-22;"0";17.577;37.769
2000-11-22;"50";17.726;38.053
2000-11-29;"0";17.447;37.922
2000-11-29;"50";17.622;38.06
2000-12-05;"0";16.384;37.634
2000-12-05;"50";16.396;38.038
2000-12-13;"0";16.319;38.001
2000-12-13;"50";16.365;38.02
2000-12-20;"0";15.898;38.013
2000-12-20;"50";15.944;38.105
2001-01-04;"0";15.05;38.073
2001-01-04;"50";15.061;38.083
2001-01-11;"0";14.361;37.718
2001-01-11;"50";14.865;38.015
2001-01-17;"0";14.107;37.776
2001-01-17;"50";14.556;37.977
2001-01-31;"0";13.966;38.066
2001-01-31;"50";14.04;38.092
2001-02-08;"0";13.808;37.998
2001-02-08;"50";13.828;38.008
2001-02-14;"0";13.718;37.959
2001-02-14;"50";13.85;38.024
2001-02-22;"0";13.823;37.963
2001-02-22;"50";13.953;38.063
2001-03-02;"0";13.892;38.117
2001-03-02;"50";13.903;38.118
2001-03-07;"0";13.82;37.965
2001-03-07;"50";13.825;38.115
2001-03-15;"0";14.004;38.011
2001-03-15;"50";13.863;38.111
2001-03-27;"0";14.359;37.815
2001-03-27;"50";13.999;38.083
2001-04-04;"0";14.735;37.788
2001-04-04;"50";14.065;38.063
2001-04-11;"0";14.928;37.933
2001-04-11;"50";14.426;38
2001-04-18;"0";14.992;37.968
2001-04-18;"50";14.69;38.019
2001-04-24;"0";14.992;37.994
2001-04-24;"50";14.552;38.032
2001-05-02;"0";15.595;37.661
2001-05-02;"50";15.155;37.954
2001-05-09;"0";16.3;37.133
2001-05-09;"50";14.529;38.008
2001-05-16;"0";18.019;37.732
2001-05-16;"50";14.524;38.012
2001-05-22;"0";18.127;37.84
2001-05-22;"50";17.131;37.961
2001-06-13;"0";20.99;37.915
2001-06-13;"50";16.969;37.987
2001-06-20;"0";21.018;37.988
2001-06-20;"50";15.425;38.065
2001-06-27;"0";23.597;37.965
2001-06-27;"50";14.946;38.058
2001-07-04;"0";24.409;37.966
2001-07-04;"50";15.163;38.053
2001-07-11;"0";23.343;38.013
2001-07-11;"50";15.954;38.017
2001-07-18;"0";23.816;38.097
2001-07-18;"50";16.077;38.036
2001-07-25;"0";23.962;38.012
2001-07-25;"50";15.261;38.072
2001-08-01;"0";25.432;38.088
2001-08-01;"50";15.717;38.039
2001-08-08;"0";24.525;38.091
2001-08-08;"50";14.943;38.046
2001-08-21;"0";24.772;38.18
2001-08-21;"50";15.798;37.953
2001-08-30;"0";26.586;38.222
2001-08-30;"50";15.475;37.986
2001-09-05;"0";21.456;38.161
2001-09-05;"50";14.267;38.038
2001-09-21;"0";20.826;38.222
2001-09-21;"50";16.998;38.03
2001-09-26;"0";20.969;38.204
2001-09-26;"50";17.86;38.042
2001-10-03;"0";21.039;38.182
2001-10-03;"50";18.485;38.129
2001-10-10;"0";21.179;38.148
2001-10-10;"50";20.603;38.213
2001-10-17;"0";20.965;38.12
2001-10-17;"50";17.84;38.124
2001-10-24;"0";20.716;38.147
2001-10-24;"50";19.223;38.1
2001-10-31;"0";23.316;38.006
2001-10-31;"50";15.931;38.023
2001-11-07;"0";19.767;38.102
2001-11-07;"50";19.577;38.088
2001-11-14;"0";18.195;38.033
2001-11-14;"50";18.238;38.092
2001-11-21;"0";17.219;38.051
2001-11-21;"50";17.05;38.058
2001-11-28;"0";16.91;38.046
2001-11-28;"50";16.929;38.056
2001-12-05;"0";16.793;38.083
2001-12-05;"50";16.796;38.084
2001-12-12;"0";16.374;38.088
2001-12-12;"50";15.808;38.065
2001-12-19;"0";15.371;38.074
2001-12-19;"50";15.408;38.073
2001-12-26;"0";14.922;38.099
2001-12-26;"50";14.947;38.101
2002-01-02;"0";14.393;38.125
2002-01-02;"50";14.405;38.131
2002-01-09;"0";14.026;38.168
2002-01-09;"50";14.038;38.167
2002-01-16;"0";13.829;38.192
2002-01-16;"50";13.867;38.192
2002-01-23;"0";13.712;38.209
2002-01-23;"50";13.625;38.195
2002-01-30;"0";13.6;38.172
2002-01-30;"50";13.57;38.176
2002-02-07;"0";13.345;37.985
2002-02-07;"50";13.382;38.09
2002-02-13;"0";13.327;38.017
2002-02-13;"50";13.363;38.072
2002-02-20;"0";13.074;37.899
2002-02-20;"50";13.387;38.097
2002-03-01;"0";13.122;38.069
2002-03-01;"50";13.31;38.102
2002-03-08;"0";13.644;38.027
2002-03-08;"50";13.24;38.039
2002-04-04;"0";14.224;38.003
2002-04-04;"50";13.788;38.004
2002-04-10;"0";13.822;37.982
2002-04-10;"50";13.836;37.979
2002-04-18;"0";14.612;37.94
2002-04-18;"50";13.726;38
2002-04-24;"0";15.063;37.852
2002-04-24;"50";13.731;38
2002-04-30;"0";15.797;37.932
2002-04-30;"50";14.555;37.952
2002-05-07;"0";16.185;37.528
2002-05-07;"50";15.68;37.838
2002-05-15;"0";18.028;37.33
2002-05-15;"50";14.28;37.983
2002-05-22;"0";19.718;37.439
2002-05-22;"50";14.329;38.007
2002-05-28;"0";18.612;37.658
2002-05-28;"50";14.648;37.966
2002-06-05;"0";20.171;37.668
2002-06-05;"50";15.408;37.955
2002-06-12;"0";19.982;37.633
2002-06-12;"50";15.66;37.887
2002-06-19;"0";21.49;37.457
2002-06-19;"50";14.665;37.904
2002-06-26;"0";25.403;37.504
2002-06-26;"50";14.864;37.86
2002-07-02;"0";23.905;37.717
2002-07-02;"50";14.925;37.902
2002-07-10;"0";22.715;37.766
2002-07-10;"50";14.835;37.882
2002-07-18;"0";23.942;37.642
2002-07-18;"50";15.241;37.863
2002-07-24;"0";25.045;37.668
2002-07-24;"50";15.447;37.827
2002-07-31;"0";24.989;37.615
2002-07-31;"50";14.364;37.924
2002-08-07;"0";23.199;37.826
2002-08-07;"50";16.16;37.739
2002-08-14;"0";23.62;37.779
2002-08-14;"50";14.963;37.884
2002-08-21;"0";24.363;37.764
2002-08-21;"50";15.77;37.818
2002-08-28;"0";24.202;37.706
2002-08-28;"50";15.012;37.845
2002-09-04;"0";23.6;37.666
2002-09-04;"50";15.777;38.166
2002-09-11;"0";23.19;37.83
2002-09-11;"50";16.157;38.025
2002-10-02;"0";21.635;37.854
2002-10-02;"50";15.605;37.794
2002-10-09;"0";21.015;37.866
2002-10-09;"50";16.976;37.769
2002-10-16;"0";20.562;37.77
2002-10-16;"50";17.632;37.858
2002-10-25;"0";19.679;37.73
2002-10-25;"50";19.63;37.732
2002-10-30;"0";19.487;37.753
2002-10-30;"50";18.606;37.735
2002-11-06;"0";18.735;37.794
2002-11-06;"50";18.117;37.819
2002-11-13;"0";17.8;37.79
2002-11-13;"50";17.863;37.84
2002-11-20;"0";17.647;37.739
2002-11-20;"50";17.647;37.736
2002-11-27;"0";17.537;37.625
2002-11-27;"50";17.53;37.711
2002-12-04;"0";17.209;37.685
2002-12-04;"50";17.365;37.821
2002-12-13;"0";15.969;37.827
2002-12-13;"50";15.953;37.849
2002-12-18;"0";15.824;37.86
2002-12-18;"50";15.834;37.863
2002-12-23;"0";15.617;37.89
2002-12-23;"50";15.648;37.914
2002-12-30;"0";15.314;37.786
2002-12-30;"50";15.451;37.862
2003-01-09;"0";14.866;37.939
2003-01-09;"50";14.93;37.943
2003-01-15;"0";14.512;37.917
2003-01-15;"50";14.527;37.925
2003-01-23;"0";13.948;37.843
2003-01-23;"50";14.086;37.88
2003-01-30;"0";13.941;37.919
2003-01-30;"50";13.93;37.919
2003-02-05;"0";13.658;37.962
2003-02-05;"50";13.583;37.978
2003-02-12;"0";13.447;37.981
2003-02-12;"50";13.454;37.983
2003-02-19;"0";13.252;38.118
2003-02-19;"50";13.244;38.117
2003-02-28;"0";13.128;38.121
2003-02-28;"50";13.111;38.124
2003-03-05;"0";13.296;38.112
2003-03-05;"50";13.152;38.114
2003-03-12;"0";13.663;38.093
2003-03-12;"50";13.192;38.128
2003-03-19;"0";13.52;38.121
2003-03-19;"50";13.325;38.143
2003-03-26;"0";14.07;38.071
2003-03-26;"50";13.451;38.136
2003-04-02;"0";13.619;38.126
2003-04-02;"50";13.569;38.13
2003-04-10;"0";13.37;38
2003-04-10;"50";13.473;38.118
2003-04-16;"0";13.777;38.019
2003-04-16;"50";13.618;38.046
2003-04-24;"0";14.648;37.959
2003-04-24;"50";13.632;38.079
2003-04-30;"0";15.822;37.842
2003-04-30;"50";14.499;37.944
2003-05-07;"0";16.742;37.852
2003-05-07;"50";16.351;37.87
2003-05-14;"0";19.43;37.463
2003-05-14;"50";14.146;38.055
2003-05-21;"0";19.268;37.669
2003-05-21;"50";14.145;38.039
2003-05-27;"0";18.7;37.835
2003-05-27;"50";14.303;38.057
2003-06-04;"0";21.096;37.634
2003-06-04;"50";14.151;38.057
2003-06-11;"0";23.929;37.779
2003-06-11;"50";14.186;38.052
2003-06-18;"0";25.379;37.721
2003-06-18;"50";14.428;38.002
2003-06-25;"0";25.93;37.955
2003-06-25;"50";14.287;38.027
2003-07-04;"0";18.681;37.938
2003-07-04;"50";14.283;38.05
2003-07-09;"0";25.675;38.136
2003-07-09;"50";14.367;38.053
2003-07-16;"0";26.454;38.139
2003-07-16;"50";14.897;38.026
2003-07-23;"0";26.85;38.083
2003-07-23;"50";14.473;38.05
2003-07-30;"0";26.869;38.135
2003-07-30;"50";14.372;38.075
2003-08-06;"0";27.003;38.124
2003-08-06;"50";14.715;38.053
2003-08-13;"0";27.718;38.182
2003-08-13;"50";15.242;38.001
2003-08-20;"0";27.972;38.204
2003-08-20;"50";15.274;37.978
2003-08-27;"0";27.608;38.175
2003-08-27;"50";14.99;37.991
2003-09-03;"0";24.788;38.174
2003-09-03;"50";14.978;38.016
2003-09-10;"0";23.398;38.186
2003-09-10;"50";14.922;38.016
2003-09-18;"0";23.071;38.211
2003-09-18;"50";15.064;38.005
2003-09-23;"0";22.816;38.201
2003-09-23;"50";15.574;37.996
2003-09-30;"0";22.356;38.21
2003-09-30;"50";16.166;37.927
2003-10-09;"0";20.286;38.164
2003-10-09;"50";16.149;38.011
2003-10-14;"0";20.852;38.219
2003-10-14;"50";15.804;37.992
2003-10-22;"0";18.19;38.13
2003-10-22;"50";17.095;38.137
2003-10-28;"0";17.945;38.17
2003-10-28;"50";17.841;38.169
2003-11-04;"0";17.058;37.975
2003-11-04;"50";17.112;38.039
2003-11-12;"0";16.834;38.058
2003-11-12;"50";16.859;38.067
2003-11-18;"0";16.589;38.015
2003-11-18;"50";16.693;38.071
2003-11-25;"0";16.77;38.013
2003-11-25;"50";16.804;38.026
2003-12-05;"0";16.496;37.965
2003-12-05;"50";16.555;37.973
2003-12-08;"0";16.498;37.996
2003-12-08;"50";16.509;37.994
2003-12-17;"0";16.038;37.983
2003-12-17;"50";16.045;37.996
2003-12-22;"0";15.756;38.01
2003-12-22;"50";15.738;38.02
2003-12-29;"50";14.989;38.083
2004-01-06;"0";14.663;37.986
2004-01-06;"50";14.717;38.043
2004-01-16;"0";14.301;38.028
2004-01-16;"50";14.328;38.052
2004-01-20;"0";14.053;38.056
2004-01-20;"50";14.07;38.064
2004-01-30;"0";13.71;38.064
2004-01-30;"50";13.718;38.072
2004-02-03;"0";13.578;38.079
2004-02-03;"50";13.606;38.104
2004-02-10;"0";13.446;38.144
2004-02-10;"50";13.375;38.13
2004-02-17;"0";13.388;38.097
2004-02-17;"50";13.395;38.106
2004-02-25;"0";13.317;38.112
2004-02-25;"50";13.343;38.124
2004-03-02;"0";13.153;38.129
2004-03-02;"50";13.154;38.13
2004-03-09;"0";13.011;38.114
2004-03-09;"50";13.036;38.143
2004-03-17;"0";13.227;38.1
2004-03-17;"50";13.017;38.118
2004-03-22;"0";13.52;37.947
2004-03-22;"50";13.142;38.041
2004-03-31;"0";13.072;37.873
2004-03-31;"50";13.174;38.124
2004-04-06;"0";13.54;37.824
2004-04-06;"50";13.223;37.991
2004-04-14;"0";13.834;37.833
2004-04-14;"50";13.348;38.024
2004-04-21;"0";14.112;37.912
2004-04-21;"50";13.49;38.08
2004-04-28;"0";15.067;37.949
2004-04-28;"50";13.639;38.063
2004-05-04;"0";14.96;37.812
2004-05-04;"50";14.379;37.968
2004-05-11;"0";15.779;37.753
2004-05-11;"50";14.389;38.021
2004-05-18;"0";17.049;37.562
2004-05-18;"50";14.42;38.012
2004-05-25;"0";17.719;37.388
2004-05-25;"50";14.325;38.065
2004-06-01;"0";19.095;37.756
2004-06-01;"50";14.405;38.097
2004-06-08;"0";20.615;37.798
2004-06-08;"50";14.588;38.09
2004-06-15;"0";19.791;37.88
2004-06-15;"50";14.992;38.072
2004-06-22;"0";20.379;37.931
2004-06-22;"50";14.024;38.102
2004-06-29;"0";23.249;37.996
2004-06-29;"50";14.558;38.064
2004-07-06;"0";24.273;37.968
2004-07-06;"50";14.823;38.07
2004-08-03;"0";25.12;38.208
2004-08-03;"50";15.03;38.068
2004-08-10;"0";25.404;38.236
2004-08-10;"50";15.333;37.988
2004-08-17;"0";25.051;38.252
2004-08-17;"50";14.987;37.995
2004-08-24;"0";24.685;38.292
2004-08-24;"50";14.217;38.084
2004-08-31;"0";24.286;38.266
2004-08-31;"50";14.494;38.046
2004-09-07;"0";24.5;38.31
2004-09-07;"50";15.347;38.057
2004-09-14;"0";24.016;38.341
2004-09-14;"50";14.997;38.099
2004-09-21;"0";23.148;38.331
2004-09-21;"50";15.565;38.161
2004-09-28;"0";22.306;38.293
2004-09-28;"50";14.635;38.07
2004-10-05;"0";22.027;38.31
2004-10-05;"50";15.613;38.104
2004-10-20;"0";19.785;38.283
2004-10-20;"50";16.057;38.082
2004-11-02;"0";19.413;38.018
2004-11-02;"50";19.819;38.237
2004-11-09;"0";19.583;38.162
2004-11-09;"50";19.442;38.156
2004-11-23;"0";17.445;38.158
2004-11-23;"50";16.709;38.169
2004-11-30;"0";16.826;38.031
2004-11-30;"50";17.231;38.194
2004-12-07;"0";16.689;38.149
2004-12-07;"50";16.451;38.15
2004-12-14;"0";16.164;38.144
2004-12-14;"50";16.174;38.147
2004-12-21;"0";15.895;38.138
2004-12-21;"50";15.915;38.142
2004-12-28;"0";15.41;38.092
2004-12-28;"50";15.449;38.097
2005-01-04;"0";15.05;38.083
2005-01-04;"50";15.056;38.101
2005-01-11;"0";14.779;38.062
2005-01-11;"50";14.804;38.061
2005-01-21;"0";14.391;38.053
2005-01-21;"50";14.39;38.059
2005-02-01;"0";13.463;38.143
2005-02-01;"50";13.48;38.157
2005-02-08;"0";13.295;38.169
2005-02-08;"50";13.295;38.169
2005-02-15;"0";13.212;38.199
2005-02-15;"50";13.227;38.197
2005-02-23;"0";13.023;38.193
2005-02-23;"50";13.161;38.241
2005-03-01;"0";12.972;38.263
2005-03-01;"50";12.992;38.26
2005-03-07;"0";12.805;38.24
2005-03-07;"50";12.809;38.24
2005-03-15;"0";13.041;38.252
2005-03-15;"50";12.835;38.256
2005-03-22;"0";14.124;38.23
2005-03-22;"50";12.827;38.265
2005-03-29;"0";14.26;38.182
2005-03-29;"50";13.417;38.256
2005-04-05;"0";13.949;38.147
2005-04-05;"50";13.743;38.179
2005-04-12;"0";13.714;38.165
2005-04-12;"50";13.566;38.181
2005-04-19;"0";14.038;38.133
2005-04-19;"50";13.483;38.188
2005-04-26;"0";14.269;38.103
2005-04-26;"50";13.851;38.155
2005-05-03;"0";16.941;37.967
2005-05-03;"50";14.164;38.115
2005-05-10;"0";17.779;37.72
2005-05-10;"50";14.516;38.04
2005-05-17;"0";18.206;37.846
2005-05-17;"50";14.69;38.167
2005-05-24;"0";18.751;37.815
2005-05-24;"50";14.658;38.106
2005-05-31;"0";20.803;37.985
2005-05-31;"50";14.406;38.159
2005-06-07;"0";21.794;38.036
2005-06-07;"50";14.399;38.188
2005-06-15;"0";20.212;38.215
2005-06-15;"50";15.067;38.188
2005-06-28;"0";24.335;38.209
2005-06-28;"50";14.93;38.204
2005-07-06;"0";23.017;38.24
2005-07-06;"50";14.097;38.23
2005-07-12;"0";23.217;38.238
2005-07-12;"50";14.063;38.234
2005-07-19;"0";24.584;38.253
2005-07-19;"50";14.33;38.215
2005-07-26;"0";25.418;38.379
2005-07-26;"50";15.218;38.17
2005-08-02;"0";26.179;38.414
2005-08-02;"50";15.717;38.162
2005-08-09;"0";24.908;38.476
2005-08-09;"50";14.442;38.16
2005-08-16;"0";24.265;38.46
2005-08-16;"50";16.093;38.13
2005-08-23;"0";24.026;38.408
2005-08-23;"50";15.397;38.123
2005-08-30;"0";24.334;38.451
2005-08-30;"50";15.552;38.129
2005-09-06;"0";24.237;38.393
2005-09-06;"50";14.562;38.155
2005-09-13;"0";22.755;38.277
2005-09-13;"50";15.033;38.16
2005-09-20;"0";22.981;38.347
2005-09-20;"50";17.15;38.169
2005-09-27;"0";22.697;38.419
2005-09-27;"50";15.125;38.136
2005-10-04;"0";21.473;38.33
2005-10-04;"50";15.699;38.066
2005-10-11;"0";20.715;38.382
2005-10-11;"50";19.855;38.325
2005-10-18;"0";20.32;38.387
2005-10-18;"50";20.143;38.383
2005-10-25;"0";19.989;38.318
2005-10-25;"50";19.187;38.323
2005-11-02;"0";19.772;38.274
2005-11-02;"50";19.644;38.33
2005-11-08;"0";19.633;38.284
2005-11-08;"50";19.575;38.284
2005-11-15;"0";19.165;38.238
2005-11-15;"50";19.193;38.242
2005-11-23;"0";18.086;38.237
2005-11-23;"50";18.136;38.233
2005-11-29;"0";16.95;38.261
2005-11-29;"50";16.956;38.263
2005-12-06;"0";16.452;38.218
2005-12-06;"50";16.483;38.223
2005-12-13;"0";15.683;38.178
2005-12-13;"50";15.436;38.186
2005-12-20;"0";14.712;38.112
2005-12-20;"50";14.72;38.12
2005-12-27;"0";14.151;38.149
2005-12-27;"50";14.145;38.151
2006-01-04;"0";13.951;38.193
2006-01-04;"50";13.955;38.195
2006-01-10;"0";13.661;38.211
2006-01-10;"50";13.668;38.213
2006-01-17;"0";13.274;38.187
2006-01-17;"50";13.315;38.206
2006-01-24;"0";13.206;38.203
2006-01-24;"50";13.23;38.201
2006-01-31;"0";12.864;38.122
2006-01-31;"50";12.89;38.172
2006-02-07;"0";12.754;38.122
2006-02-07;"50";12.793;38.132
2006-02-14;"0";12.777;38.183
2006-02-14;"50";12.786;38.186
2006-02-23;"0";12.736;38.249
2006-02-23;"50";12.75;38.253
2006-02-28;"0";12.673;38.222
2006-02-28;"50";12.744;38.245
2006-03-07;"0";12.61;38.215
2006-03-07;"50";12.793;38.293
2006-03-14;"0";12.704;38.296
2006-03-14;"50";12.694;38.294
2006-03-21;"0";12.508;38.179
2006-03-21;"50";12.45;38.185
2006-03-30;"0";12.785;38.163
2006-03-30;"50";12.593;38.205
2006-04-04;"0";13.449;38.076
2006-04-04;"50";12.747;38.145
2006-04-11;"0";14.17;37.919
2006-04-11;"50";12.959;38.188
2006-04-18;"0";14.526;38.035
2006-04-18;"50";13.47;38.197
2006-04-25;"0";15.377;38.081
2006-04-25;"50";13.604;38.188
2006-05-02;"0";16.401;38.062
2006-05-02;"50";13.846;38.235
2006-05-10;"0";17.033;38.146
2006-05-10;"50";13.939;38.242
2006-05-16;"0";18.093;38.128
2006-05-16;"50";13.998;38.242
2006-05-23;"0";18.484;38.065
2006-05-23;"50";15.15;38.199
2006-05-31;"0";20.428;38.05
2006-05-31;"50";13.766;38.25
2006-06-06;"0";18.766;38.192
2006-06-06;"50";14.043;38.233
2006-06-13;"0";20.303;38.192
2006-06-13;"50";13.82;38.241
2006-06-20;"0";20.49;38.251
2006-06-20;"50";14.844;38.219
2006-06-27;"0";22.666;38.27
2006-06-27;"50";14.891;38.208
2006-07-06;"0";24.384;38.25
2006-07-06;"50";14.481;38.205
2006-07-12;"0";25.148;38.309
2006-07-12;"50";14.929;38.201
2006-07-18;"0";26.161;38.312
2006-07-18;"50";15.355;38.208
2006-07-25;"0";27.337;38.232
2006-07-25;"50";14.809;38.207
2006-08-01;"0";27.611;38.324
2006-08-01;"50";15.353;38.194
2006-08-07;"0";23.216;38.267
2006-08-07;"50";14.566;38.201
2006-08-16;"0";23.674;38.389
2006-08-16;"50";15.168;38.18
2006-08-22;"0";23.915;38.317
2006-08-22;"50";16.067;38.194
2006-08-30;"0";23.203;38.363
2006-08-30;"50";14.38;38.179
2006-09-05;"0";23.313;38.413
2006-09-05;"50";14.419;38.19
2006-09-12;"0";23.48;38.434
2006-09-12;"50";15.079;38.191
2006-09-19;"0";22.494;38.048
2006-09-19;"50";15.794;38.194
2006-10-03;"0";22.449;38.164
2006-10-03;"50";17.44;38.269
2006-10-11;"0";21.67;38.228
2006-10-11;"50";20.398;38.27
2006-10-17;"0";21.207;38.325
2006-10-17;"50";20.765;38.303
2006-10-24;"0";20.606;38.289
2006-10-24;"50";20.57;38.302
2006-10-31;"0";20.595;38.23
2006-10-31;"50";20.54;38.27
2006-11-07;"0";19.792;38.274
2006-11-07;"50";19.674;38.291
2006-11-14;"0";19.433;38.302
2006-11-14;"50";19.408;38.295
2006-11-21;"0";19.012;38.248
2006-11-21;"50";18.999;38.259
2006-11-28;"0";18.527;38.189
2006-11-28;"50";18.526;38.188
2006-12-05;"0";18.097;38.176
2006-12-05;"50";17.79;38.175
2006-12-12;"0";17.516;38.075
2006-12-12;"50";17.525;38.071
2006-12-19;"0";17.106;38.116
2006-12-19;"50";17.116;38.115
2007-01-09;"0";15.463;38.161
2007-01-09;"50";15.495;38.172
2007-01-16;"0";15.447;38.209
2007-01-16;"50";15.458;38.217
2007-01-23;"0";15.422;38.239
2007-01-23;"50";15.442;38.245
2007-01-30;"0";14.95;38.183
2007-01-30;"50";14.961;38.183
2007-02-06;"0";14.748;38.165
2007-02-06;"50";14.761;38.177
2007-02-13;"0";14.494;38.144
2007-02-13;"50";14.509;38.148
2007-02-20;"0";14.267;38.099
2007-02-20;"50";14.286;38.113
2007-02-27;"0";14.171;38.127
2007-02-27;"50";14.181;38.128
2007-03-06;"0";14.591;38.055
2007-03-06;"50";14.385;38.067
2007-03-13;"0";14.362;38.005
2007-03-13;"50";14.34;38.034
2007-03-20;"0";14.242;38.034
2007-03-20;"50";14.143;38.14
2007-03-27;"0";14.031;38.09
2007-03-27;"50";13.983;38.091
2007-04-03;"0";14.104;38.079
2007-04-03;"50";13.98;38.088
2007-04-17;"0";15.772;38.005
2007-04-17;"50";15.009;38.027
2007-04-24;"0";18.039;37.87
2007-04-24;"50";14.847;38.019
2007-05-02;"0";18.395;37.723
2007-05-02;"50";14.654;38.071
2007-05-09;"0";18.821;37.332
2007-05-09;"50";15.1;37.978
2007-05-15;"0";19.997;37.537
2007-05-15;"50";15.051;37.879
2007-05-22;"0";20.447;37.455
2007-05-22;"50";14.823;37.977
2007-05-30;"0";17.1;37.82
2007-05-30;"50";14.768;37.994
2007-06-05;"0";20.23;37.71
2007-06-05;"50";15.698;37.916
2007-06-12;"0";21.493;37.558
2007-06-12;"50";14.811;37.978
2007-06-19;"0";21.691;37.585
2007-06-19;"50";16.019;37.886
2007-06-27;"0";19.729;37.745
2007-06-27;"50";15.002;37.997
2007-07-03;"0";22.708;37.769
2007-07-03;"50";15.686;37.953
2007-07-10;"0";22.095;37.814
2007-07-10;"50";14.616;38.005
2007-07-17;"0";22.9;37.878
2007-07-17;"50";15.175;37.931
2007-07-24;"0";22.587;37.947
2007-07-24;"50";15.83;37.922
2007-07-31;"0";24.798;37.947
2007-07-31;"50";16.67;37.903
2007-08-07;"0";25.096;37.895
2007-08-07;"50";16.134;37.899
2007-08-14;"0";23.449;37.969
2007-08-14;"50";15.171;37.916
2007-08-22;"0";23.445;38.072
2007-08-22;"50";15.445;37.859
2007-08-28;"0";24.087;37.997
2007-08-28;"50";15.354;37.864
2007-09-11;"0";22.578;38.095
2007-09-11;"50";16.831;37.857
2007-09-18;"0";22.812;38.175
2007-09-18;"50";16.593;37.869
2007-09-25;"0";22.025;38.168
2007-09-25;"50";15.699;37.899
2007-10-02;"0";21.252;38.14
2007-10-02;"50";18.051;37.928
2007-10-09;"0";21.329;38.14
2007-10-09;"50";15.868;37.859
2007-10-16;"0";20.723;38.128
2007-10-16;"50";18.236;37.926
2007-10-23;"0";19.175;38.099
2007-10-23;"50";18.475;38.073
2007-10-30;"0";20.723;38.086
2007-10-30;"50";18.236;38.078
2007-11-06;"0";19.175;38.061
2007-11-06;"50";18.475;38.073
2007-11-13;"0";17.639;38.071
2007-11-13;"50";17.658;38.071
2007-11-22;"0";16.629;38
2007-11-22;"50";16.638;38.032
2007-11-27;"0";16.303;38.116
2007-11-27;"50";16.272;38.163
2007-12-05;"0";15.784;38.096
2007-12-05;"50";15.775;38.125
2008-01-18;"0";13.736;37.988
2008-01-18;"50";13.939;38.083
2008-01-22;"0";13.727;37.968
2008-01-22;"50";13.937;38.059
2008-01-29;"0";13.77;38.043
2008-01-29;"50";13.826;38.081
2008-02-05;"0";13.618;38.033
2008-02-05;"50";13.717;38.064
2008-02-12;"0";13.577;38.04
2008-02-12;"50";13.599;38.042
2008-02-19;"0";13.451;38.106
2008-02-19;"50";13.45;38.105
2008-02-26;"0";13.489;38.088
2008-02-26;"50";13.451;38.117
2008-03-03;"0";13.733;38.085
2008-03-03;"50";13.607;38.084
2008-03-12;"0";13.387;38.037
2008-03-12;"50";13.375;38.089
2008-03-18;"0";13.663;38.091
2008-03-18;"50";13.396;38.099
2008-03-26;"0";13.492;38.079
2008-03-26;"50";13.429;38.08
2008-04-01;"0";13.688;38.069
2008-04-01;"50";13.563;38.066
2008-04-08;"0";13.714;38.044
2008-04-08;"50";13.317;38.121
2008-04-15;"0";13.814;37.888
2008-04-15;"50";13.392;38.095
2008-04-23;"0";14.355;37.899
2008-04-23;"50";13.758;38.018
2008-04-28;"0";16.181;37.689
2008-04-28;"50";13.879;37.993
2008-05-06;"0";16.886;37.636
2008-05-06;"50";14.993;37.918
2008-05-13;"0";17.24;37.942
2008-05-13;"50";16.259;37.983
2008-05-20;"0";18.026;37.803
2008-05-20;"50";15.173;38.018
2008-05-28;"0";18.424;37.776
2008-05-28;"50";17.924;37.867
2008-06-03;"0";19.868;37.605
2008-06-03;"50";16.08;37.97
2008-06-10;"0";20.945;37.041
2008-06-10;"50";15.082;38.009
2008-06-17;"0";21.006;37.19
2008-06-17;"50";14.538;38.035
2008-06-23;"0";22.678;37.33
2008-06-23;"50";14.631;38.022
2008-07-02;"0";25.243;37.673
2008-07-02;"50";14.7;37.982
2008-07-08;"0";24.467;37.766
2008-07-08;"50";14.428;38.019
2008-07-16;"0";22.249;37.924
2008-07-16;"50";15.798;37.952
2008-07-22;"0";23.715;37.754
2008-07-22;"50";15.437;37.978
2008-07-28;"0";23.31;38.157
2008-07-28;"50";14.607;38.051
2008-08-05;"0";25.855;38.167
2008-08-05;"50";15.072;38.016
2008-08-19;"0";23.951;38.123
2008-08-19;"50";14.445;38.04
2008-08-26;"0";25.156;38.229
2008-08-26;"50";14.972;37.988
2008-09-02;"0";25.226;38.263
2008-09-02;"50";14.897;37.972
2008-09-10;"0";22.766;38.253
2008-09-10;"50";16.631;37.897
2008-09-16;"0";23.565;38.344
2008-09-16;"50";16.793;37.901
2008-09-22;"0";22.534;38.323
2008-09-22;"50";16.824;37.947
2008-09-29;"0";21.585;38.357
2008-09-29;"50";15.989;37.941
2008-10-07;"50";16.455;37.958
2008-10-28;"0";21.64;38.356
2008-10-28;"50";15.782;37.939
2008-11-06;"50";18.829;38.129
2008-11-10;"0";18.671;38.001
2008-11-10;"50";18.705;38.078
2008-11-20;"0";18.453;38.116
2008-11-20;"50";18.445;38.122
2008-11-25;"0";17.959;38.094
2008-11-25;"50";17.947;38.098
2008-12-02;"0";16.686;38.065
2008-12-02;"50";16.716;38.068
2008-12-09;"0";16.255;38.062
2008-12-09;"50";16.233;38.066
2008-12-17;"0";15.206;37.438
2008-12-17;"50";15.401;37.544
2008-12-22;"0";15.207;37.621
2008-12-22;"50";15.686;37.877
2009-01-06;"0";14.573;38.036
2009-01-06;"50";14.627;38.035
2009-01-14;"0";14.361;38.056
2009-01-14;"50";14.346;38.059
2009-01-27;"0";13.937;38.019
2009-01-27;"50";13.938;38.017
2009-02-03;"0";13.869;37.988
2009-02-03;"50";13.873;38.002
2009-02-10;"0";13.122;37.51
2009-02-10;"50";13.925;38.001
2009-02-17;"0";13.645;37.964
2009-02-17;"50";13.648;37.969
2009-02-24;"0";13.475;37.9
2009-02-24;"50";13.555;37.944
2009-03-03;"0";13.594;37.921
2009-03-03;"50";13.609;38.026
2009-03-10;"0";13.712;37.987
2009-03-10;"50";13.712;37.999
2009-03-17;"0";14.099;37.945
2009-03-17;"50";13.893;38.016
2009-03-23;"0";14.026;37.998
2009-03-23;"50";13.861;38.022
2009-03-31;"0";14.067;37.943
2009-03-31;"50";13.95;37.986
2009-04-07;"0";15.154;37.59
2009-04-07;"50";13.947;37.949
2009-04-14;"0";15.02;37.673
2009-04-14;"50";14.112;37.999
2009-04-21;"0";15.273;37.598
2009-04-21;"50";14.026;37.995
2009-04-28;"0";15.169;37.508
2009-04-28;"50";15.1;37.78
2009-05-05;"0";16.713;37.344
2009-05-05;"50";14.349;37.916
2009-05-12;"0";17.631;37.093
2009-05-12;"50";15.74;37.704
2009-05-19;"0";19.893;37.421
2009-05-19;"50";14.348;37.952
2009-05-26;"0";22.097;36.844
2009-05-26;"50";15.106;37.866
2009-06-02;"0";20.865;37.536
2009-06-02;"50";15.21;37.875
2009-06-09;"0";18.274;37.603
2009-06-09;"50";14.703;37.919
2009-06-16;"0";22.843;37.634
2009-06-16;"50";15.25;37.876
2009-06-23;"0";22.756;37.751
2009-06-23;"50";15.241;37.849
2009-06-30;"0";23.151;37.683
2009-06-30;"50";14.363;37.935
2009-07-07;"0";25.245;37.642
2009-07-07;"50";14.441;37.936
2009-07-13;"0";24.03;37.838
2009-07-13;"50";14.709;37.943
2009-07-21;"0";22.92;37.827
2009-07-21;"50";15.537;37.876
2009-08-11;"0";24.6;37.99
2009-08-11;"50";14.907;37.844
2009-08-18;"0";26.282;37.976
2009-08-18;"50";15.281;37.818
2009-08-25;"0";26.913;38.001
2009-08-25;"50";14.809;37.932
2009-09-01;"0";26.661;38.08
2009-09-01;"50";15.225;37.925
2009-09-08;"0";24.181;38.172
2009-09-08;"50";14.714;37.938
2009-09-24;"0";23.528;38
2009-09-24;"50";16.765;37.935
2009-09-29;"0";23.141;37.992
2009-09-29;"50";18.604;37.953
2009-10-06;"0";22.999;38.054
2009-10-06;"50";16.52;37.871
2009-10-13;"0";22.8;38.083
2009-10-13;"50";22.405;38.106
2009-10-20;"0";21.148;38.097
2009-10-20;"50";21.144;38.105
2009-11-05;"0";18.967;38.055
2009-11-05;"50";16.296;37.909
2009-11-10;"0";18.585;38.006
2009-11-10;"50";18.608;38.005
2009-11-17;"0";18.098;37.987
2009-11-17;"50";18.044;37.979
2009-11-24;"0";17.591;37.989
2009-11-24;"50";17.552;38.007
2009-12-01;"0";17.049;37.901
2009-12-01;"50";17.209;38.011
2009-12-08;"0";16.744;37.917
2009-12-08;"50";16.767;37.943
2009-12-15;"0";15.988;37.971
2009-12-15;"50";15.978;37.965
2009-12-22;"0";14.512;37.862
2009-12-22;"50";14.814;38.01
2010-01-05;"0";14.215;37.854
2010-01-05;"50";14.268;37.892
2010-01-12;"0";13.997;37.878
2010-01-12;"50";14.042;37.889
2010-01-19;"0";13.634;37.867
2010-01-19;"50";13.747;37.961
2010-01-25;"0";13.067;37.715
2010-01-25;"50";13.334;37.869
2010-02-02;"0";13.217;37.941
2010-02-02;"50";13.259;37.933
2010-02-11;"0";13.201;37.918
2010-02-11;"50";13.215;37.921
2010-02-16;"0";13.203;37.957
2010-02-16;"50";13.238;37.956
2010-02-23;"0";12.901;37.28
2010-02-23;"50";13.166;37.897
2010-03-02;"0";13.136;37.812
2010-03-02;"50";13.145;37.842
2010-03-09;"0";12.514;37.502
2010-03-09;"50";12.814;37.635
2010-03-16;"0";13.151;37.916
2010-03-16;"50";13.145;37.978
2010-03-23;"0";13.267;37.863
2010-03-23;"50";13.234;37.899
2010-03-30;"0";13.818;37.836
2010-03-30;"50";13.413;37.898
2010-04-06;"0";13.939;37.721
2010-04-06;"50";13.619;37.865
2010-04-13;"0";13.865;37.743
2010-04-13;"50";13.749;37.857
2010-04-20;"0";14.78;37.793
2010-04-20;"50";13.648;37.899
2010-04-27;"0";15.163;37.78
2010-04-27;"50";14.045;37.831
2010-05-05;"0";15.987;37.61
2010-05-05;"50";15.12;37.77
2010-05-11;"0";16.34;37.7
2010-05-11;"50";13.969;37.95
2010-05-18;"0";16.66;37.63
2010-05-18;"50";14.433;37.885
2010-05-25;"0";18.057;37.485
2010-05-25;"50";14.308;37.937
2010-06-02;"0";20.115;37.367
2010-06-02;"50";15.473;37.867
2010-06-08;"0";21.465;37.458
2010-06-08;"50";14.7;37.923
2010-06-15;"0";21.384;37.645
2010-06-15;"50";15.671;37.927
2010-06-23;"0";21.83;37.54
2010-06-23;"50";15.44;37.937
2010-06-29;"0";23.564;37.259
2010-06-29;"50";14.52;37.973
2010-07-06;"0";24.749;37.624
2010-07-06;"50";15.009;37.952
2010-07-13;"0";24.624;37.469
2010-07-13;"50";14.585;37.942
2010-07-20;"0";27.343;37.798
2010-07-20;"50";15.387;37.939
2010-07-27;"0";25.327;38.01
2010-07-27;"50";14.723;37.97
2010-08-03;"0";25.354;37.98
2010-08-03;"50";14.714;37.96
2010-08-17;"0";21.214;37.907
2010-08-17;"50";14.373;37.996
2010-08-24;"0";24.575;37.965
2010-08-24;"50";14.092;38.064
2010-08-31;"0";23.919;38.06
2010-08-31;"50";15.584;37.979
2010-09-07;"0";23.625;38.091
2010-09-07;"50";15.805;38.006
2010-09-14;"0";22.968;38.02
2010-09-14;"50";15.238;37.974
2010-09-21;"0";22.328;38.016
2010-09-21;"50";16.807;38.167
2010-09-28;"0";22.244;38.151
2010-09-28;"50";15.278;37.968
2010-10-07;"0";20.84;38.109
2010-10-07;"50";20.033;38.152
2010-10-12;"0";19.787;38.144
2010-10-12;"50";19.604;38.138
2010-10-19;"0";19.787;38.144
2010-10-19;"50";19.604;38.138
2010-11-03;"0";18.047;36.899
2010-11-03;"50";18.792;38.169
2010-11-09;"0";18.319;38.034
2010-11-09;"50";15.306;38.115
2010-11-17;"0";17.824;38.003
2010-11-17;"50";17.816;38.001
2010-11-23;"0";17.076;37.617
2010-11-23;"50";17.168;37.667
2010-11-30;"0";15.061;35.473
2010-11-30;"50";14.981;35.523
2010-12-08;"0";14.204;35.468
2010-12-08;"50";14.21;35.485
2010-12-14;"0";15.166;37.658
2010-12-14;"50";15.695;37.857
2010-12-21;"0";14.731;37.824
2010-12-21;"50";14.84;37.885
2010-12-28;"0";14.064;37.532
2010-12-28;"50";14.6;37.881
2011-01-04;"0";14.085;37.73
2011-01-04;"50";14.163;37.847
2011-01-11;"0";13.616;37.661
2011-01-11;"50";13.803;37.783
2011-01-18;"0";13.317;37.496
2011-01-18;"50";13.751;37.763
2011-01-25;"0";13.157;37.849
2011-01-25;"50";13.524;38.21
2011-02-01;"0";13.386;37.993
2011-02-01;"50";13.407;37.995
2011-02-08;"0";13.352;38.001
2011-02-08;"50";13.393;38.019
2011-02-15;"0";13.448;37.926
2011-02-15;"50";13.543;38.065
2011-02-22;"0";13.104;37.89
2011-02-22;"50";13.369;37.992
2011-03-01;"0";13.35;38.046
2011-03-01;"50";13.341;38.043
2011-03-08;"0";13.076;38.026
2011-03-08;"50";13.062;38.026
2011-03-15;"0";13.126;38.024
2011-03-15;"50";13.121;38.03
2011-03-22;"0";13.721;37.233
2011-03-22;"50";13.126;37.979
2011-03-29;"0";13.599;37.419
2011-03-29;"50";13.26;37.895
2011-04-05;"0";15.12;37.169
2011-04-05;"50";13.402;38.02
2011-04-12;"0";16.586;37.131
2011-04-12;"50";13.519;38.016
2011-04-19;"0";15.73;37.625
2011-04-19;"50";13.519;38.011
2011-04-26;"0";15.843;37.777
2011-04-26;"50";14.966;38.016
2011-05-03;"0";16.735;37.783
2011-05-03;"50";15.679;37.938
2011-05-10;"0";17.866;37.802
2011-05-10;"50";14.541;38.039
2011-05-17;"0";18.55;37.8
2011-05-17;"50";15.372;38.002
2011-05-24;"0";20.268;37.698
2011-05-24;"50";14.375;38.033
2011-05-31;"0";19.954;37.927
2011-05-31;"50";14.69;38.033
2011-06-07;"0";20.38;37.775
2011-06-07;"50";14.951;38.031
2011-06-14;"0";21.242;37.921
2011-06-14;"50";14.193;38.045
2011-06-21;"0";21.68;37.908
2011-06-21;"50";16.09;37.993
2011-06-28;"0";24.238;37.826
2011-06-28;"50";15.304;38.019
2011-07-05;"0";24.498;37.838
2011-07-05;"50";14.605;38.024
2011-07-12;"0";25.266;37.982
2011-07-12;"50";15.717;38.001
2011-07-19;"0";20.264;38.012
2011-07-19;"50";14.873;38.021
2011-07-26;"0";23.582;38.034
2011-07-26;"50";15.816;37.986
2011-08-02;"0";23.82;37.994
2011-08-02;"50";14.909;38
2011-08-09;"0";21.724;38.028
2011-08-09;"50";14.941;37.998
2011-08-16;"0";24.181;38.112
2011-08-16;"50";15.459;37.984
2011-08-23;"0";25.909;38.113
2011-08-23;"50";15.413;37.983
2011-08-30;"0";24.461;38.192
2011-08-30;"50";15.353;37.986
2011-09-06;"0";24.484;38.248
2011-09-06;"50";16.137;37.971
2011-09-13;"0";25.153;38.253
2011-09-13;"50";15.408;37.984
2011-09-27;"0";22.877;38.212
2011-09-27;"50";16.045;37.982
2011-10-04;"0";21.195;38.223
2011-10-04;"50";15.53;37.977
2011-10-26;"0";19.387;38.175
2011-10-26;"50";18.875;38.242
2011-11-02;"0";18.451;38.225
2011-11-02;"50";18.827;38.23
2011-11-10;"0";18.607;37.846
2011-11-10;"50";18.538;38.093
2011-11-15;"0";18.117;38.065
2011-11-15;"50";18.135;38.082
2011-11-22;"0";17.81;38.134
2011-11-22;"50";17.806;38.139
2011-12-13;"0";15.341;38.098
2011-12-13;"50";15.095;38.098
2011-12-19;"0";15.341;38.08
2011-12-19;"50";15.095;38.052
2012-01-10;"0";15.11;38.088
2012-01-10;"50";15.123;38.089
2012-01-17;"0";14.801;38.102
2012-01-17;"50";14.818;38.103
2012-01-24;"0";14.557;38.111
2012-01-24;"50";14.57;38.111
2012-01-31;"0";14.365;38.088
2012-01-31;"50";14.37;38.109
2012-02-07;"50";13.579;38.154
2012-02-14;"0";13.15;38.216
2012-02-14;"50";13.166;38.213
2012-02-21;"0";13.407;38.15
2012-02-21;"50";13.413;38.162
2012-02-28;"0";13.469;38.172
2012-02-28;"50";13.368;38.176
2012-03-06;"0";13.389;38.125
2012-03-06;"50";13.416;38.177
2012-03-20;"0";13.467;38.15
2012-03-20;"50";13.446;38.151
2012-03-27;"0";14.279;38.139
2012-03-27;"50";13.509;38.158
2012-04-03;"0";15.237;38.13
2012-04-03;"50";13.945;38.14
2012-04-10;"0";14.547;38.157
2012-04-10;"50";13.614;38.146
2012-04-17;"0";14.794;38.034
2012-04-17;"50";14.38;38.1
2012-04-25;"0";13.792;38.088
2012-04-25;"50";13.311;38.194
2012-05-02;"0";15.172;37.886
2012-05-02;"50";14.323;38.133
2012-05-09;"0";16.736;37.635
2012-05-09;"50";14.373;38.165
2012-05-15;"0";17.448;38.018
2012-05-15;"50";15.885;38.11
2012-05-22;"0";16.697;37.991
2012-05-22;"50";16.091;38.178
2012-05-29;"0";18.98;37.944
2012-05-29;"50";14.994;38.158
2012-06-05;"0";20.658;37.757
2012-06-05;"50";15.102;38.143
2012-06-13;"0";16.194;38.122
2012-06-13;"50";14.436;38.148
2012-06-19;"0";23.218;37.969
2012-06-19;"50";14.655;38.125
2012-06-26;"0";23.845;37.988
2012-06-26;"50";15.231;38.123
2012-07-03;"0";25.579;37.967
2012-07-03;"50";14.786;38.121
2012-07-10;"0";26.106;38.159
2012-07-10;"50";14.835;38.106
2012-07-17;"0";21.934;38.115
2012-07-17;"50";15.507;38.094
2012-07-24;"0";23.033;38.206
2012-07-24;"50";16.278;38.023
2012-07-31;"0";23.303;38.23
2012-07-31;"50";14.953;38.127
2012-08-07;"0";25.273;38.309
2012-08-07;"50";14.39;38.139
2012-08-21;"0";26.736;38.373
2012-08-21;"50";14.879;38.123
2012-08-28;"0";25.877;38.35
2012-08-28;"50";16.122;38.095
2012-09-05;"0";24.259;38.393
2012-09-05;"50";17.687;38.096
2012-09-11;"0";24.023;38.347
2012-09-11;"50";14.515;38.124
2012-09-18;"0";23.035;38.381
2012-09-18;"50";14.834;38.107
2012-09-25;"0";22.314;38.353
2012-09-25;"50";14.351;38.122
2012-10-02;"0";21.854;38.232
2012-10-02;"50";19.319;38.144
2012-10-09;"0";22.017;38.318
2012-10-09;"50";19.751;38.194
2012-10-16;"0";21.468;38.219
2012-10-16;"50";15.253;38.078
2012-10-23;"0";20.78;38.279
2012-10-23;"50";18.862;38.209
2012-10-30;"0";20.021;38.243
2012-10-30;"50";20.001;38.242
2012-11-13;"0";18.051;38.017
2012-11-13;"50";18.137;38.098
2012-11-20;"0";17.464;38.082
2012-11-20;"50";17.38;38.147
2012-11-27;"0";17.47;38.118
2012-11-27;"50";17.305;38.146
2012-12-05;"0";16.916;38.113
2012-12-05;"50";16.901;38.121
2012-12-11;"0";16.322;38.124
2012-12-11;"50";16.32;38.123
2012-12-18;"0";15.81;38.094
2012-12-18;"50";15.815;38.092
2012-12-28;"50";14.821;37.975
2013-01-04;"0";14.523;37.914
2013-01-04;"50";14.526;37.916
2013-01-08;"0";14.391;37.993
2013-01-08;"50";14.411;38.019
2013-01-15;"0";14.171;38.021
2013-01-15;"50";14.192;38.016
2013-01-22;"0";13.705;38.033
2013-01-22;"50";13.725;38.036
2013-01-29;"0";13.445;38.025
2013-01-29;"50";13.484;38.035
2013-02-05;"0";13.219;37.961
2013-02-05;"50";13.701;38.148
2013-02-12;"0";13.46;38.112
2013-02-12;"50";13.448;38.114
2013-02-19;"0";13.265;38.107
2013-02-19;"50";13.283;38.109
2013-02-25;"0";13.125;38.147
2013-02-25;"50";13.185;38.163
2013-03-07;"0";13.095;37.963
2013-03-07;"50";13.224;38.211
2013-03-12;"0";13.284;37.396
2013-03-12;"50";13.235;38.107
2013-03-20;"0";12.938;37.793
2013-03-20;"50";13.269;38.133
2013-03-26;"0";12.998;37.537
2013-03-26;"50";13.193;37.811
2013-04-02;"0";13.057;37.629
2013-04-02;"50";13.269;38.002
2013-04-09;"0";13.564;37.649
2013-04-09;"50";13.451;37.925
2013-04-16;"0";14.678;37.688
2013-04-16;"50";13.536;37.993
2013-04-26;"0";16.071;37.234
2013-04-26;"50";14.274;37.958
2013-04-30;"0";15.578;37.475
2013-04-30;"50";14.701;37.998
2013-05-07;"0";17.842;37.092
2013-05-07;"50";13.999;38.184
2013-05-14;"0";18.851;37.501
2013-05-14;"50";14.282;38.147
2013-05-21;"0";16.597;37.45
2013-05-21;"50";13.986;38.194
2013-05-28;"0";16.982;37.55
2013-05-28;"50";14.314;38.144
2013-06-04;"0";18.556;37.798
2013-06-04;"50";14.053;38.168
2013-06-11;"0";18.161;37.814
2013-06-11;"50";14.055;38.18
2013-06-18;"0";20.86;37.678
2013-06-18;"50";15.098;38.13
2013-06-25;"0";21.818;37.955
2013-06-25;"50";15.453;38.19
2013-07-02;"0";22.018;38.013
2013-07-02;"50";15.428;38.161
2013-07-09;"0";22.636;38.06
2013-07-09;"50";15.547;38.145
2013-07-16;"0";24.748;38.058
2013-07-16;"50";15.001;38.102
2013-07-23;"0";25.752;37.951
2013-07-23;"50";14.899;38.107
2013-07-30;"0";24.659;37.917
2013-07-30;"50";14.244;38.069
2013-08-06;"0";26.338;37.971
2013-08-06;"50";15.621;38.046
2013-08-20;"0";26.081;38.146
2013-08-20;"50";15.062;38.038
2013-08-28;"0";24.77;38.144
2013-08-28;"50";15.494;37.977
2013-09-03;"0";24.667;38.064
2013-09-03;"50";15.192;38.001
2013-09-11;"0";23.351;38.141
2013-09-11;"50";15.726;37.959
2013-09-18;"0";22.074;38.229
2013-09-18;"50";15.624;37.955
2013-09-24;"0";22.553;38.201
2013-09-24;"50";15.196;37.959
2013-10-08;"0";20.491;38.075
2013-10-08;"50";20.032;38.178
2013-10-15;"0";18.951;38.093
2013-10-15;"50";18.039;38.025
2013-10-22;"0";19.907;38.074
2013-10-22;"50";17.166;38.017
2013-10-29;"0";19.726;37.988
2013-10-29;"50";19.3;38.122
2013-11-05;"0";18.976;38.086
2013-11-05;"50";16.377;38.047
2013-11-12;"0";18.567;38.151
2013-11-12;"50";18.22;38.125
2013-11-27;"0";17.087;38.149
2013-11-27;"50";17.095;38.151
2013-12-03;"0";16.554;38.186
2013-12-03;"50";15.93;38.188
2013-12-10;"0";16.175;38.2
2013-12-10;"50";16.174;38.197
2013-12-17;"0";15.793;38.179
2013-12-17;"50";15.807;38.18
2013-12-23;"0";15.63;38.118
2013-12-23;"50";15.743;38.167
2014-01-07;"0";14.673;37.702
2014-01-07;"50";14.972;37.934
2014-01-14;"0";14.609;37.747
2014-01-14;"50";14.98;38.073
2014-01-21;"0";13.554;35.586
2014-01-21;"50";14.926;37.952
2014-01-28;"0";14.285;37.523
2014-01-28;"50";14.804;37.873
2014-02-05;"0";14.11;37.859
2014-02-05;"50";14.439;38.007
2014-02-11;"0";13.918;37.797
2014-02-11;"50";14.191;37.881
2014-02-18;"0";13.497;37.09
2014-02-18;"50";14.228;37.839
2014-02-25;"0";13.915;37.5
2014-02-25;"50";14.189;37.767
2014-03-04;"0";13.995;37.676
2014-03-04;"50";14.274;37.878
2014-03-11;"0";14.146;37.528
2014-03-11;"50";14.264;37.817
2014-03-19;"0";14.979;37.641
2014-03-19;"50";14.358;37.82
2014-03-25;"0";14.423;37.524
2014-03-25;"50";14.345;38.013
2014-04-01;"0";14.789;37.777
2014-04-01;"50";14.383;37.931
2014-04-08;"0";15.443;37.745
2014-04-08;"50";14.522;37.832
2014-04-15;"0";16.653;37.322
2014-04-15;"50";14.593;37.868
2014-04-22;"0";15.66;37.607
2014-04-22;"50";15.342;37.785
2014-04-29;"0";16.311;37.384
2014-04-29;"50";14.617;37.937
2014-05-06;"0";17.551;37.695
2014-05-06;"50";15.069;37.899
2014-05-13;"0";16.898;37.771
2014-05-13;"50";14.925;37.926
2014-05-20;"0";17.697;37.739
2014-05-20;"50";17.126;37.818
2014-05-27;"0";18.247;37.796
2014-05-27;"50";15.413;38.002
2014-06-03;"0";19.617;37.734
2014-06-03;"50";14.806;38.001
2014-06-10;"0";20.316;37.692
2014-06-10;"50";15.256;37.964
2014-06-17;"0";21.546;37.842
2014-06-17;"50";16.03;37.963
2014-06-24;"0";23.142;37.75
2014-06-24;"50";15.592;37.989
2014-07-01;"0";23.14;37.9
2014-07-01;"50";16.655;38.007
2014-07-08;"0";23.1;37.892
2014-07-08;"50";16.435;37.964
2014-07-15;"0";23.368;37.908
2014-07-15;"50";16.809;37.959
2014-07-22;"0";23.701;37.923
2014-07-22;"50";15.953;37.979
2014-07-30;"0";23.445;38.056
2014-07-30;"50";16.309;37.951
2014-08-05;"0";25.173;38.002
2014-08-05;"50";16.351;37.956
2014-08-19;"0";24.541;38
2014-08-19;"50";16.073;37.958
2014-08-26;"0";24.229;38.021
2014-08-26;"50";16.998;37.951
2014-09-02;"0";24.079;38.03
2014-09-02;"50";17.339;37.958
2014-09-09;"0";24.012;38.008
2014-09-09;"50";16.198;37.946
2014-09-15;"0";23.689;38.183
2014-09-15;"50";15.783;37.952
2014-09-23;"0";23.431;38.197
2014-09-23;"50";20.147;38.087
2014-09-30;"0";22.949;38.196
2014-09-30;"50";21.623;38.142
2014-10-07;"0";22.904;38.183
2014-10-07;"50";19.619;38.088
2014-10-14;"0";22.745;38.185
2014-10-14;"50";22.233;38.18
2014-10-21;"0";22.553;38.092
2014-10-21;"50";20.706;38.115
2014-10-29;"0";21.423;38.174
2014-10-29;"50";21.074;38.156
2014-11-06;"0";20.043;37.397
2014-11-06;"50";20.349;38.175
2014-11-12;"0";19.627;37.588
2014-11-12;"50";20.051;38.042
2014-11-18;"0";19.471;37.883
2014-11-18;"50";19.586;37.957
2014-11-25;"0";18.962;37.603
2014-11-25;"50";18.971;37.978
2014-12-02;"0";17.978;37.281
2014-12-02;"50";18.428;37.908
2014-12-09;"0";17.709;37.695
2014-12-09;"50";18.144;37.868
2014-12-16;"0";17.69;37.84
2014-12-16;"50";17.687;37.842
2014-12-22;"0";17.455;37.842
2014-12-22;"50";17.454;37.843
2015-01-06;"0";16.118;37.943
2015-01-06;"50";16.056;37.945
2015-01-12;"0";15.776;37.963
2015-01-12;"50";15.802;37.964
2015-01-20;"0";15.381;37.974
2015-01-20;"50";15.398;37.973
2015-01-27;"0";14.899;37.986
2015-01-27;"50";14.931;37.999
2015-02-03;"0";14.434;38.044
2015-02-03;"50";14.446;38.049
2015-02-10;"0";13.969;38.06
2015-02-10;"50";13.981;38.06
2015-02-17;"0";13.89;37.988
2015-02-17;"50";13.885;38.003
2015-02-24;"0";13.74;37.907
2015-02-24;"50";13.856;37.966
2015-03-03;"0";13.956;38.005
2015-03-03;"50";13.918;38.067
2015-03-10;"0";13.743;37.911
2015-03-10;"50";13.868;38.027
2015-03-17;"0";13.779;38.007
2015-03-17;"50";13.785;38.01
2015-03-24;"0";13.976;37.917
2015-03-24;"50";13.79;37.982
2015-03-31;"0";14.339;37.903
2015-03-31;"50";13.862;37.974
2015-04-07;"0";14.315;37.908
2015-04-07;"50";14.14;37.954
2015-04-14;"0";15.799;37.762
2015-04-14;"50";14.261;37.893
2015-04-21;"0";15.927;37.748
2015-04-21;"50";14.447;37.888
2015-04-28;"0";16.17;37.668
2015-04-28;"50";14.767;37.947
2015-05-05;"0";16.893;37.709
2015-05-05;"50";14.903;37.934
2015-05-12;"0";18.892;37.606
2015-05-12;"50";14.596;37.945
2015-05-19;"0";18.506;37.484
2015-05-19;"50";14.599;37.935
2015-05-26;"0";19.105;37.81
2015-05-26;"50";15.375;37.912
2015-06-02;"0";20.236;37.762
2015-06-02;"50";14.96;37.956
2015-06-09;"0";21.516;37.798
2015-06-09;"50";14.58;38.005
2015-06-16;"0";22.856;37.774
2015-06-16;"50";14.645;37.979
2015-06-22;"0";23.867;37.649
2015-06-22;"50";15.112;37.963
2015-06-30;"0";24.29;37.97
2015-06-30;"50";15.701;37.957
2015-07-07;"0";25.436;37.749
2015-07-07;"50";14.902;37.981
2015-07-15;"0";27.487;38.068
2015-07-15;"50";14.75;37.977
2015-07-21;"0";27.783;38.117
2015-07-21;"50";15.275;37.953
2015-07-28;"0";25.947;38.131
2015-07-28;"50";15.297;37.938
2015-08-04;"0";26.792;38.205
2015-08-04;"50";15.12;37.966
2015-08-11;"0";26.093;38.161
2015-08-11;"50";14.959;37.975
2015-08-25;"0";24.942;38.228
2015-08-25;"50";15.539;37.951
2015-09-01;"0";25.727;38.276
2015-09-01;"50";15.389;37.96
2015-09-08;"0";24.031;38.279
2015-09-08;"50";15.456;37.961
2015-09-15;"0";23.681;38.291
2015-09-15;"50";15.531;37.99
2015-09-22;"0";23.069;38.286
2015-09-22;"50";17.482;37.976
2015-09-29;"0";21.998;38.368
2015-09-29;"50";21.662;38.39
2015-10-06;"0";20.629;38.108
2015-10-06;"50";19.609;38.333
2015-10-13;"0";20.438;38.133
2015-10-13;"50";20.191;38.326
2015-10-20;"0";20.163;38.35
2015-10-20;"50";20.099;38.347
2015-10-27;"0";19.498;38.352
2015-10-27;"50";18.841;38.295
2015-11-03;"0";18.483;38.298
2015-11-03;"50";18.158;38.266
2015-11-17;"0";18.49;38.261
2015-11-17;"50";18.325;38.26
2015-11-24;"0";18.054;38.258
2015-11-24;"50";18.028;38.26
2015-12-01;"0";16.89;38.225
2015-12-01;"50";16.909;38.24
2015-12-08;"0";17.015;38.244
2015-12-08;"50";17.014;38.247
2015-12-15;"0";16.458;38.229
2015-12-15;"50";16.457;38.232
2015-12-22;"0";16.368;38.219
2015-12-22;"50";16.34;38.227
2016-01-05;"0";15.623;38.209
2016-01-05;"50";15.622;38.211
2016-01-13;"0";14.756;38.212
2016-01-13;"50";13.991;38.354
2016-01-19;"0";14.42;38.221
2016-01-19;"50";14.434;38.222
2016-01-26;"0";14.276;38.207
2016-01-26;"50";14.286;38.209
2016-02-02;"0";14.187;38.146
2016-02-02;"50";14.12;38.197
2016-02-09;"0";14.012;38.162
2016-02-09;"50";14.065;38.184
2016-02-16;"0";13.893;38.198
2016-02-16;"50";13.896;38.198
2016-02-23;"0";13.827;38.167
2016-02-23;"50";13.834;38.183
2016-03-01;"0";13.488;37.851
2016-03-01;"50";13.533;37.888
2016-03-09;"0";13.443;37.955
2016-03-09;"50";13.559;38.003
2016-03-15;"0";13.568;37.917
2016-03-15;"50";13.553;37.924
2016-03-22;"0";13.778;37.816
2016-03-22;"50";13.621;37.998
2016-03-29;"0";14.102;37.86
2016-03-29;"50";13.755;38.079
2016-04-05;"0";14.513;38.008
2016-04-05;"50";14.277;38.093
2016-04-12;"0";15.308;37.954
2016-04-12;"50";14.444;38.14
2016-04-19;"0";15.998;37.901
2016-04-19;"50";14.397;38.155
2016-04-25;"0";15.969;38.007
2016-04-25;"50";15.256;38.085
2016-05-03;"0";15.82;38.099
2016-05-03;"50";15.627;38.118
2016-05-10;"0";16.451;38.045
2016-05-10;"50";16.163;38.115
2016-05-17;"0";17.894;38.043
2016-05-17;"50";15.912;38.131
2016-05-24;"0";17.255;38.071
2016-05-24;"50";14.693;38.2
2016-06-01;"0";17.56;38.077
2016-06-01;"50";15.472;38.128
2016-06-07;"0";20.266;38.036
2016-06-07;"50";15.92;38.11
2016-06-14;"0";21.711;37.945
2016-06-14;"50";15.667;38.122
2016-06-21;"0";18.911;37.97
2016-06-21;"50";16.342;38.111
2016-06-28;"0";22.84;37.993
2016-06-28;"50";16.858;38.137
2016-07-05;"0";24.204;37.672
2016-07-05;"50";16.395;38.135
2016-07-12;"0";26.458;38.086
2016-07-12;"50";16.23;38.123
2016-07-19;"0";22.525;38.167
2016-07-19;"50";16.304;38.126
2016-07-26;"0";24.158;38.244
2016-07-26;"50";16.007;38.119
2016-08-02;"0";25.734;38.261
2016-08-02;"50";15.568;38.094
2016-08-16;"0";25.166;38.252
2016-08-16;"50";15.096;38.116
2016-08-23;"0";24.959;38.37
2016-08-23;"50";17.088;38.035
2016-08-31;"0";24.969;38.319
2016-08-31;"50";15.617;38.072
2016-09-06;"0";25.581;38.328
2016-09-06;"50";15.755;38.082
2016-09-13;"0";24.874;38.089
2016-09-13;"50";15.539;38.073
2016-09-20;"0";23.385;38.297
2016-09-20;"50";16.51;38.042
2016-09-27;"0";23.428;38.216
2016-09-27;"50";16.27;38.042
2016-10-04;"0";22.312;38.295
2016-10-04;"50";19.74;38.06
2016-10-11;"0";21.839;38.299
2016-10-11;"50";21.654;38.277
2016-10-18;"0";20.828;38.269
2016-10-18;"50";19.384;38.188
2016-10-26;"0";20.27;38.24
2016-10-26;"50";19.453;38.207
2016-11-02;"0";19.804;38.222
2016-11-02;"50";19.357;38.192
2016-11-08;"0";18.347;38.166
2016-11-08;"50";16.552;38.091
2016-11-15;"0";18.307;38.203
2016-11-15;"50";17.927;38.225
2016-11-22;"0";17.412;38.069
2016-11-22;"50";17.281;38.191
2016-11-30;"0";17.27;38.088
2016-11-30;"50";17.394;38.18
2016-12-06;"0";17.015;38.163
2016-12-06;"50";17.038;38.202
2016-12-13;"0";16.65;38.178
2016-12-13;"50";16.652;38.183
2016-12-21;"0";16.244;38.196
2016-12-21;"50";16.248;38.197
2017-01-03;"0";15.674;38.124
2017-01-03;"50";15.702;38.133
2017-01-10;"0";15.294;38.155
2017-01-10;"50";15.281;38.166
2017-01-17;"0";14.661;38.17
2017-01-17;"50";14.644;38.172
2017-01-24;"0";14.138;38.199
2017-01-24;"50";14.072;38.2
2017-01-31;"0";13.917;38.203
2017-01-31;"50";13.917;38.203
2017-02-07;"0";13.868;38.208
2017-02-07;"50";13.886;38.222
2017-02-14;"0";13.726;38.213
2017-02-14;"50";13.734;38.212
2017-02-21;"0";13.801;38.22
2017-02-21;"50";13.829;38.251
2017-03-01;"0";13.658;38.039
2017-03-01;"50";13.8;38.23
2017-03-07;"0";13.717;38.214
2017-03-07;"50";13.741;38.257
2017-03-14;"0";14.115;38.199
2017-03-14;"50";13.935;38.219
2017-03-21;"0";14.652;38.129
2017-03-21;"50";14.019;38.174
2017-03-28;"0";14.388;38.045
2017-03-28;"50";14.087;38.162
2017-04-04;"0";14.592;38.029
2017-04-04;"50";14.392;38.077
2017-04-11;"0";16.196;37.943
2017-04-11;"50";14.32;38.096
2017-04-18;"0";17.179;37.9
2017-04-18;"50";14.401;38.094
2017-04-25;"0";15.954;38.044
2017-04-25;"50";14.432;38.121
2017-05-02;"0";15.88;38.014
2017-05-02;"50";14.965;38.085
2017-05-09;"0";16.633;38.019
2017-05-09;"50";14.866;38.101
2017-05-16;"0";17.525;37.972
2017-05-16;"50";14.685;38.111
2017-05-23;"0";19.434;38.008
2017-05-23;"50";15.073;38.096
2017-05-30;"0";21.265;37.913
2017-05-30;"50";14.407;38.141
2017-06-06;"0";22.888;38.009
2017-06-06;"50";14.772;38.11
2017-06-14;"0";22.988;38.083
2017-06-14;"50";14.456;38.135
2017-06-20;"0";23.981;38.033
2017-06-20;"50";15.21;38.012
2017-06-27;"0";24.463;38.087
2017-06-27;"50";15.923;38.072
2017-07-04;"0";21.162;38.149
2017-07-04;"50";15.018;38.118
2017-07-11;"0";24.944;38.21
2017-07-11;"50";14.961;38.134
2017-07-18;"0";25.607;38.252
2017-07-18;"50";14.829;38.141
2017-07-25;"0";24.91;38.281
2017-07-25;"50";15.671;38.068
2017-08-01;"0";26.006;38.34
2017-08-01;"50";15.354;38.082
2017-08-07;"0";26.635;38.323
2017-08-07;"50";15.75;38.07
2017-08-23;"0";25.194;38.251
2017-08-23;"50";14.924;38.05
2017-08-29;"0";25.839;37.274
2017-08-29;"50";15.152;38.046
2017-09-05;"0";21.416;38.043
2017-09-05;"50";15.584;37.965
2017-09-13;"0";22.083;37.973
2017-09-13;"50";16.634;37.933
2017-09-19;"0";17.789;37.736
2017-09-19;"50";14.718;38.1
2017-09-26;"0";21.515;38.157
2017-09-26;"50";15.945;38.017
2017-10-03;"0";21.048;38.164
2017-10-03;"50";15.94;37.962
2017-10-10;"0";20.161;38.259
2017-10-10;"50";16.197;37.981
2017-10-17;"0";20.204;38.243
2017-10-17;"50";15.897;38.031
2017-10-24;"0";19.989;38.303
2017-10-24;"50";16.512;38.052
2017-10-31;"0";19.539;38.283
2017-10-31;"50";16.888;38.127
2017-11-07;"0";18.872;38.21
2017-11-07;"50";18.997;38.271
2017-11-14;"0";17.752;38.216
2017-11-14;"50";17.724;38.217
2017-11-21;"0";16.994;38.202
2017-11-21;"50";16.537;38.185
2017-11-28;"0";16.833;38.212
2017-11-28;"50";16.787;38.216
2017-12-04;"0";16.271;38.205
2017-12-04;"50";16.263;38.206
2017-12-13;"0";15.092;38.079
2017-12-13;"50";14.809;38.225
2017-12-19;"0";14.624;38.189
2017-12-19;"50";14.617;38.187
2018-01-03;"0";14.294;38.193
2018-01-03;"50";14.316;38.203
2018-01-10;"0";13.84;38.196
2018-01-10;"50";14.091;38.173
2018-01-18;"50";13.907;38.255
2018-01-23;"0";13.895;38.271
2018-01-23;"50";13.888;38.271
2018-01-30;"0";13.831;38.271
2018-01-30;"50";13.837;38.274
2018-02-07;"0";13.769;38.304
2018-02-07;"50";13.766;38.303
2018-02-13;"0";13.619;38.334
2018-02-13;"50";13.607;38.335
2018-02-19;"0";13.557;38.289
2018-02-19;"50";13.532;38.305
2018-02-27;"0";13.392;38.328
2018-02-27;"50";13.424;38.337
2018-03-07;"0";13.235;38.267
2018-03-07;"50";13.286;38.297
2018-03-14;"0";13.358;37.64
2018-03-14;"50";13.376;38.309
2018-03-20;"0";13.204;37.58
2018-03-20;"50";13.704;38.255
2018-03-27;"0";13.466;37.803
2018-03-27;"50";13.492;38.13
2018-04-04;"0";13.706;38.098
2018-04-04;"50";13.675;38.155
2018-04-17;"0";14.628;36.937
2018-04-17;"50";13.834;38.127
2018-04-24;"0";16.648;37.637
2018-04-24;"50";14.252;38.124
2018-05-02;"0";16.03;37.942
2018-05-02;"50";14.697;38.147
2018-05-07;"0";17.369;37.842
2018-05-07;"50";15.124;38.15
2018-05-14;"0";17.844;37.639
2018-05-14;"50";14.555;38.206
2018-05-22;"0";19.377;37.798
2018-05-22;"50";15.502;38.118
2018-05-29;"0";20.096;37.646
2018-05-29;"50";14.474;38.201
2018-06-04;"0";21.772;37.666
2018-06-04;"50";14.407;38.222
2018-06-12;"0";21.447;37.227
2018-06-12;"50";14.818;38.178
2018-06-19;"0";22.706;37.857
2018-06-19;"50";14.464;38.187
2018-06-26;"0";23.684;37.981
2018-06-26;"50";14.913;38.17
2018-07-03;"0";24.241;37.994
2018-07-03;"50";15.102;38.163
2018-07-10;"0";26.25;37.455
2018-07-10;"50";14.685;38.183
2018-07-17;"0";25.62;38.001
2018-07-17;"50";15.05;38.153
2018-07-24;"0";26.783;38.061
2018-07-24;"50";15.035;38.135
2018-07-31;"0";27.516;37.293
2018-07-31;"50";15.034;38.157
2018-08-07;"0";27.861;37.174
2018-08-07;"50";14.936;38.143
2018-08-21;"0";26.471;38.24
2018-08-21;"50";15.968;38.085
2018-08-28;"0";26.739;38.178
2018-08-28;"50";16.194;38.086
2018-09-04;"0";25.479;38.287
2018-09-04;"50";15.288;38.08
2018-09-11;"0";25.374;38.326
2018-09-11;"50";15.146;38.08
2018-09-17;"0";25.315;38.165
2018-09-17;"50";15.34;38.08
2018-09-26;"0";24.731;38.408
2018-09-26;"50";24.73;38.406
2018-10-02;"0";23.227;38.389
2018-10-02;"50";16.5;38.088
2018-10-09;"0";22.08;38.355
2018-10-09;"50";20.81;38.343
2018-10-16;"0";21.559;38.333
2018-10-16;"50";21.501;38.333
2018-10-23;"0";21.001;38.276
2018-10-23;"50";20.811;38.304
2018-11-06;"0";20.023;38.122
2018-11-06;"50";20.018;38.138
2018-11-27;"0";18.255;38.081
2018-11-27;"50";18.289;38.089
2018-12-04;"0";17.573;38.109
2018-12-04;"50";17.58;38.115
2018-12-11;"0";17.195;38.1
2018-12-11;"50";17.178;38.109
2018-12-18;"0";16.715;38.072
2018-12-18;"50";16.703;38.093
2019-01-02;"0";15.996;38.066
2019-01-02;"50";15.997;38.07
2019-01-08;"0";15.689;38.062
2019-01-08;"50";15.67;38.071
2019-01-15;"0";14.576;38.061
2019-01-15;"50";14.585;38.063
2019-01-22;"0";14.442;38.065
2019-01-22;"50";14.467;38.062
2019-01-29;"0";13.99;38.111
2019-01-29;"50";13.972;38.112
2019-02-05;"0";13.169;38.159
2019-02-05;"50";13.82;38.014
2019-02-12;"0";13.534;38.02
2019-02-12;"50";13.742;38.062
2019-02-19;"0";13.741;38.143
2019-02-19;"50";13.742;38.071
2019-02-26;"0";13.854;38.072
2019-02-26;"50";13.843;38.071
2019-03-06;"0";13.836;38.075
2019-03-06;"50";13.861;38.101
2019-03-12;"0";13.73;38.121
2019-03-12;"50";13.742;38.122
2019-03-19;"0";13.929;38.093
2019-03-19;"50";13.769;38.123
2019-03-27;"0";13.761;38.134
2019-03-27;"50";13.817;38.153
2019-04-02;"0";14.048;38.183
2019-04-02;"50";13.638;38.226
2019-04-09;"0";14.2;38.009
2019-04-09;"50";13.73;38.152
2019-04-16;"0";14.837;37.869
2019-04-16;"50";14.012;38.071
2019-04-23;"0";14.825;38.005
2019-04-23;"50";14.794;38.021
2019-04-30;"0";15.45;37.787
2019-04-30;"50";14.8;37.994
2019-05-07;"0";16.085;37.759
2019-05-07;"50";15.239;37.918
2019-05-14;"0";16.781;37.786
2019-05-14;"50";15.027;37.991
2019-05-21;"0";16.899;37.817
2019-05-21;"50";15.239;38.068
2019-05-28;"0";17.588;37.81
2019-05-28;"50";16.003;37.971
2019-06-05;"0";20.302;37.649
2019-06-05;"50";15.414;38.044
2019-06-11;"0";20.045;37.774
2019-06-11;"50";15.997;38.017
2019-06-19;"0";21.801;37.719
2019-06-19;"50";14.802;38.108
2019-06-25;"0";23.934;37.835
2019-06-25;"50";15.449;38.068
2019-07-02;"0";27.212;37.963
2019-07-02;"50";14.982;38.084
2019-07-09;"0";25.95;36.831
2019-07-09;"50";15.26;38.067
2019-07-16;"0";26.089;37.873
2019-07-16;"50";16.053;38.029
2019-07-23;"0";26.762;37.273
2019-07-23;"50";15.322;38.067
2019-07-30;"0";25.96;37.577
2019-07-30;"50";16.403;38.009
2019-08-06;"0";26.636;37.537
2019-08-06;"50";15.459;38.05
2019-08-20;"0";26.885;37.795
2019-08-20;"50";14.837;38.093
2019-08-27;"0";26.615;37.285
2019-08-27;"50";15.167;38.088
2019-09-03;"0";26.764;37.575
2019-09-03;"50";15.422;38.077
2019-09-10;"0";24.964;38.21
2019-09-10;"50";15.401;38.09
2019-09-17;"0";24.611;38.047
2019-09-17;"50";15.55;38.106
2019-09-24;"0";23.548;38.233
2019-09-24;"50";17.176;38.082
2019-10-01;"0";22.449;38.267
2019-10-01;"50";20.056;38.158
2019-10-08;"0";22.081;38.225
2019-10-08;"50";20.569;38.167
2019-10-16;"0";21.067;38.2
2019-10-16;"50";16.427;38.051
2019-10-22;"0";20.831;37.953
2019-10-22;"50";20.783;38.146
2019-10-29;"0";20.376;38.077
2019-10-29;"50";19.739;38.173
2019-11-05;"0";19.827;38.108
2019-11-05;"50";17.638;38.102
2019-11-12;"0";19.009;38.033
2019-11-12;"50";18.992;38.05
2019-11-19;"0";17.808;38.057
2019-11-19;"50";17.831;38.06
2019-11-26;"0";16.56;36.29
2019-11-26;"50";17.758;37.802
2019-12-03;"0";17.011;37.37
2019-12-03;"50";17.569;37.978
2019-12-10;"0";16.864;37.851
2019-12-10;"50";16.907;37.903
2019-12-17;"0";16.276;37.969
2019-12-17;"50";16.281;37.975
2020-01-07;"0";15.444;37.867
2020-01-07;"50";15.528;37.903
2020-01-14;"0";15.185;37.925
2020-01-14;"50";15.201;37.945
2020-01-21;"0";14.659;38.046
2020-01-21;"50";14.733;38.081
2020-01-28;"0";14.421;37.992
2020-01-28;"50";14.511;38.092
2020-02-05;"0";14.302;38.11
2020-02-05;"50";14.318;38.111
2020-02-12;"0";14.056;38.079
2020-02-12;"50";14;38.269
2020-02-17;"0";14.253;38.087
2020-02-17;"50";14.242;38.11
2020-02-25;"0";14.268;38.097
2020-02-25;"50";14.204;38.117
2020-03-03;"0";13.776;38.082
2020-03-03;"50";13.968;38.203
2020-03-10;"0";13.904;37.936
2020-03-10;"50";13.875;38.073
2020-04-23;"0";15.522;37.978
2020-04-23;"50";15.062;38.019
2020-05-05;"0";17.391;38.115
2020-05-05;"50";15.464;38.004
2020-05-14;"0";17.606;37.77
2020-05-14;"50";16.733;37.88
2020-05-19;"0";18.889;37.324
2020-05-19;"50";16.352;37.834
2020-05-26;"0";21.018;37.056
2020-05-26;"50";15.526;37.867
2020-06-02;"0";20.465;37.514
2020-06-02;"50";14.799;38.008
2020-06-09;"0";20.245;37.272
2020-06-09;"50";15.71;38.001
2020-06-15;"0";20.938;37.42
2020-06-23;"0";23.01;37.472
2020-06-23;"50";14.369;38.101
2020-06-30;"0";24.496;37.537
2020-06-30;"50";15.351;38.005
2020-07-07;"0";25.622;37.707
2020-07-07;"50";15.367;38
2020-07-15;"0";24.7;37.598
2020-07-15;"50";14.71;38.064
2020-07-21;"0";25.873;37.382
2020-07-21;"50";14.97;38.035
2020-07-28;"0";26.141;37.915
2020-07-28;"50";15.302;38.016
2020-08-04;"0";26.327;37.747
2020-08-04;"50";16.043;37.982
2020-08-11;"0";26.881;37.761
2020-08-19;"0";26.737;37.999
2020-08-25;"0";26.675;37.532
2020-08-25;"50";15.26;38.045
2020-09-01;"0";21.831;37.925
2020-09-01;"50";16.51;37.938
2020-09-07;"0";24.787;37.889
2020-09-07;"50";15.471;38.015
2020-09-14;"0";24.375;38.03
2020-09-14;"50";15.809;37.965
2020-09-22;"0";24.181;37.762
2020-09-22;"50";15.218;38.046
2020-09-29;"0";21.565;37.683
2020-09-29;"50";14.423;38.157
2020-10-06;"0";19.7;37.848
2020-10-06;"50";18.206;37.817
2020-10-13;"0";20.45;37.594
2020-10-13;"50";19.664;37.927
2020-10-20;"0";19.773;37.745
2020-10-20;"50";18.184;37.977
2020-10-27;"0";19.141;37.504
2020-10-27;"50";15.933;37.964
2020-11-03;"0";19.008;37.759
2020-11-03;"50";17.816;37.962
2020-11-10;"0";18.735;37.768
2020-11-10;"50";18.39;37.956
2020-11-17;"0";18.359;37.903
2020-11-17;"50";17.93;37.992
2020-11-24;"0";17.601;37.975
2020-11-24;"50";15.916;38.02
2020-12-02;"0";16.462;38.018
2020-12-02;"50";16.485;37.999
2020-12-08;"0";16.077;38.011
2020-12-08;"50";16.083;38.015
2020-12-15;"0";15.888;37.951
2020-12-15;"50";15.891;37.982
2020-12-22;"0";15.537;37.701
2020-12-22;"50";15.537;37.701
2021-01-05;"0";14.757;37.863
2021-01-05;"50";14.757;37.863
2021-01-12;"0";14.515;37.944
2021-01-12;"50";14.503;37.948
2021-01-19;"0";14.268;37.957
2021-01-19;"50";14.302;38.012
2021-01-26;"0";14.126;38.045
2021-01-26;"50";14.161;38.042
2021-02-02;"0";14.057;38.046
2021-02-02;"50";14.042;38.056
2021-02-09;"0";13.835;37.941
2021-02-09;"50";13.898;37.97
2021-02-16;"0";13.591;37.867
2021-02-16;"50";13.933;38.042
2021-02-23;"0";13.886;38.043
2021-02-23;"50";13.913;38.066
2021-03-02;"0";13.83;37.873
2021-03-02;"50";13.912;38.074
2021-03-09;"0";13.882;37.923
2021-03-09;"50";13.971;38.131
2021-03-16;"0";13.916;38.105
2021-03-16;"50";13.909;38.117
2021-03-23;"0";13.898;38.115
2021-03-23;"50";13.859;38.151
2021-03-30;"0";15.029;37.85
2021-03-30;"50";13.858;38.195
2021-04-06;"0";15.287;37.962
2021-04-06;"50";14.684;38.16
2021-04-13;"0";14.652;38.125
2021-04-13;"50";14.422;38.181
2021-04-20;"0";14.515;38.014
2021-04-20;"50";14.18;38.097
2021-04-27;"0";14.937;38.039
2021-04-27;"50";14.67;38.08
2021-05-04;"0";15.591;37.717
2021-05-04;"50";14.533;38.111
2021-05-11;"0";16.141;37.909
2021-05-11;"50";15.851;38.06
2021-05-18;"0";16.401;37.744
2021-05-18;"50";14.388;38.156
2021-05-25;"0";16.961;37.718
2021-05-25;"50";15.544;38.09
2021-06-01;"0";18.45;37.66
2021-06-01;"50";15.598;38.121
2021-06-09;"0";20.585;36.891
2021-06-09;"50";15.04;38.165
2021-06-15;"0";23.316;36.908
2021-06-15;"50";14.669;38.155
2021-06-22;"0";24.115;36.982
2021-06-22;"50";14.947;38.152
2021-06-29;"0";24.268;37.204
2021-06-29;"50";15.78;38.146
2021-07-06;"0";24.267;37.322
2021-07-06;"50";15.288;38.143
2021-07-13;"0";24.407;37.688
2021-07-13;"50";15.242;38.12
2021-07-20;"0";24.079;37.425
2021-07-20;"50";14.724;38.136
2021-07-27;"0";25.609;37.637
2021-07-27;"50";16.282;38.084
2021-08-03;"0";23.163;38.138
2021-08-03;"50";16.148;38.075
2021-09-07;"0";24.172;38.195
2021-09-07;"50";15.587;38.074
2021-09-14;"0";24.362;38.267
2021-09-14;"50";15.255;38.077
2021-09-21;"0";23.173;38.187
2021-09-21;"50";15.758;38.04
2021-09-28;"0";23.317;38.189
2021-09-28;"50";15.639;38.048
2021-10-05;"0";22.968;38.195
2021-10-05;"50";17.425;37.999
2021-10-12;"0";21.886;38.016
2021-10-12;"50";16.848;38.007
2021-10-19;"0";20.818;38.167
2021-10-19;"50";16.394;38.065
2021-10-25;"0";20.199;38.186
2021-10-25;"50";19.908;38.186
2021-11-03;"0";19.116;38.093
2021-11-03;"50";16.153;38.085
2021-11-09;"0";18.515;38.151
2021-11-09;"50";18.512;38.152
2021-11-23;"0";17.799;38.118
2021-11-23;"50";17.79;38.119
2021-12-07;"0";16.374;38.135
2021-12-07;"50";16.366;38.144
2021-12-14;"0";15.72;38.077
2021-12-14;"50";15.462;38.126
2022-01-11;"0";14.882;38.117
2022-01-11;"50";14.896;38.112
2022-01-18;"0";14.552;38.116
2022-01-18;"50";14.508;38.148
2022-01-25;"0";14.193;38.129
2022-01-25;"50";14.276;38.145
2022-02-01;"0";14.158;38.152
2022-02-01;"50";14.182;38.148
2022-02-08;"0";14.164;38.15
2022-02-08;"50";14.154;38.16
2022-02-15;"0";13.883;38.21
2022-02-15;"50";13.964;38.224
2022-02-22;"0";13.855;38.195
2022-02-22;"50";13.854;38.201
2022-03-02;"0";13.769;38.209
2022-03-02;"50";13.785;38.199
2022-03-08;"0";13.708;38.206
2022-03-08;"50";13.712;38.211
2022-03-16;"0";13.623;38.222
2022-03-16;"50";13.608;38.233
2022-03-22;"0";13.5;38.27
2022-03-22;"50";13.505;38.272
2022-03-30;"0";13.938;38.236
2022-03-30;"50";13.59;38.276
2022-04-05;"0";13.748;38.259
2022-04-05;"50";13.694;38.27
2022-04-12;"0";13.826;38.268
2022-04-12;"50";13.736;38.276
2022-04-19;"0";15.24;37.956
2022-04-19;"50";14.109;38.251
2022-04-26;"0";15.142;38.025
2022-04-26;"50";13.963;38.23
2022-05-02;"0";16.045;38
2022-05-02;"50";14.01;38.213
2022-05-10;"0";16.948;38.108
2022-05-10;"50";15.048;38.15
2022-05-17;"0";19.121;37.765
2022-05-17;"50";14.454;38.19
2022-05-24;"0";21.326;37.799
2022-05-24;"50";14.603;38.153
2022-05-31;"0";22.369;36.882
2022-05-31;"50";14.73;38.133
2022-06-08;"0";22.363;37.626
2022-06-08;"50";15.063;38.151
2022-06-14;"0";23.941;37.614
2022-06-14;"50";14.462;38.171
2022-06-21;"0";25.897;38.005
2022-06-21;"50";14.515;38.142
2022-06-28;"0";24.25;37.755
2022-06-28;"50";15.867;38.081
2022-07-05;"0";26.165;37.618
2022-07-05;"50";14.629;38.14
2022-07-12;"0";27.403;36.935
2022-07-12;"50";14.378;38.162
2022-07-19;"0";28.419;36.455
2022-07-19;"50";14.482;38.163
2022-07-25;"0";28.293;38.134
2022-07-25;"50";14.666;38.149
2022-08-02;"0";27.603;35.796
2022-08-09;"0";27.714;38.336
2022-08-16;"0";26.964;38.349
2022-08-23;"0";27.254;37.656
2022-08-23;"50";15.135;38.129
2022-08-30;"0";27.057;37.815
2022-08-30;"50";15.62;38.103
2022-09-06;"0";26.494;38.293
2022-09-13;"0";25.686;38.172
2022-09-13;"50";15.24;38.132
2022-09-20;"0";24.823;38.161
2022-09-28;"0";22.689;38.206
2022-09-28;"50";17.77;38.207
2022-10-04;"0";21.95;38.037
2022-10-04;"50";19.445;38.217
2022-10-11;"0";21.843;38.203
2022-10-11;"50";18.246;38.786
2022-11-16;"0";19.882;38.259
2022-11-16;"50";19.9;38.313
2022-11-22;"0";19.328;38.32
2022-11-22;"50";19.321;38.32
2022-11-29;"0";18.122;38.238
2022-11-29;"50";18.1;38.237
2022-12-06;"0";17.561;38.231
2022-12-06;"50";17.572;38.243
2022-12-13;"0";16.905;38.184
2022-12-13;"50";16.921;38.18
2022-12-20;"0";16.635;38.148
2022-12-20;"50";16.621;38.151
