DATE;HEURE;PROF_NUM;T;S;O
09/01/2002;09:00:00;50.00;14.038;38.167;4.05
09/01/2002;09:00:00;1.00;14.026;38.168;4.01
16/01/2002;09:00:00;50.00;13.867;38.192;5.39
16/01/2002;09:00:00;1.00;13.829;38.192;5.38
23/01/2002;09:00:00;50.00;13.625;38.195;5.22
23/01/2002;09:00:00;1.00;13.712;38.209;5.24
30/01/2002;09:00:00;50.00;13.570;38.176;999999
30/01/2002;09:00:00;1.00;13.600;38.172;5.73
07/02/2002;09:00:00;50.00;13.382;38.090;5.54
07/02/2002;09:00:00;1.00;13.345;37.985;5.61
13/02/2002;09:00:00;50.00;13.363;38.072;5.71
13/02/2002;09:00:00;1.00;13.327;38.017;5.94
20/02/2002;09:00:00;50.00;13.387;38.097;5.69
20/02/2002;09:00:00;1.00;13.074;37.899;5.92
01/03/2002;09:00:00;50.00;13.310;38.102;5.71
01/03/2002;09:00:00;1.00;13.122;38.069;5.71
08/03/2002;09:00:00;50.00;13.240;38.039;5.65
08/03/2002;09:00:00;1.00;13.644;38.027;5.62
13/03/2002;09:00:00;50.00;999999;999999;5.90
13/03/2002;09:00:00;1.00;999999;999999;6.18
20/03/2002;09:00:00;50.00;999999;999999;5.79
20/03/2002;09:00:00;1.00;999999;999999;5.87
27/03/2002;09:00:00;50.00;999999;999999;5.79
27/03/2002;09:00:00;1.00;999999;999999;5.94
04/04/2002;09:00:00;50.00;13.788;38.004;5.75
04/04/2002;09:00:00;1.00;14.224;38.003;5.83
10/04/2002;09:00:00;50.00;13.836;37.979;5.70
10/04/2002;09:00:00;1.00;13.822;37.982;5.77
18/04/2002;09:00:00;50.00;13.726;38.000;5.81
18/04/2002;09:00:00;1.00;14.612;37.940;5.67
24/04/2002;09:00:00;50.00;13.731;38.000;5.76
24/04/2002;09:00:00;1.00;15.063;37.852;5.94
30/04/2002;09:00:00;50.00;14.555;37.952;6.01
30/04/2002;09:00:00;1.00;15.797;37.932;5.83
07/05/2002;09:00:00;50.00;15.680;37.838;5.86
07/05/2002;09:00:00;1.00;16.185;37.528;5.72
15/05/2002;09:00:00;50.00;14.280;37.983;5.69
15/05/2002;09:00:00;1.00;18.028;37.330;5.83
22/05/2002;09:00:00;50.00;14.329;38.007;5.94
22/05/2002;09:00:00;1.00;19.718;37.439;5.58
28/05/2002;09:00:00;50.00;14.648;37.966;5.98
28/05/2002;09:00:00;1.00;18.612;37.658;5.57
05/06/2002;09:00:00;50.00;15.408;37.955;6.05
05/06/2002;09:00:00;1.00;20.171;37.668;5.40
12/06/2002;09:00:00;50.00;15.660;37.887;5.99
12/06/2002;09:00:00;1.00;19.982;37.633;5.16
19/06/2002;09:00:00;50.00;14.665;37.904;5.93
19/06/2002;09:00:00;1.00;21.490;37.457;5.05
26/06/2002;09:00:00;50.00;14.864;37.860;6.06
26/06/2002;09:00:00;1.00;25.403;37.504;5.73
02/07/2002;09:00:00;50.00;14.925;37.902;5.95
02/07/2002;09:00:00;1.00;23.905;37.717;5.09
10/07/2002;09:00:00;50.00;14.835;37.882;5.70
10/07/2002;09:00:00;1.00;22.715;37.766;5.22
18/07/2002;09:00:00;50.00;15.241;37.863;5.90
18/07/2002;09:00:00;1.00;23.942;37.642;4.87
24/07/2002;09:00:00;50.00;15.447;37.827;6.16
24/07/2002;09:00:00;1.00;25.045;37.668;5.70
31/07/2002;09:00:00;50.00;14.364;37.924;5.79
31/07/2002;09:00:00;1.00;24.989;37.615;4.85
07/08/2002;09:00:00;50.00;16.160;37.739;6.00
07/08/2002;09:00:00;1.00;23.199;37.826;5.06
14/08/2002;09:00:00;50.00;14.963;37.884;5.64
14/08/2002;09:00:00;1.00;23.620;37.779;4.92
21/08/2002;09:00:00;50.00;15.770;37.818;5.95
21/08/2002;09:00:00;1.00;24.363;37.764;4.99
28/08/2002;09:00:00;50.00;15.012;37.845;5.74
28/08/2002;09:00:00;1.00;24.202;37.706;4.92
04/09/2002;09:00:00;50.00;15.777;38.166;5.98
04/09/2002;09:00:00;1.00;23.600;37.666;5.07
11/09/2002;09:00:00;50.00;16.157;38.025;5.95
11/09/2002;09:00:00;1.00;23.190;37.830;5.05
19/09/2002;09:00:00;50.00;16.846;999999;6.11
19/09/2002;09:00:00;1.00;23.231;999999;4.83
26/09/2002;09:00:00;50.00;16.180;999999;6.04
26/09/2002;09:00:00;1.00;22.161;999999;4.82
02/10/2002;09:00:00;50.00;15.605;37.794;5.65
02/10/2002;09:00:00;1.00;21.635;37.854;5.07
09/10/2002;09:00:00;50.00;16.976;37.769;5.74
09/10/2002;09:00:00;1.00;21.015;37.866;4.90
16/10/2002;09:00:00;50.00;17.632;37.858;5.49
16/10/2002;09:00:00;1.00;20.562;37.770;5.08
25/10/2002;09:00:00;50.00;19.630;37.732;5.28
25/10/2002;09:00:00;1.00;19.679;37.730;5.01
30/10/2002;09:00:00;50.00;18.606;37.735;5.28
30/10/2002;09:00:00;1.00;19.487;37.753;5.01
06/11/2002;09:00:00;50.00;18.117;37.819;5.17
06/11/2002;09:00:00;1.00;18.735;37.794;5.04
13/11/2002;09:00:00;50.00;17.863;37.840;5.16
13/11/2002;09:00:00;1.00;17.800;37.790;5.09
20/11/2002;09:00:00;50.00;17.647;37.736;5.15
20/11/2002;09:00:00;1.00;17.647;37.739;5.08
27/11/2002;09:00:00;50.00;17.530;37.711;5.04
27/11/2002;09:00:00;1.00;17.537;37.625;5.03
04/12/2002;09:00:00;50.00;17.365;37.821;5.09
04/12/2002;09:00:00;1.00;17.209;37.685;5.04
13/12/2002;09:00:00;50.00;15.953;37.849;5.37
13/12/2002;09:00:00;1.00;15.969;37.827;5.38
18/12/2002;09:00:00;50.00;15.834;37.863;5.37
18/12/2002;09:00:00;1.00;15.824;37.860;5.38
23/12/2002;09:00:00;50.00;15.648;37.914;5.29
23/12/2002;09:00:00;1.00;15.617;37.890;5.35
30/12/2002;09:00:00;50.00;15.451;37.862;5.37
30/12/2002;09:00:00;1.00;15.314;37.786;5.34
09/01/2003;09:00:00;50.00;14.930;37.943;5.39
09/01/2003;09:00:00;1.00;14.866;37.939;5.43
15/01/2003;09:00:00;50.00;14.527;37.925;5.40
15/01/2003;09:00:00;1.00;14.512;37.917;5.34
23/01/2003;09:00:00;50.00;14.086;37.880;5.56
23/01/2003;09:00:00;1.00;13.948;37.843;5.54
30/01/2003;09:00:00;50.00;13.930;37.919;5.44
30/01/2003;09:00:00;1.00;13.941;37.919;5.38
05/02/2003;09:00:00;50.00;13.583;37.978;5.52
05/02/2003;09:00:00;1.00;13.658;37.962;5.42
12/02/2003;09:00:00;50.00;13.454;37.983;5.58
12/02/2003;09:00:00;1.00;13.447;37.981;5.58
19/02/2003;09:00:00;50.00;13.244;38.117;5.43
19/02/2003;09:00:00;1.00;13.252;38.118;5.38
28/02/2003;09:00:00;50.00;13.111;38.124;5.48
28/02/2003;09:00:00;1.00;13.128;38.121;5.42
05/03/2003;09:00:00;50.00;13.152;38.114;5.54
05/03/2003;09:00:00;1.00;13.296;38.112;5.66
12/03/2003;09:00:00;50.00;13.192;38.128;5.60
12/03/2003;09:00:00;1.00;13.663;38.093;5.92
19/03/2003;09:00:00;50.00;13.325;38.143;5.69
19/03/2003;09:00:00;1.00;13.520;38.121;5.70
26/03/2003;09:00:00;50.00;13.451;38.136;5.69
26/03/2003;09:00:00;1.00;14.070;38.071;5.91
02/04/2003;09:00:00;50.00;13.569;38.130;999999
02/04/2003;09:00:00;1.00;13.619;38.126;999999
10/04/2003;09:00:00;50.00;13.473;38.118;5.67
10/04/2003;09:00:00;1.00;13.370;38.000;5.65
16/04/2003;09:00:00;50.00;13.618;38.046;5.80
16/04/2003;09:00:00;1.00;13.777;38.019;5.86
24/04/2003;09:00:00;50.00;13.632;38.079;5.70
24/04/2003;09:00:00;1.00;14.648;37.959;5.83
30/04/2003;09:00:00;50.00;14.499;37.944;5.88
30/04/2003;09:00:00;1.00;15.822;37.842;5.72
07/05/2003;09:00:00;50.00;16.351;37.870;5.76
07/05/2003;09:00:00;1.00;16.742;37.852;5.42
14/05/2003;09:00:00;50.00;14.146;38.055;5.78
14/05/2003;09:00:00;1.00;19.430;37.463;5.32
21/05/2003;09:00:00;50.00;14.145;38.039;5.79
21/05/2003;09:00:00;1.00;19.268;37.669;5.48
27/05/2003;09:00:00;50.00;14.303;38.057;5.82
27/05/2003;09:00:00;1.00;18.700;37.835;5.38
04/06/2003;09:00:00;50.00;14.151;38.057;5.79
04/06/2003;09:00:00;1.00;21.096;37.634;5.44
11/06/2003;09:00:00;50.00;14.186;38.052;999999
11/06/2003;09:00:00;1.00;23.929;37.779;999999
18/06/2003;09:00:00;50.00;14.428;38.002;999999
18/06/2003;09:00:00;1.00;25.379;37.721;999999
25/06/2003;09:00:00;50.00;14.287;38.027;6.12
25/06/2003;09:00:00;1.00;25.930;37.955;5.19
04/07/2003;09:00:00;50.00;14.283;38.050;6.16
04/07/2003;09:00:00;1.00;18.681;37.938;5.84
09/07/2003;09:00:00;50.00;14.367;38.053;5.86
09/07/2003;09:00:00;1.00;25.675;38.136;4.93
16/07/2003;09:00:00;50.00;14.897;38.026;5.96
16/07/2003;09:00:00;1.00;26.454;38.139;4.91
23/07/2003;09:00:00;50.00;14.473;38.050;5.83
23/07/2003;09:00:00;1.00;26.850;38.083;4.85
30/07/2003;09:00:00;50.00;14.372;38.075;5.83
30/07/2003;09:00:00;1.00;26.869;38.135;4.85
06/08/2003;09:00:00;50.00;14.715;38.053;5.82
06/08/2003;09:00:00;1.00;27.003;38.124;4.75
13/08/2003;09:00:00;50.00;15.242;38.001;5.74
13/08/2003;09:00:00;1.00;27.718;38.182;4.79
20/08/2003;09:00:00;50.00;15.274;37.978;999999
20/08/2003;09:00:00;1.00;27.972;38.204;999999
27/08/2003;09:00:00;50.00;14.990;37.991;5.93
27/08/2003;09:00:00;1.00;27.608;38.175;4.53
03/09/2003;09:00:00;50.00;14.978;38.016;6.13
03/09/2003;09:00:00;1.00;24.788;38.174;4.97
10/09/2003;09:00:00;50.00;14.922;38.016;6.09
10/09/2003;09:00:00;1.00;23.398;38.186;5.02
18/09/2003;09:00:00;50.00;15.064;38.005;6.13
18/09/2003;09:00:00;1.00;23.071;38.211;5.05
23/09/2003;09:00:00;50.00;15.574;37.996;6.22
23/09/2003;09:00:00;1.00;22.816;38.201;5.05
30/09/2003;09:00:00;50.00;16.166;37.927;6.05
30/09/2003;09:00:00;1.00;22.356;38.210;5.03
09/10/2003;09:00:00;50.00;16.149;38.011;5.82
09/10/2003;09:00:00;1.00;20.286;38.164;5.46
14/10/2003;09:00:00;50.00;15.804;37.992;5.88
14/10/2003;09:00:00;1.00;20.852;38.219;4.93
22/10/2003;09:00:00;50.00;17.095;38.137;5.54
22/10/2003;09:00:00;1.00;18.190;38.130;5.09
28/10/2003;09:00:00;50.00;17.841;38.169;5.56
28/10/2003;09:00:00;1.00;17.945;38.170;5.72
04/11/2003;09:00:00;50.00;17.112;38.039;5.41
04/11/2003;09:00:00;1.00;17.058;37.975;5.43
12/11/2003;09:00:00;50.00;16.859;38.067;5.41
12/11/2003;09:00:00;1.00;16.834;38.058;4.33
18/11/2003;09:00:00;50.00;16.693;38.071;5.32
18/11/2003;09:00:00;1.00;16.589;38.015;5.21
25/11/2003;09:00:00;50.00;16.804;38.026;5.41
25/11/2003;09:00:00;1.00;16.770;38.013;5.21
05/12/2003;09:00:00;50.00;16.555;37.973;5.40
05/12/2003;09:00:00;1.00;16.496;37.965;4.87
08/12/2003;09:00:00;50.00;16.509;37.994;5.36
08/12/2003;09:00:00;1.00;16.498;37.996;5.11
17/12/2003;09:00:00;50.00;16.045;37.996;5.36
17/12/2003;09:00:00;1.00;16.038;37.983;4.74
22/12/2003;09:00:00;50.00;15.738;38.020;999999
22/12/2003;09:00:00;1.00;15.756;38.010;999999
29/12/2003;09:00:00;50.00;14.989;38.083;999999
29/12/2003;09:00:00;1.00;15.091;31.012;999999
06/01/2004;09:00:00;50.00;14.717;38.043;5.44
06/01/2004;09:00:00;1.00;14.663;37.986;5.33
16/01/2004;09:00:00;50.00;14.328;38.052;5.57
16/01/2004;09:00:00;1.00;14.301;38.028;5.55
20/01/2004;09:00:00;50.00;14.070;38.064;5.74
20/01/2004;09:00:00;1.00;14.053;38.056;5.72
30/01/2004;09:00:00;50.00;13.718;38.072;5.57
30/01/2004;09:00:00;1.00;13.710;38.064;5.41
03/02/2004;09:00:00;50.00;13.606;38.104;999999
03/02/2004;09:00:00;1.00;13.578;38.079;999999
10/02/2004;09:00:00;50.00;13.375;38.130;5.46
10/02/2004;09:00:00;1.00;13.446;38.144;5.47
17/02/2004;09:00:00;50.00;13.395;38.106;5.60
17/02/2004;09:00:00;1.00;13.388;38.097;5.63
25/02/2004;09:00:00;50.00;13.343;38.124;5.53
25/02/2004;09:00:00;1.00;13.317;38.112;5.47
02/03/2004;09:00:00;50.00;13.154;38.130;5.53
02/03/2004;09:00:00;1.00;13.153;38.129;5.52
09/03/2004;09:00:00;50.00;13.036;38.143;999999
09/03/2004;09:00:00;1.00;13.011;38.114;999999
17/03/2004;09:00:00;50.00;13.017;38.118;5.64
17/03/2004;09:00:00;1.00;13.227;38.100;5.81
22/03/2004;09:00:00;50.00;13.142;38.041;5.52
22/03/2004;09:00:00;1.00;13.520;37.947;5.62
31/03/2004;09:00:00;50.00;13.174;38.124;5.52
31/03/2004;09:00:00;1.00;13.072;37.873;5.48
06/04/2004;09:00:00;50.00;13.223;37.991;5.72
06/04/2004;09:00:00;1.00;13.540;37.824;5.90
14/04/2004;09:00:00;50.00;13.348;38.024;5.72
14/04/2004;09:00:00;1.00;13.834;37.833;5.83
21/04/2004;09:00:00;50.00;13.490;38.080;5.74
21/04/2004;09:00:00;1.00;14.112;37.912;5.84
28/04/2004;09:00:00;50.00;13.639;38.063;5.80
28/04/2004;09:00:00;1.00;15.067;37.949;5.83
04/05/2004;09:00:00;50.00;14.379;37.968;5.71
04/05/2004;09:00:00;1.00;14.960;37.812;5.68
11/05/2004;09:00:00;50.00;14.389;38.021;5.71
11/05/2004;09:00:00;1.00;15.779;37.753;5.65
18/05/2004;09:00:00;50.00;14.420;38.012;5.69
18/05/2004;09:00:00;1.00;17.049;37.562;5.76
25/05/2004;09:00:00;50.00;14.325;38.065;999999
25/05/2004;09:00:00;1.00;17.719;37.388;999999
01/06/2004;09:00:00;50.00;14.405;38.097;999999
01/06/2004;09:00:00;1.00;19.095;37.756;999999
08/06/2004;09:00:00;50.00;14.588;38.090;999999
08/06/2004;09:00:00;1.00;20.615;37.798;999999
15/06/2004;09:00:00;50.00;14.992;38.072;5.81
15/06/2004;09:00:00;1.00;19.791;37.880;5.46
22/06/2004;09:00:00;50.00;14.024;38.102;5.94
22/06/2004;09:00:00;1.00;20.379;37.931;5.12
29/06/2004;09:00:00;50.00;14.558;38.064;5.83
29/06/2004;09:00:00;1.00;23.249;37.996;5.21
06/07/2004;09:00:00;50.00;14.823;38.070;5.89
06/07/2004;09:00:00;1.00;24.273;37.968;5.05
13/07/2004;09:00:00;50.00;999999;999999;999999
13/07/2004;09:00:00;1.00;999999;999999;999999
20/07/2004;09:00:00;50.00;999999;999999;6.03
20/07/2004;09:00:00;1.00;999999;999999;5.12
27/07/2004;09:00:00;50.00;999999;999999;5.88
27/07/2004;09:00:00;1.00;25.498;999999;5.10
03/08/2004;09:00:00;50.00;15.030;38.068;6.02
03/08/2004;09:00:00;1.00;25.120;38.208;4.94
10/08/2004;09:00:00;50.00;15.333;37.988;6.08
10/08/2004;09:00:00;1.00;25.404;38.236;4.81
17/08/2004;09:00:00;50.00;14.987;37.995;5.90
17/08/2004;09:00:00;1.00;25.051;38.252;4.92
24/08/2004;09:00:00;50.00;14.217;38.084;5.83
24/08/2004;09:00:00;1.00;24.685;38.292;4.94
31/08/2004;09:00:00;50.00;14.494;38.046;5.81
31/08/2004;09:00:00;1.00;24.286;38.266;4.96
07/09/2004;09:00:00;50.00;15.347;38.057;6.09
07/09/2004;09:00:00;1.00;24.500;38.310;4.86
14/09/2004;09:00:00;50.00;14.997;38.099;6.11
14/09/2004;09:00:00;1.00;24.016;38.341;4.73
21/09/2004;09:00:00;50.00;15.565;38.161;6.08
21/09/2004;09:00:00;1.00;23.148;38.331;4.99
28/09/2004;09:00:00;50.00;14.635;38.070;5.86
28/09/2004;09:00:00;1.00;22.306;38.293;5.03
05/10/2004;09:00:00;50.00;15.613;38.104;6.22
05/10/2004;09:00:00;1.00;22.027;38.310;5.13
12/10/2004;09:00:00;50.00;999999;999999;6.26
12/10/2004;09:00:00;1.00;999999;999999;5.08
20/10/2004;09:00:00;50.00;16.057;38.082;999999
20/10/2004;09:00:00;1.00;19.785;38.283;999999
02/11/2004;09:00:00;50.00;19.819;38.237;5.16
02/11/2004;09:00:00;1.00;19.413;38.018;5.13
09/11/2004;09:00:00;50.00;19.442;38.156;5.07
09/11/2004;09:00:00;1.00;19.583;38.162;5.11
16/11/2004;09:00:00;50.00;999999;999999;5.32
16/11/2004;09:00:00;1.00;999999;999999;5.31
23/11/2004;09:00:00;50.00;16.709;38.169;5.31
23/11/2004;09:00:00;1.00;17.445;38.158;5.29
30/11/2004;09:00:00;50.00;17.231;38.194;5.38
30/11/2004;09:00:00;1.00;16.826;38.031;5.40
07/12/2004;09:00:00;50.00;16.451;38.150;5.69
07/12/2004;09:00:00;1.00;16.689;38.149;6.38
14/12/2004;09:00:00;50.00;16.174;38.147;5.39
14/12/2004;09:00:00;1.00;16.164;38.144;5.19
21/12/2004;09:00:00;50.00;15.915;38.142;5.40
21/12/2004;09:00:00;1.00;15.895;38.138;5.44
28/12/2004;09:00:00;50.00;15.449;38.097;999999
28/12/2004;09:00:00;1.00;15.410;38.092;999999
04/01/2005;09:00:00;50.00;15.056;38.101;5.41
04/01/2005;09:00:00;1.00;15.050;38.083;5.49
11/01/2005;09:00:00;50.00;14.804;38.061;5.51
11/01/2005;09:00:00;1.00;14.779;38.062;5.53
21/01/2005;09:00:00;50.00;14.390;38.059;5.64
21/01/2005;09:00:00;1.00;14.391;38.053;5.56
25/01/2005;09:00:00;50.00;999999;999999;5.73
25/01/2005;09:00:00;1.00;999999;999999;5.70
01/02/2005;09:00:00;50.00;13.480;38.157;5.49
01/02/2005;09:00:00;1.00;13.463;38.143;5.47
08/02/2005;09:00:00;50.00;13.295;38.169;5.52
08/02/2005;09:00:00;1.00;13.295;38.169;5.65
15/02/2005;09:00:00;50.00;13.227;38.197;5.52
15/02/2005;09:00:00;1.00;13.212;38.199;5.51
23/02/2005;09:00:00;50.00;13.161;38.241;5.49
23/02/2005;09:00:00;1.00;13.023;38.193;5.58
01/03/2005;09:00:00;50.00;12.992;38.260;5.48
01/03/2005;09:00:00;1.00;12.972;38.263;5.45
07/03/2005;09:00:00;50.00;12.809;38.240;5.48
07/03/2005;09:00:00;1.00;12.805;38.240;5.59
15/03/2005;09:00:00;50.00;12.835;38.256;5.43
15/03/2005;09:00:00;1.00;13.041;38.252;5.75
22/03/2005;09:00:00;50.00;12.827;38.265;5.41
22/03/2005;09:00:00;1.00;14.124;38.230;6.18
29/03/2005;09:00:00;50.00;13.417;38.256;5.62
29/03/2005;09:00:00;1.00;14.260;38.182;6.00
05/04/2005;09:00:00;50.00;13.743;38.179;5.90
05/04/2005;09:00:00;1.00;13.949;38.147;5.93
12/04/2005;09:00:00;50.00;13.566;38.181;5.77
12/04/2005;09:00:00;1.00;13.714;38.165;5.77
19/04/2005;09:00:00;50.00;13.483;38.188;999999
19/04/2005;09:00:00;1.00;14.038;38.133;999999
26/04/2005;09:00:00;50.00;13.851;38.155;5.73
26/04/2005;09:00:00;1.00;14.269;38.103;5.84
03/05/2005;09:00:00;50.00;14.164;38.115;5.71
03/05/2005;09:00:00;1.00;16.941;37.967;5.65
10/05/2005;09:00:00;50.00;14.516;38.040;5.62
10/05/2005;09:00:00;1.00;17.779;37.720;5.80
17/05/2005;09:00:00;50.00;14.690;38.167;5.73
17/05/2005;09:00:00;1.00;18.206;37.846;5.51
24/05/2005;09:00:00;50.00;14.658;38.106;5.76
24/05/2005;09:00:00;1.00;18.751;37.815;5.64
31/05/2005;09:00:00;50.00;14.406;38.159;5.75
31/05/2005;09:00:00;1.00;20.803;37.985;5.42
07/06/2005;09:00:00;50.00;14.399;38.188;5.67
07/06/2005;09:00:00;1.00;21.794;38.036;5.37
15/06/2005;09:00:00;50.00;15.067;38.188;5.77
15/06/2005;09:00:00;1.00;20.212;38.215;5.31
21/06/2005;09:00:00;50.00;999999;999999;5.80
21/06/2005;09:00:00;1.00;999999;999999;5.20
28/06/2005;09:00:00;50.00;14.930;38.204;5.61
28/06/2005;09:00:00;1.00;24.335;38.209;5.04
06/07/2005;09:00:00;50.00;14.097;38.230;5.29
06/07/2005;09:00:00;1.00;23.017;38.240;5.09
12/07/2005;09:00:00;50.00;14.063;38.234;5.43
12/07/2005;09:00:00;1.00;23.217;38.238;5.09
19/07/2005;09:00:00;50.00;14.330;38.215;5.49
19/07/2005;09:00:00;1.00;24.584;38.253;4.92
26/07/2005;09:00:00;50.00;15.218;38.170;6.00
26/07/2005;09:00:00;1.00;25.418;38.379;4.86
02/08/2005;09:00:00;50.00;15.717;38.162;5.87
02/08/2005;09:00:00;1.00;26.179;38.414;4.76
09/08/2005;09:00:00;50.00;14.442;38.160;5.67
09/08/2005;09:00:00;1.00;24.908;38.476;4.84
16/08/2005;09:00:00;50.00;16.093;38.130;6.10
16/08/2005;09:00:00;1.00;24.265;38.460;4.83
23/08/2005;09:00:00;50.00;15.397;38.123;5.88
23/08/2005;09:00:00;1.00;24.026;38.408;4.85
30/08/2005;09:00:00;50.00;15.552;38.129;5.89
30/08/2005;09:00:00;1.00;24.334;38.451;4.82
06/09/2005;09:00:00;50.00;14.562;38.155;5.68
06/09/2005;09:00:00;1.00;24.237;38.393;4.89
13/09/2005;09:00:00;50.00;15.033;38.160;5.79
13/09/2005;09:00:00;1.00;22.755;38.277;4.87
20/09/2005;09:00:00;50.00;17.150;38.169;5.66
20/09/2005;09:00:00;1.00;22.981;38.347;4.91
27/09/2005;09:00:00;50.00;15.125;38.136;5.71
27/09/2005;09:00:00;1.00;22.697;38.419;4.95
04/10/2005;09:00:00;50.00;15.699;38.066;6.02
04/10/2005;09:00:00;1.00;21.473;38.330;4.96
11/10/2005;09:00:00;50.00;19.855;38.325;5.21
11/10/2005;09:00:00;1.00;20.715;38.382;5.07
18/10/2005;09:00:00;50.00;20.143;38.383;5.11
18/10/2005;09:00:00;1.00;20.320;38.387;5.13
25/10/2005;09:00:00;50.00;19.187;38.323;5.23
25/10/2005;09:00:00;1.00;19.989;38.318;5.04
02/11/2005;09:00:00;50.00;19.644;38.330;5.10
02/11/2005;09:00:00;1.00;19.772;38.274;5.17
08/11/2005;09:00:00;50.00;19.575;38.284;5.11
08/11/2005;09:00:00;1.00;19.633;38.284;5.13
15/11/2005;09:00:00;50.00;19.193;38.242;5.13
15/11/2005;09:00:00;1.00;19.165;38.238;5.13
23/11/2005;09:00:00;50.00;18.136;38.233;5.33
23/11/2005;09:00:00;1.00;18.086;38.237;5.32
29/11/2005;09:00:00;50.00;16.956;38.263;5.39
29/11/2005;09:00:00;1.00;16.950;38.261;5.30
06/12/2005;09:00:00;50.00;16.483;38.223;5.37
06/12/2005;09:00:00;1.00;16.452;38.218;5.11
13/12/2005;09:00:00;50.00;15.436;38.186;5.35
13/12/2005;09:00:00;1.00;15.683;38.178;5.30
20/12/2005;09:00:00;50.00;14.720;38.120;5.48
20/12/2005;09:00:00;1.00;14.712;38.112;5.48
27/12/2005;09:00:00;50.00;14.145;38.151;5.43
27/12/2005;09:00:00;1.00;14.151;38.149;5.48
04/01/2006;09:00:00;50.00;13.955;38.195;5.58
04/01/2006;09:00:00;1.00;13.951;38.193;5.43
10/01/2006;09:00:00;50.00;13.668;38.213;5.48
10/01/2006;09:00:00;1.00;13.661;38.211;5.46
17/01/2006;09:00:00;50.00;13.315;38.206;5.46
17/01/2006;09:00:00;1.00;13.274;38.187;5.47
24/01/2006;09:00:00;50.00;13.230;38.201;5.56
24/01/2006;09:00:00;1.00;13.206;38.203;5.53
31/01/2006;09:00:00;50.00;12.890;38.172;5.49
31/01/2006;09:00:00;1.00;12.864;38.122;5.47
07/02/2006;09:00:00;50.00;12.793;38.132;5.66
07/02/2006;09:00:00;1.00;12.754;38.122;5.69
14/02/2006;09:00:00;50.00;12.786;38.186;5.55
14/02/2006;09:00:00;1.00;12.777;38.183;5.52
23/02/2006;09:00:00;50.00;12.750;38.253;5.44
23/02/2006;09:00:00;1.00;12.736;38.249;5.46
28/02/2006;09:00:00;50.00;12.744;38.245;5.44
28/02/2006;09:00:00;1.00;12.673;38.222;5.48
07/03/2006;09:00:00;50.00;12.793;38.293;5.46
07/03/2006;09:00:00;1.00;12.610;38.215;5.63
14/03/2006;09:00:00;50.00;12.694;38.294;5.65
14/03/2006;09:00:00;1.00;12.704;38.296;5.58
21/03/2006;09:00:00;50.00;12.450;38.185;5.86
21/03/2006;09:00:00;1.00;12.508;38.179;5.95
30/03/2006;09:00:00;50.00;12.593;38.205;5.67
30/03/2006;09:00:00;1.00;12.785;38.163;6.07
04/04/2006;09:00:00;50.00;12.747;38.145;5.84
04/04/2006;09:00:00;1.00;13.449;38.076;6.13
11/04/2006;09:00:00;50.00;12.959;38.188;5.84
11/04/2006;09:00:00;1.00;14.170;37.919;6.02
18/04/2006;09:00:00;50.00;13.470;38.197;5.82
18/04/2006;09:00:00;1.00;14.526;38.035;6.11
25/04/2006;09:00:00;50.00;13.604;38.188;5.79
25/04/2006;09:00:00;1.00;15.377;38.081;6.01
02/05/2006;09:00:00;50.00;13.846;38.235;5.81
02/05/2006;09:00:00;1.00;16.401;38.062;5.77
10/05/2006;09:00:00;50.00;13.939;38.242;5.81
10/05/2006;09:00:00;1.00;17.033;38.146;5.81
16/05/2006;09:00:00;50.00;13.998;38.242;5.81
16/05/2006;09:00:00;1.00;18.093;38.128;5.79
23/05/2006;09:00:00;50.00;15.150;38.199;5.87
23/05/2006;09:00:00;1.00;18.484;38.065;5.70
31/05/2006;09:00:00;50.00;13.766;38.250;5.58
31/05/2006;09:00:00;1.00;20.428;38.050;5.51
06/06/2006;09:00:00;50.00;14.043;38.233;5.65
06/06/2006;09:00:00;1.00;18.766;38.192;5.57
13/06/2006;09:00:00;50.00;13.820;38.241;5.63
13/06/2006;09:00:00;1.00;20.303;38.192;5.54
20/06/2006;09:00:00;50.00;14.844;38.219;5.68
20/06/2006;09:00:00;1.00;20.490;38.251;5.34
27/06/2006;09:00:00;50.00;14.891;38.208;999999
27/06/2006;09:00:00;1.00;22.666;38.270;999999
06/07/2006;09:00:00;50.00;14.481;38.205;999999
06/07/2006;09:00:00;1.00;24.384;38.250;999999
12/07/2006;09:00:00;50.00;14.929;38.201;999999
12/07/2006;09:00:00;1.00;25.148;38.309;999999
18/07/2006;09:00:00;50.00;15.355;38.208;999999
18/07/2006;09:00:00;1.00;26.161;38.312;999999
25/07/2006;09:00:00;50.00;14.809;38.207;999999
25/07/2006;09:00:00;1.00;27.337;38.232;999999
01/08/2006;09:00:00;50.00;15.353;38.194;5.97
01/08/2006;09:00:00;1.00;27.611;38.324;4.81
07/08/2006;09:00:00;50.00;14.566;38.201;999999
07/08/2006;09:00:00;1.00;23.216;38.267;999999
16/08/2006;09:00:00;50.00;15.168;38.180;999999
16/08/2006;09:00:00;1.00;23.674;38.389;5.03
22/08/2006;09:00:00;50.00;16.067;38.194;999999
22/08/2006;09:00:00;1.00;23.915;38.317;999999
30/08/2006;09:00:00;50.00;14.380;38.179;999999
30/08/2006;09:00:00;1.00;23.203;38.363;999999
05/09/2006;09:00:00;50.00;14.419;38.190;999999
05/09/2006;09:00:00;1.00;23.313;38.413;999999
12/09/2006;09:00:00;50.00;15.079;38.191;999999
12/09/2006;09:00:00;1.00;23.480;38.434;999999
19/09/2006;09:00:00;50.00;15.794;38.194;999999
19/09/2006;09:00:00;1.00;22.494;38.048;999999
26/09/2006;09:00:00;50.00;17.441;999999;999999
26/09/2006;09:00:00;1.00;22.135;999999;999999
03/10/2006;09:00:00;50.00;17.440;38.269;999999
03/10/2006;09:00:00;1.00;22.449;38.164;999999
11/10/2006;09:00:00;50.00;20.398;38.270;999999
11/10/2006;09:00:00;1.00;21.670;38.228;999999
17/10/2006;09:00:00;50.00;20.765;38.303;999999
17/10/2006;09:00:00;1.00;21.207;38.325;999999
24/10/2006;09:00:00;50.00;20.570;38.302;999999
24/10/2006;09:00:00;1.00;20.606;38.289;999999
31/10/2006;09:00:00;50.00;20.540;38.270;999999
31/10/2006;09:00:00;1.00;20.595;38.230;999999
07/11/2006;09:00:00;50.00;19.674;38.291;999999
07/11/2006;09:00:00;1.00;19.792;38.274;999999
14/11/2006;09:00:00;50.00;19.408;38.295;6.10
14/11/2006;09:00:00;1.00;19.433;38.302;6.02
21/11/2006;09:00:00;50.00;18.999;38.259;5.38
21/11/2006;09:00:00;1.00;19.012;38.248;5.49
28/11/2006;09:00:00;50.00;18.526;38.188;5.40
28/11/2006;09:00:00;1.00;18.527;38.189;5.41
05/12/2006;09:00:00;50.00;17.790;38.175;5.40
05/12/2006;09:00:00;1.00;18.097;38.176;5.44
12/12/2006;09:00:00;50.00;17.525;38.071;5.41
12/12/2006;09:00:00;1.00;17.516;38.075;5.40
19/12/2006;09:00:00;50.00;17.116;38.115;5.40
19/12/2006;09:00:00;1.00;17.106;38.116;5.47
09/01/2007;09:56:34;50.00;15.495;38.172;5.63
09/01/2007;09:56:34;1.00;15.463;38.161;5.65
16/01/2007;10:07:38;50.00;15.458;38.217;5.60
16/01/2007;10:07:38;1.00;15.447;38.209;5.62
23/01/2007;09:10:45;50.00;15.442;38.245;5.61
23/01/2007;09:10:45;1.00;15.422;38.239;5.66
30/01/2007;09:35:25;50.00;14.961;38.183;5.73
30/01/2007;09:35:25;1.00;14.950;38.183;5.74
06/02/2007;10:01:17;50.00;14.761;38.177;999999
06/02/2007;10:01:17;1.00;14.748;38.165;999999
13/02/2007;09:15:28;50.00;14.509;38.148;999999
13/02/2007;09:15:28;1.00;14.494;38.144;999999
20/02/2007;09:46:54;50.00;14.286;38.113;999999
20/02/2007;09:46:54;1.00;14.267;38.099;999999
27/02/2007;09:34:42;50.00;14.181;38.128;999999
27/02/2007;09:34:42;1.00;14.171;38.127;999999
06/03/2007;09:15:39;50.00;14.385;38.067;6.02
06/03/2007;09:15:39;1.00;14.591;38.055;6.07
13/03/2007;10:07:48;50.00;14.340;38.034;999999
13/03/2007;10:07:48;1.00;14.362;38.005;999999
20/03/2007;09:14:52;50.00;14.143;38.140;5.65
20/03/2007;09:14:52;1.00;14.242;38.034;5.82
27/03/2007;06:30:00;50.00;13.983;38.091;999999
27/03/2007;06:30:00;1.00;14.031;38.090;999999
03/04/2007;06:30:00;50.00;13.980;38.088;5.85
03/04/2007;06:30:00;1.00;14.104;38.079;5.95
17/04/2007;06:50:00;50.00;15.009;38.027;5.79
17/04/2007;06:50:00;1.00;15.772;38.005;5.85
24/04/2007;06:50:00;50.00;14.847;38.019;5.82
24/04/2007;06:50:00;1.00;18.039;37.870;5.89
02/05/2007;08:07:45;50.00;14.654;38.071;5.66
02/05/2007;08:07:45;1.00;18.395;37.723;5.69
09/05/2007;07:52:31;50.00;15.100;37.978;5.77
09/05/2007;07:52:31;1.00;18.821;37.332;5.65
15/05/2007;07:41:09;50.00;15.051;37.879;5.90
15/05/2007;07:41:09;1.00;19.997;37.537;5.55
22/05/2007;08:12:19;50.00;14.823;37.977;5.70
22/05/2007;08:12:19;1.00;20.447;37.455;5.55
30/05/2007;07:07:34;50.00;14.768;37.994;5.57
30/05/2007;07:07:34;1.00;17.100;37.820;5.71
05/06/2007;07:10:13;50.00;15.698;37.916;5.09
05/06/2007;07:10:13;1.00;20.230;37.710;4.55
12/06/2007;06:29:33;50.00;14.811;37.978;5.88
12/06/2007;06:29:33;1.00;21.493;37.558;5.60
19/06/2007;07:09:41;50.00;16.019;37.886;6.00
19/06/2007;07:09:41;1.00;21.691;37.585;5.35
27/06/2007;07:03:36;50.00;15.002;37.997;5.62
27/06/2007;07:03:36;1.00;19.729;37.745;5.14
03/07/2007;06:53:50;50.00;15.686;37.953;5.62
03/07/2007;06:53:50;1.00;22.708;37.769;5.14
10/07/2007;07:41:13;50.00;14.616;38.005;5.35
10/07/2007;07:41:13;1.00;22.095;37.814;5.23
17/07/2007;07:39:58;50.00;15.175;37.931;5.45
17/07/2007;07:39:58;1.00;22.900;37.878;5.09
24/07/2007;07:45:50;50.00;15.830;37.922;5.58
24/07/2007;07:45:50;1.00;22.587;37.947;4.96
31/07/2007;07:57:26;50.00;16.670;37.903;5.57
31/07/2007;07:57:26;1.00;24.798;37.947;4.72
07/08/2007;07:23:01;50.00;16.134;37.899;5.54
07/08/2007;07:23:01;1.00;25.096;37.895;4.70
14/08/2007;07:43:17;50.00;15.171;37.916;5.35
14/08/2007;07:43:17;1.00;23.449;37.969;4.92
22/08/2007;07:56:56;50.00;15.445;37.859;5.43
22/08/2007;07:56:56;1.00;23.445;38.072;4.76
28/08/2007;07:31:00;50.00;15.354;37.864;5.43
28/08/2007;07:31:00;1.00;24.087;37.997;4.80
04/09/2007;08:01:00;50.00;999999;999999;5.45
04/09/2007;08:01:00;1.00;999999;999999;4.72
11/09/2007;08:00:00;1.00;22.578;38.095;999999
11/09/2007;08:00:00;50.00;16.831;37.857;999999
18/09/2007;07:44:00;50.00;16.593;37.869;5.53
18/09/2007;07:44:00;1.00;22.812;38.175;4.79
25/09/2007;07:39:00;50.00;15.699;37.899;5.41
25/09/2007;07:39:00;1.00;22.025;38.168;4.89
02/10/2007;07:27:00;50.00;18.051;37.928;5.21
02/10/2007;07:27:00;1.00;21.252;38.140;4.84
09/10/2007;07:03:00;50.00;15.868;37.859;5.38
09/10/2007;07:03:00;1.00;21.329;38.140;4.93
16/10/2007;07:44:00;50.00;18.236;37.926;5.34
16/10/2007;07:44:00;1.00;20.723;38.128;4.99
23/10/2007;07:40:00;50.00;18.475;38.073;5.16
23/10/2007;07:40:00;1.00;19.175;38.099;5.10
30/10/2007;08:49:00;50.00;18.236;38.078;5.11
30/10/2007;08:49:00;1.00;20.723;38.086;5.07
06/11/2007;08:03:00;50.00;18.475;38.073;5.05
06/11/2007;08:03:00;1.00;19.175;38.061;5.07
13/11/2007;08:26:00;50.00;17.658;38.071;5.08
13/11/2007;08:26:00;1.00;17.639;38.071;5.08
22/11/2007;08:46:00;50.00;16.638;38.032;5.17
22/11/2007;08:46:00;1.00;16.629;38.000;5.17
27/11/2007;08:54:00;50.00;16.272;38.163;5.16
27/11/2007;08:54:00;1.00;16.303;38.116;5.33
05/12/2007;09:06:00;50.00;15.775;38.125;5.12
05/12/2007;09:06:00;1.00;15.784;38.096;5.16
11/12/2007;08:00:00;1.00;999999;999999;5.08
11/12/2007;08:00:00;50.00;999999;999999;5.09
18/12/2007;08:00:00;1.00;999999;999999;5.51
18/12/2007;08:00:00;50.00;999999;999999;5.30
04/01/2008;08:00:00;50.00;999999;999999;5.55
04/01/2008;08:00:00;1.00;999999;999999;5.70
08/01/2008;08:00:00;50.00;999999;999999;5.56
08/01/2008;08:00:00;1.00;999999;999999;5.60
18/01/2008;09:03:00;50.00;13.939;38.083;5.56
18/01/2008;09:03:00;1.00;13.736;37.988;5.65
22/01/2008;08:47:00;50.00;13.937;38.059;5.55
22/01/2008;08:47:00;1.00;13.727;37.968;5.66
29/01/2008;08:57:00;50.00;13.826;38.081;5.56
29/01/2008;08:57:00;1.00;13.770;38.043;5.60
05/02/2008;09:10:00;50.00;13.717;38.064;5.59
05/02/2008;09:10:00;1.00;13.618;38.033;5.75
12/02/2008;08:41:00;50.00;13.599;38.042;5.82
12/02/2008;08:41:00;1.00;13.577;38.040;5.89
19/02/2008;08:35:00;50.00;13.450;38.105;5.75
19/02/2008;08:35:00;1.00;13.451;38.106;5.79
26/02/2008;08:30:00;50.00;13.451;38.117;5.98
26/02/2008;08:30:00;1.00;13.489;38.088;5.82
03/03/2008;08:45:00;50.00;13.607;38.084;999999
03/03/2008;08:45:00;1.00;13.733;38.085;999999
12/03/2008;08:27:00;50.00;13.375;38.089;5.91
12/03/2008;08:27:00;1.00;13.387;38.037;5.92
18/03/2008;08:00:00;50.00;13.396;38.099;5.91
18/03/2008;08:00:00;1.00;13.663;38.091;5.93
26/03/2008;08:16:00;50.00;13.429;38.080;5.93
26/03/2008;08:16:00;1.00;13.492;38.079;5.99
01/04/2008;07:46:00;50.00;13.563;38.066;6.01
01/04/2008;07:46:00;1.00;13.688;38.069;6.09
08/04/2008;07:43:00;50.00;13.317;38.121;999999
08/04/2008;07:43:00;1.00;13.714;38.044;5.99
15/04/2008;07:38:00;50.00;13.392;38.095;5.94
15/04/2008;07:38:00;1.00;13.814;37.888;6.22
23/04/2008;07:29:00;50.00;13.758;38.018;999999
23/04/2008;07:29:00;1.00;14.355;37.899;5.93
28/04/2008;07:46:00;50.00;13.879;37.993;999999
28/04/2008;07:46:00;1.00;16.181;37.689;999999
06/05/2008;07:45:00;50.00;14.993;37.918;5.90
06/05/2008;07:45:00;1.00;16.886;37.636;5.80
13/05/2008;06:48:00;50.00;16.259;37.983;5.73
13/05/2008;06:48:00;1.00;17.240;37.942;5.63
20/05/2008;07:47:00;50.00;15.173;38.018;5.74
20/05/2008;07:47:00;1.00;18.026;37.803;5.57
28/05/2008;08:40:00;50.00;17.924;37.867;5.54
28/05/2008;08:40:00;1.00;18.424;37.776;5.51
03/06/2008;07:26:00;50.00;16.080;37.970;5.57
03/06/2008;07:26:00;1.00;19.868;37.605;5.51
10/06/2008;07:31:00;50.00;15.082;38.009;5.67
10/06/2008;07:31:00;1.00;20.945;37.041;5.47
17/06/2008;07:30:00;50.00;14.538;38.035;5.54
17/06/2008;07:30:00;1.00;21.006;37.190;5.32
23/06/2008;07:30:00;50.00;14.631;38.022;5.71
23/06/2008;07:30:00;1.00;22.678;37.330;5.27
02/07/2008;07:30:00;50.00;14.700;37.982;5.82
02/07/2008;07:30:00;1.00;25.243;37.673;5.19
08/07/2008;07:30:00;50.00;14.428;38.019;5.65
08/07/2008;07:30:00;1.00;24.467;37.766;4.90
16/07/2008;07:30:00;50.00;15.798;37.952;5.90
16/07/2008;07:30:00;1.00;22.249;37.924;5.16
22/07/2008;07:30:00;50.00;15.437;37.978;5.92
22/07/2008;07:30:00;1.00;23.715;37.754;5.00
28/07/2008;07:30:00;50.00;14.607;38.051;5.84
28/07/2008;07:30:00;1.00;23.310;38.157;5.12
05/08/2008;07:30:00;50.00;15.072;38.016;5.90
05/08/2008;07:30:00;1.00;25.855;38.167;4.91
19/08/2008;07:30:00;50.00;14.445;38.040;5.54
19/08/2008;07:30:00;1.00;23.951;38.123;4.95
26/08/2008;07:30:00;50.00;14.972;37.988;999999
26/08/2008;07:30:00;1.00;25.156;38.229;4.78
02/09/2008;07:30:00;50.00;14.897;37.972;5.65
02/09/2008;07:30:00;1.00;25.226;38.263;4.68
10/09/2008;07:30:00;50.00;16.631;37.897;5.97
10/09/2008;07:30:00;1.00;22.766;38.253;5.02
16/09/2008;07:30:00;50.00;16.793;37.901;6.09
16/09/2008;07:30:00;1.00;23.565;38.344;5.00
22/09/2008;07:30:00;50.00;16.824;37.947;5.95
22/09/2008;07:30:00;1.00;22.534;38.323;5.08
29/09/2008;07:30:00;50.00;15.989;37.941;999999
29/09/2008;07:30:00;1.00;21.585;38.357;999999
07/10/2008;07:30:00;50.00;16.455;37.958;999999
07/10/2008;07:30:00;1.00;17.864;999999;999999
14/10/2008;07:30:00;50.00;15.607;999999;6.07
14/10/2008;07:30:00;1.00;20.265;999999;5.54
21/10/2008;07:30:00;50.00;18.838;999999;5.74
21/10/2008;07:30:00;1.00;20.124;999999;5.21
28/10/2008;07:30:00;50.00;15.782;37.939;5.87
28/10/2008;07:30:00;1.00;21.640;38.356;5.66
06/11/2008;07:30:00;50.00;18.829;38.129;5.17
06/11/2008;07:30:00;1.00;999999;999999;5.07
10/11/2008;07:30:00;50.00;18.705;38.078;999999
10/11/2008;07:30:00;1.00;18.671;38.001;999999
20/11/2008;07:30:00;50.00;18.445;38.122;4.78
20/11/2008;07:30:00;1.00;18.453;38.116;4.85
25/11/2008;07:30:00;50.00;17.947;38.098;4.97
25/11/2008;07:30:00;1.00;17.959;38.094;4.90
02/12/2008;07:30:00;50.00;16.716;38.068;999999
02/12/2008;07:30:00;1.00;16.686;38.065;999999
09/12/2008;07:30:00;50.00;16.233;38.066;5.37
09/12/2008;07:30:00;1.00;16.255;38.062;5.48
17/12/2008;07:30:00;50.00;15.401;37.544;999999
17/12/2008;07:30:00;1.00;15.206;37.438;999999
22/12/2008;07:30:00;50.00;15.686;37.877;5.53
22/12/2008;07:30:00;1.00;15.207;37.621;5.59
06/01/2009;09:00:00;50.00;14.627;38.035;5.27
06/01/2009;09:00:00;1.00;14.573;38.036;5.29
14/01/2009;09:00:00;50.00;14.346;38.059;5.25
14/01/2009;09:00:00;1.00;14.361;38.056;5.22
22/01/2009;09:00:00;50.00;999999;999999;5.35
22/01/2009;09:00:00;1.00;999999;999999;5.19
27/01/2009;09:00:00;50.00;13.938;38.017;5.22
27/01/2009;09:00:00;1.00;13.937;38.019;5.27
03/02/2009;09:00:00;50.00;13.873;38.002;5.41
03/02/2009;09:00:00;1.00;13.869;37.988;5.40
10/02/2009;09:00:00;50.00;13.925;38.001;5.08
10/02/2009;09:00:00;1.00;13.122;37.510;5.31
17/02/2009;09:00:00;50.00;13.648;37.969;4.34
17/02/2009;09:00:00;1.00;13.645;37.964;4.40
24/02/2009;09:00:00;50.00;13.555;37.944;4.83
24/02/2009;09:00:00;1.00;13.475;37.900;4.90
03/03/2009;09:00:00;50.00;13.609;38.026;4.89
03/03/2009;09:00:00;1.00;13.594;37.921;4.96
10/03/2009;09:00:00;50.00;13.712;37.999;4.79
10/03/2009;09:00:00;1.00;13.712;37.987;4.88
17/03/2009;09:00:00;50.00;13.893;38.016;4.79
17/03/2009;09:00:00;1.00;14.099;37.945;4.88
23/03/2009;09:00:00;50.00;13.861;38.022;4.78
23/03/2009;09:00:00;1.00;14.026;37.998;4.90
31/03/2009;09:00:00;50.00;13.950;37.986;5.06
31/03/2009;09:00:00;1.00;14.067;37.943;5.09
07/04/2009;09:00:00;50.00;13.947;37.949;4.76
07/04/2009;09:00:00;1.00;15.154;37.590;4.96
14/04/2009;09:00:00;50.00;14.112;37.999;4.86
14/04/2009;09:00:00;1.00;15.020;37.673;4.88
21/04/2009;09:00:00;50.00;14.026;37.995;4.90
21/04/2009;09:00:00;1.00;15.273;37.598;5.21
28/04/2009;09:00:00;50.00;15.100;37.780;4.28
28/04/2009;09:00:00;1.00;15.169;37.508;4.21
05/05/2009;09:00:00;50.00;14.349;37.916;4.28
05/05/2009;09:00:00;1.00;16.713;37.344;4.21
12/05/2009;09:00:00;50.00;15.740;37.704;4.28
12/05/2009;09:00:00;1.00;17.631;37.093;4.21
19/05/2009;09:00:00;50.00;14.348;37.952;4.86
19/05/2009;09:00:00;1.00;19.893;37.421;4.89
26/05/2009;09:00:00;50.00;15.106;37.866;4.86
26/05/2009;09:00:00;1.00;22.097;36.844;4.84
02/06/2009;09:00:00;50.00;15.210;37.875;4.86
02/06/2009;09:00:00;1.00;20.865;37.536;4.89
09/06/2009;09:00:00;50.00;14.703;37.919;4.82
09/06/2009;09:00:00;1.00;18.274;37.603;4.45
16/06/2009;09:00:00;50.00;15.250;37.876;4.86
16/06/2009;09:00:00;1.00;22.843;37.634;4.90
23/06/2009;09:00:00;50.00;15.241;37.849;5.99
23/06/2009;09:00:00;1.00;22.756;37.751;5.24
30/06/2009;09:00:00;50.00;14.363;37.935;5.36
30/06/2009;09:00:00;1.00;23.151;37.683;4.61
07/07/2009;09:00:00;50.00;14.441;37.936;5.46
07/07/2009;09:00:00;1.00;25.245;37.642;4.60
13/07/2009;09:00:00;50.00;14.709;37.943;5.17
13/07/2009;09:00:00;1.00;24.030;37.838;4.40
21/07/2009;09:00:00;50.00;15.537;37.876;5.26
21/07/2009;09:00:00;1.00;22.920;37.827;4.60
28/07/2009;09:00:00;50.00;999999;999999;999999
28/07/2009;09:00:00;1.00;999999;999999;999999
04/08/2009;09:00:00;50.00;999999;999999;5.46
04/08/2009;09:00:00;1.00;999999;999999;4.59
11/08/2009;09:00:00;50.00;14.907;37.844;5.26
11/08/2009;09:00:00;1.00;24.600;37.990;4.31
18/08/2009;09:00:00;50.00;15.281;37.818;4.93
18/08/2009;09:00:00;1.00;26.282;37.976;4.01
25/08/2009;09:00:00;50.00;14.809;37.932;5.27
25/08/2009;09:00:00;1.00;26.913;38.001;4.26
01/09/2009;09:00:00;50.00;15.225;37.925;5.46
01/09/2009;09:00:00;1.00;26.661;38.080;4.59
08/09/2009;09:00:00;50.00;14.714;37.938;5.41
08/09/2009;09:00:00;1.00;24.181;38.172;999999
24/09/2009;09:00:00;50.00;16.765;37.935;5.80
24/09/2009;09:00:00;1.00;23.528;38.000;4.58
29/09/2009;09:00:00;50.00;18.604;37.953;999999
29/09/2009;09:00:00;1.00;23.141;37.992;999999
06/10/2009;09:00:00;50.00;16.520;37.871;999999
06/10/2009;09:00:00;1.00;22.999;38.054;999999
13/10/2009;09:00:00;50.00;22.405;38.106;999999
13/10/2009;09:00:00;1.00;22.800;38.083;999999
20/10/2009;09:00:00;50.00;21.144;38.105;4.39
20/10/2009;09:00:00;1.00;21.148;38.097;4.38
29/10/2009;09:00:00;50.00;999999;999999;999999
29/10/2009;09:00:00;1.00;999999;999999;999999
05/11/2009;09:00:00;50.00;16.296;37.909;4.63
05/11/2009;09:00:00;1.00;18.967;38.055;4.47
10/11/2009;09:00:00;50.00;18.608;38.005;4.63
10/11/2009;09:00:00;1.00;18.585;38.006;4.49
17/11/2009;09:00:00;50.00;18.044;37.979;4.65
17/11/2009;09:00:00;1.00;18.098;37.987;4.52
24/11/2009;09:00:00;50.00;17.552;38.007;4.61
24/11/2009;09:00:00;1.00;17.591;37.989;4.54
01/12/2009;09:00:00;50.00;17.209;38.011;4.60
01/12/2009;09:00:00;1.00;17.049;37.901;4.64
08/12/2009;09:00:00;50.00;16.767;37.943;999999
08/12/2009;09:00:00;1.00;16.744;37.917;999999
15/12/2009;09:00:00;50.00;15.978;37.965;4.74
15/12/2009;09:00:00;1.00;15.988;37.971;4.56
22/12/2009;09:00:00;50.00;14.814;38.010;999999
22/12/2009;09:00:00;1.00;14.512;37.862;999999
05/01/2010;09:00:00;50.00;14.268;37.892;4.97
05/01/2010;09:00:00;1.00;14.215;37.854;5.01
12/01/2010;09:00:00;50.00;14.042;37.889;4.84
12/01/2010;09:00:00;1.00;13.997;37.878;4.96
19/01/2010;09:00:00;50.00;13.747;37.961;4.92
19/01/2010;09:00:00;1.00;13.634;37.867;4.95
25/01/2010;09:00:00;50.00;13.334;37.869;5.87
25/01/2010;09:00:00;1.00;13.067;37.715;5.85
02/02/2010;09:00:00;50.00;13.259;37.933;4.79
02/02/2010;09:00:00;1.00;13.217;37.941;4.82
11/02/2010;09:00:00;50.00;13.215;37.921;999999
11/02/2010;09:00:00;1.00;13.201;37.918;999999
16/02/2010;09:00:00;50.00;13.238;37.956;5.75
16/02/2010;09:00:00;1.00;13.203;37.957;5.52
23/02/2010;09:00:00;50.00;13.166;37.897;4.91
23/02/2010;09:00:00;1.00;12.901;37.280;4.99
02/03/2010;09:00:00;50.00;13.145;37.842;5.83
02/03/2010;09:00:00;1.00;13.136;37.812;5.78
09/03/2010;09:00:00;50.00;12.814;37.635;4.55
09/03/2010;09:00:00;1.00;12.514;37.502;4.53
16/03/2010;09:00:00;50.00;13.145;37.978;5.51
16/03/2010;09:00:00;1.00;13.151;37.916;5.54
23/03/2010;09:00:00;50.00;13.234;37.899;4.91
23/03/2010;09:00:00;1.00;13.267;37.863;4.99
30/03/2010;09:00:00;50.00;13.413;37.898;4.91
30/03/2010;09:00:00;1.00;13.818;37.836;4.99
06/04/2010;09:00:00;50.00;13.619;37.865;4.91
06/04/2010;09:00:00;1.00;13.939;37.721;4.99
13/04/2010;09:00:00;50.00;13.749;37.857;5.77
13/04/2010;09:00:00;1.00;13.865;37.743;5.89
20/04/2010;09:00:00;50.00;13.648;37.899;5.67
20/04/2010;09:00:00;1.00;14.780;37.793;6.05
27/04/2010;09:00:00;50.00;14.045;37.831;5.73
27/04/2010;09:00:00;1.00;15.163;37.780;5.96
05/05/2010;09:00:00;50.00;15.120;37.770;999999
05/05/2010;09:00:00;1.00;15.987;37.610;999999
11/05/2010;09:00:00;50.00;13.969;37.950;999999
11/05/2010;09:00:00;1.00;16.340;37.700;999999
18/05/2010;09:00:00;50.00;14.433;37.885;5.78
18/05/2010;09:00:00;1.00;16.660;37.630;5.85
25/05/2010;09:00:00;50.00;14.308;37.937;5.75
25/05/2010;09:00:00;1.00;18.057;37.485;5.69
02/06/2010;09:00:00;50.00;15.473;37.867;999999
02/06/2010;09:00:00;1.00;20.115;37.367;999999
08/06/2010;09:00:00;50.00;14.700;37.923;5.78
08/06/2010;09:00:00;1.00;21.465;37.458;5.47
15/06/2010;09:00:00;50.00;15.671;37.927;5.96
15/06/2010;09:00:00;1.00;21.384;37.645;5.25
23/06/2010;09:00:00;50.00;15.440;37.937;5.88
23/06/2010;09:00:00;1.00;21.830;37.540;5.25
29/06/2010;09:00:00;50.00;14.520;37.973;5.86
29/06/2010;09:00:00;1.00;23.564;37.259;5.28
06/07/2010;09:00:00;50.00;15.009;37.952;5.77
06/07/2010;09:00:00;1.00;24.749;37.624;5.09
13/07/2010;09:00:00;50.00;14.585;37.942;5.86
13/07/2010;09:00:00;1.00;24.624;37.469;5.27
20/07/2010;09:00:00;50.00;15.387;37.939;6.03
20/07/2010;09:00:00;1.00;27.343;37.798;4.99
27/07/2010;09:00:00;50.00;14.723;37.970;5.86
27/07/2010;09:00:00;1.00;25.327;38.010;4.94
03/08/2010;09:00:00;50.00;14.714;37.960;5.76
03/08/2010;09:00:00;1.00;25.354;37.980;5.07
17/08/2010;09:00:00;50.00;14.373;37.996;4.32
17/08/2010;09:00:00;1.00;21.214;37.907;4.87
24/08/2010;09:00:00;50.00;14.092;38.064;5.98
24/08/2010;09:00:00;1.00;24.575;37.965;5.04
31/08/2010;09:00:00;50.00;15.584;37.979;999999
31/08/2010;09:00:00;1.00;23.919;38.060;999999
07/09/2010;09:00:00;50.00;15.805;38.006;6.06
07/09/2010;09:00:00;1.00;23.625;38.091;5.28
14/09/2010;09:00:00;50.00;15.238;37.974;5.76
14/09/2010;09:00:00;1.00;22.968;38.020;5.04
21/09/2010;09:00:00;50.00;16.807;38.167;5.98
21/09/2010;09:00:00;1.00;22.328;38.016;5.19
28/09/2010;09:00:00;50.00;15.278;37.968;5.90
28/09/2010;09:00:00;1.00;22.244;38.151;5.09
07/10/2010;09:00:00;50.00;20.033;38.152;5.06
07/10/2010;09:00:00;1.00;20.840;38.109;5.05
12/10/2010;09:00:00;50.00;19.604;38.138;5.20
12/10/2010;09:00:00;1.00;19.787;38.144;5.15
19/10/2010;09:00:00;50.00;19.604;38.138;5.20
19/10/2010;09:00:00;1.00;19.787;38.144;5.21
26/10/2010;09:00:00;50.00;999999;999999;5.12
26/10/2010;09:00:00;1.00;999999;999999;5.18
03/11/2010;09:00:00;50.00;18.792;38.169;5.23
03/11/2010;09:00:00;1.00;18.047;36.899;5.34
09/11/2010;09:00:00;50.00;15.306;38.115;5.38
09/11/2010;09:00:00;1.00;18.319;38.034;5.28
17/11/2010;09:00:00;50.00;17.816;38.001;5.14
17/11/2010;09:00:00;1.00;17.824;38.003;5.28
23/11/2010;09:00:00;50.00;17.168;37.667;5.34
23/11/2010;09:00:00;1.00;17.076;37.617;5.39
30/11/2010;09:00:00;50.00;14.981;35.523;5.44
30/11/2010;09:00:00;1.00;15.061;35.473;5.46
08/12/2010;09:00:00;50.00;14.210;35.485;5.51
08/12/2010;09:00:00;1.00;14.204;35.468;5.55
14/12/2010;09:00:00;50.00;15.695;37.857;5.64
14/12/2010;09:00:00;1.00;15.166;37.658;5.79
21/12/2010;09:00:00;50.00;14.840;37.885;999999
21/12/2010;09:00:00;1.00;14.731;37.824;999999
28/12/2010;09:00:00;50.00;14.600;37.881;999999
28/12/2010;09:00:00;1.00;14.064;37.532;999999
04/01/2011;09:00:00;50.00;14.163;37.847;5.83
04/01/2011;09:00:00;1.00;14.085;37.730;5.98
11/01/2011;09:00:00;50.00;13.803;37.783;6.08
11/01/2011;09:00:00;1.00;13.616;37.661;6.20
18/01/2011;09:00:00;50.00;13.751;37.763;5.61
18/01/2011;09:00:00;1.00;13.317;37.496;5.87
25/01/2011;09:00:00;50.00;13.524;38.210;5.23
25/01/2011;09:00:00;1.00;13.157;37.849;5.65
01/02/2011;09:00:00;50.00;13.407;37.995;5.76
01/02/2011;09:00:00;1.00;13.386;37.993;5.81
08/02/2011;09:00:00;50.00;13.393;38.019;5.80
08/02/2011;09:00:00;1.00;13.352;38.001;5.90
15/02/2011;09:00:00;50.00;13.543;38.065;5.69
15/02/2011;09:00:00;1.00;13.448;37.926;5.92
22/02/2011;09:00:00;50.00;13.369;37.992;5.68
22/02/2011;09:00:00;1.00;13.104;37.890;5.90
01/03/2011;09:00:00;50.00;13.341;38.043;5.77
01/03/2011;09:00:00;1.00;13.350;38.046;5.78
08/03/2011;09:00:00;50.00;13.062;38.026;5.35
08/03/2011;09:00:00;1.00;13.076;38.026;5.41
15/03/2011;09:00:00;50.00;13.121;38.030;5.83
15/03/2011;09:00:00;1.00;13.126;38.024;5.90
22/03/2011;09:00:00;50.00;13.126;37.979;999999
22/03/2011;09:00:00;1.00;13.721;37.233;999999
29/03/2011;09:00:00;50.00;13.260;37.895;5.72
29/03/2011;09:00:00;1.00;13.599;37.419;6.15
05/04/2011;09:00:00;50.00;13.402;38.020;5.81
05/04/2011;09:00:00;1.00;15.120;37.169;6.00
12/04/2011;09:00:00;50.00;13.519;38.016;6.01
12/04/2011;09:00:00;1.00;16.586;37.131;6.14
19/04/2011;09:00:00;50.00;13.519;38.011;5.96
19/04/2011;09:00:00;1.00;15.730;37.625;5.97
26/04/2011;09:00:00;50.00;14.966;38.016;5.87
26/04/2011;09:00:00;1.00;15.843;37.777;5.87
03/05/2011;09:00:00;50.00;15.679;37.938;5.89
03/05/2011;09:00:00;1.00;16.735;37.783;5.83
10/05/2011;09:00:00;50.00;14.541;38.039;5.89
10/05/2011;09:00:00;1.00;17.866;37.802;5.77
17/05/2011;09:00:00;50.00;15.372;38.002;6.02
17/05/2011;09:00:00;1.00;18.550;37.800;5.72
24/05/2011;09:00:00;50.00;14.375;38.033;5.91
24/05/2011;09:00:00;1.00;20.268;37.698;5.82
31/05/2011;09:00:00;50.00;14.690;38.033;5.96
31/05/2011;09:00:00;1.00;19.954;37.927;5.71
07/06/2011;09:00:00;50.00;14.951;38.031;5.99
07/06/2011;09:00:00;1.00;20.380;37.775;5.42
14/06/2011;09:00:00;50.00;14.193;38.045;5.57
14/06/2011;09:00:00;1.00;21.242;37.921;5.35
21/06/2011;09:00:00;50.00;16.090;37.993;5.80
21/06/2011;09:00:00;1.00;21.680;37.908;5.32
28/06/2011;09:00:00;50.00;15.304;38.019;5.91
28/06/2011;09:00:00;1.00;24.238;37.826;5.11
05/07/2011;09:00:00;50.00;14.605;38.024;5.90
05/07/2011;09:00:00;1.00;24.498;37.838;5.03
12/07/2011;09:00:00;50.00;15.717;38.001;5.99
12/07/2011;09:00:00;1.00;25.266;37.982;4.93
19/07/2011;09:00:00;50.00;14.873;38.021;6.35
19/07/2011;09:00:00;1.00;20.264;38.012;5.38
26/07/2011;09:00:00;50.00;15.816;37.986;999999
26/07/2011;09:00:00;1.00;23.582;38.034;999999
02/08/2011;09:00:00;50.00;14.909;38.000;999999
02/08/2011;09:00:00;1.00;23.820;37.994;999999
09/08/2011;09:00:00;50.00;14.941;37.998;5.65
09/08/2011;09:00:00;1.00;21.724;38.028;5.37
16/08/2011;09:00:00;50.00;15.459;37.984;6.02
16/08/2011;09:00:00;1.00;24.181;38.112;4.95
23/08/2011;09:00:00;50.00;15.413;37.983;6.09
23/08/2011;09:00:00;1.00;25.909;38.113;4.96
30/08/2011;09:00:00;50.00;15.353;37.986;999999
30/08/2011;09:00:00;1.00;24.461;38.192;999999
06/09/2011;09:00:00;50.00;16.137;37.971;999999
06/09/2011;09:00:00;1.00;24.484;38.248;999999
13/09/2011;09:00:00;50.00;15.408;37.984;5.97
13/09/2011;09:00:00;1.00;25.153;38.253;4.90
20/09/2011;09:00:00;1.00;22.806;999999;999999
20/09/2011;09:00:00;50.00;15.354;999999;999999
27/09/2011;09:00:00;50.00;16.045;37.982;6.00
27/09/2011;09:00:00;1.00;22.877;38.212;5.06
04/10/2011;09:00:00;50.00;15.530;37.977;5.71
04/10/2011;09:00:00;1.00;21.195;38.223;5.04
11/10/2011;09:00:00;50.00;999999;37.975;5.73
11/10/2011;09:00:00;1.00;999999;38.198;5.25
18/10/2011;09:00:00;50.00;18.902;999999;5.62
18/10/2011;09:00:00;1.00;19.124;999999;5.23
26/10/2011;09:00:00;50.00;18.875;38.242;5.48
26/10/2011;09:00:00;1.00;19.387;38.175;5.23
02/11/2011;09:00:00;50.00;18.827;38.230;5.52
02/11/2011;09:00:00;1.00;18.451;38.225;5.38
10/11/2011;09:00:00;50.00;18.538;38.093;5.42
10/11/2011;09:00:00;1.00;18.607;37.846;5.34
15/11/2011;09:00:00;50.00;18.135;38.082;5.56
15/11/2011;09:00:00;1.00;18.117;38.065;5.31
22/11/2011;09:00:00;50.00;17.806;38.139;5.52
22/11/2011;09:00:00;1.00;17.810;38.134;5.34
29/11/2011;09:00:00;50.00;999999;38.084;5.49
29/11/2011;09:00:00;1.00;999999;38.081;5.42
06/12/2011;09:00:00;50.00;17.278;999999;5.45
06/12/2011;09:00:00;1.00;17.283;999999;5.34
13/12/2011;09:00:00;50.00;15.095;38.098;999999
13/12/2011;09:00:00;1.00;15.341;38.098;999999
19/12/2011;09:00:00;50.00;15.095;38.052;999999
19/12/2011;09:00:00;1.00;15.341;38.080;999999
03/01/2012;09:00:00;50.00;999999;999999;999999
03/01/2012;09:00:00;1.00;999999;999999;999999
10/01/2012;09:00:00;50.00;15.123;38.089;5.73
10/01/2012;09:00:00;1.00;15.110;38.088;5.59
17/01/2012;09:00:00;50.00;14.818;38.103;5.75
17/01/2012;09:00:00;1.00;14.801;38.102;5.53
24/01/2012;09:00:00;50.00;14.570;38.111;999999
24/01/2012;09:00:00;1.00;14.557;38.111;999999
31/01/2012;09:00:00;50.00;14.370;38.109;5.43
31/01/2012;09:00:00;1.00;14.365;38.088;5.48
07/02/2012;09:00:00;50.00;13.579;38.154;5.65
07/02/2012;09:00:00;1.00;999999;999999;5.53
14/02/2012;09:00:00;50.00;13.166;38.213;5.72
14/02/2012;09:00:00;1.00;13.150;38.216;5.56
21/02/2012;09:00:00;50.00;13.413;38.162;5.83
21/02/2012;09:00:00;1.00;13.407;38.150;5.69
28/02/2012;09:00:00;50.00;13.368;38.176;5.89
28/02/2012;09:00:00;1.00;13.469;38.172;5.85
06/03/2012;09:00:00;50.00;13.416;38.177;6.00
06/03/2012;09:00:00;1.00;13.389;38.125;5.89
13/03/2012;09:00:00;50.00;999999;999999;5.80
13/03/2012;09:00:00;1.00;999999;999999;5.96
20/03/2012;09:00:00;50.00;13.446;38.151;6.02
20/03/2012;09:00:00;1.00;13.467;38.150;6.05
27/03/2012;09:00:00;50.00;13.509;38.158;6.07
27/03/2012;09:00:00;1.00;14.279;38.139;6.14
03/04/2012;09:00:00;50.00;13.945;38.140;6.23
03/04/2012;09:00:00;1.00;15.237;38.130;6.14
10/04/2012;09:00:00;50.00;13.614;38.146;5.79
10/04/2012;09:00:00;1.00;14.547;38.157;5.92
17/04/2012;09:00:00;50.00;14.380;38.100;5.92
17/04/2012;09:00:00;1.00;14.794;38.034;6.00
25/04/2012;09:00:00;50.00;13.311;38.194;5.47
25/04/2012;09:00:00;1.00;13.792;38.088;5.75
02/05/2012;09:00:00;50.00;14.323;38.133;5.86
02/05/2012;09:00:00;1.00;15.172;37.886;5.90
09/05/2012;09:00:00;50.00;14.373;38.165;5.80
09/05/2012;09:00:00;1.00;16.736;37.635;5.83
15/05/2012;09:00:00;50.00;15.885;38.110;5.90
15/05/2012;09:00:00;1.00;17.448;38.018;5.71
22/05/2012;09:00:00;50.00;16.091;38.178;5.68
22/05/2012;09:00:00;1.00;16.697;37.991;5.59
29/05/2012;09:00:00;50.00;14.994;38.158;5.50
29/05/2012;09:00:00;1.00;18.980;37.944;5.62
05/06/2012;09:00:00;50.00;15.102;38.143;999999
05/06/2012;09:00:00;1.00;20.658;37.757;999999
13/06/2012;09:00:00;50.00;14.436;38.148;5.54
13/06/2012;09:00:00;1.00;16.194;38.122;5.61
19/06/2012;09:00:00;50.00;14.655;38.125;5.73
19/06/2012;09:00:00;1.00;23.218;37.969;5.34
26/06/2012;09:00:00;50.00;15.231;38.123;5.60
26/06/2012;09:00:00;1.00;23.845;37.988;5.02
03/07/2012;09:00:00;50.00;14.786;38.121;5.83
03/07/2012;09:00:00;1.00;25.579;37.967;4.94
10/07/2012;09:00:00;50.00;14.835;38.106;5.86
10/07/2012;09:00:00;1.00;26.106;38.159;4.98
17/07/2012;09:00:00;50.00;15.507;38.094;5.83
17/07/2012;09:00:00;1.00;21.934;38.115;5.28
24/07/2012;09:00:00;50.00;16.278;38.023;6.03
24/07/2012;09:00:00;1.00;23.033;38.206;5.13
31/07/2012;09:00:00;50.00;14.953;38.127;5.75
31/07/2012;09:00:00;1.00;23.303;38.230;5.14
07/08/2012;09:00:00;50.00;14.390;38.139;5.78
07/08/2012;09:00:00;1.00;25.273;38.309;4.95
21/08/2012;09:00:00;50.00;14.879;38.123;5.93
21/08/2012;09:00:00;1.00;26.736;38.373;4.76
28/08/2012;09:00:00;50.00;16.122;38.095;6.26
28/08/2012;09:00:00;1.00;25.877;38.350;4.99
05/09/2012;09:00:00;50.00;17.687;38.096;6.60
05/09/2012;09:00:00;1.00;24.259;38.393;5.32
11/09/2012;09:00:00;50.00;14.515;38.124;6.02
11/09/2012;09:00:00;1.00;24.023;38.347;5.20
18/09/2012;09:00:00;50.00;14.834;38.107;5.93
18/09/2012;09:00:00;1.00;23.035;38.381;5.15
25/09/2012;09:00:00;50.00;14.351;38.122;5.78
25/09/2012;09:00:00;1.00;22.314;38.353;5.23
02/10/2012;09:00:00;50.00;19.319;38.144;5.71
02/10/2012;09:00:00;1.00;21.854;38.232;5.12
09/10/2012;09:00:00;50.00;19.751;38.194;6.46
09/10/2012;09:00:00;1.00;22.017;38.318;5.81
16/10/2012;09:00:00;50.00;15.253;38.078;5.88
16/10/2012;09:00:00;1.00;21.468;38.219;5.84
23/10/2012;09:00:00;50.00;18.862;38.209;5.48
23/10/2012;09:00:00;1.00;20.780;38.279;6.27
30/10/2012;09:00:00;50.00;20.001;38.242;5.77
30/10/2012;09:00:00;1.00;20.021;38.243;5.45
07/11/2012;09:00:00;50.00;999999;999999;5.65
07/11/2012;09:00:00;1.00;999999;999999;5.62
13/11/2012;09:00:00;50.00;18.137;38.098;5.34
13/11/2012;09:00:00;1.00;18.051;38.017;5.48
20/11/2012;09:00:00;50.00;17.380;38.147;5.39
20/11/2012;09:00:00;1.00;17.464;38.082;5.47
27/11/2012;09:00:00;50.00;17.305;38.146;5.36
27/11/2012;09:00:00;1.00;17.470;38.118;5.50
05/12/2012;09:00:00;50.00;16.901;38.121;5.38
05/12/2012;09:00:00;1.00;16.916;38.113;5.48
11/12/2012;09:00:00;50.00;16.320;38.123;5.39
11/12/2012;09:00:00;1.00;16.322;38.124;5.51
18/12/2012;09:00:00;50.00;15.815;38.092;5.44
18/12/2012;09:00:00;1.00;15.810;38.094;5.62
28/12/2012;09:00:00;50.00;14.821;37.975;5.58
28/12/2012;09:00:00;1.00;999999;999999;5.64
04/01/2013;09:00:00;50.00;14.526;37.916;5.98
04/01/2013;09:00:00;1.00;14.523;37.914;5.82
08/01/2013;09:00:00;50.00;14.411;38.019;5.74
08/01/2013;09:00:00;1.00;14.391;37.993;5.85
15/01/2013;09:00:00;50.00;14.192;38.016;5.59
15/01/2013;09:00:00;1.00;14.171;38.021;5.65
22/01/2013;09:00:00;1.00;13.705;38.033;5.69
22/01/2013;09:00:00;50.00;13.725;38.036;5.63
29/01/2013;09:00:00;50.00;13.484;38.035;999999
29/01/2013;09:00:00;1.00;13.445;38.025;999999
05/02/2013;09:00:00;50.00;13.701;38.148;5.64
05/02/2013;09:00:00;1.00;13.219;37.961;5.76
12/02/2013;09:00:00;50.00;13.448;38.114;5.57
12/02/2013;09:00:00;1.00;13.460;38.112;5.66
19/02/2013;09:00:00;50.00;13.283;38.109;5.66
19/02/2013;09:00:00;1.00;13.265;38.107;5.71
25/02/2013;09:00:00;50.00;13.185;38.163;5.61
25/02/2013;09:00:00;1.00;13.125;38.147;5.76
07/03/2013;09:00:00;50.00;13.224;38.211;5.55
07/03/2013;09:00:00;1.00;13.095;37.963;5.63
12/03/2013;09:00:00;50.00;13.235;38.107;8.39
12/03/2013;09:00:00;1.00;13.284;37.396;6.67
20/03/2013;09:00:00;50.00;13.269;38.133;6.15
20/03/2013;09:00:00;1.00;12.938;37.793;6.49
26/03/2013;09:00:00;50.00;13.193;37.811;6.01
26/03/2013;09:00:00;1.00;12.998;37.537;6.04
02/04/2013;09:00:00;50.00;13.269;38.002;5.67
02/04/2013;09:00:00;1.00;13.057;37.629;5.95
09/04/2013;09:00:00;50.00;13.451;37.925;999999
09/04/2013;09:00:00;1.00;13.564;37.649;999999
16/04/2013;09:00:00;50.00;13.536;37.993;999999
16/04/2013;09:00:00;1.00;14.678;37.688;999999
26/04/2013;09:00:00;50.00;14.274;37.958;6.22
26/04/2013;09:00:00;1.00;16.071;37.234;5.97
30/04/2013;09:00:00;50.00;14.701;37.998;5.92
30/04/2013;09:00:00;1.00;15.578;37.475;5.89
07/05/2013;09:00:00;50.00;13.999;38.184;5.64
07/05/2013;09:00:00;1.00;17.842;37.092;5.82
14/05/2013;09:00:00;50.00;14.282;38.147;5.77
14/05/2013;09:00:00;1.00;18.851;37.501;5.82
21/05/2013;09:00:00;50.00;13.986;38.194;5.39
21/05/2013;09:00:00;1.00;16.597;37.450;5.69
28/05/2013;09:00:00;50.00;14.314;38.144;5.64
28/05/2013;09:00:00;1.00;16.982;37.550;5.74
04/06/2013;09:00:00;50.00;14.053;38.168;5.39
04/06/2013;09:00:00;1.00;18.556;37.798;5.49
11/06/2013;09:00:00;50.00;14.055;38.180;5.59
11/06/2013;09:00:00;1.00;18.161;37.814;5.42
18/06/2013;09:00:00;50.00;15.098;38.130;5.88
18/06/2013;09:00:00;1.00;20.860;37.678;5.57
25/06/2013;09:00:00;50.00;15.453;38.190;5.62
25/06/2013;09:00:00;1.00;21.818;37.955;5.38
02/07/2013;09:00:00;50.00;15.428;38.161;6.19
02/07/2013;09:00:00;1.00;22.018;38.013;5.85
09/07/2013;09:00:00;50.00;15.547;38.145;6.20
09/07/2013;09:00:00;1.00;22.636;38.060;5.65
16/07/2013;09:00:00;50.00;15.001;38.102;5.85
16/07/2013;09:00:00;1.00;24.748;38.058;5.17
23/07/2013;09:00:00;50.00;14.899;38.107;5.36
23/07/2013;09:00:00;1.00;25.752;37.951;5.27
30/07/2013;09:00:00;50.00;14.244;38.069;5.82
30/07/2013;09:00:00;1.00;24.659;37.917;5.29
06/08/2013;09:00:00;50.00;15.621;38.046;6.30
06/08/2013;09:00:00;1.00;26.338;37.971;5.53
20/08/2013;09:00:00;50.00;15.062;38.038;6.27
20/08/2013;09:00:00;1.00;26.081;38.146;5.39
28/08/2013;09:00:00;50.00;15.494;37.977;6.11
28/08/2013;09:00:00;1.00;24.770;38.144;5.24
03/09/2013;09:00:00;50.00;15.192;38.001;5.54
03/09/2013;09:00:00;1.00;24.667;38.064;4.79
11/09/2013;09:00:00;50.00;15.726;37.959;4.49
11/09/2013;09:00:00;1.00;23.351;38.141;5.22
18/09/2013;09:00:00;50.00;15.624;37.955;5.69
18/09/2013;09:00:00;1.00;22.074;38.229;6.03
24/09/2013;09:00:00;50.00;15.196;37.959;5.86
24/09/2013;09:00:00;1.00;22.553;38.201;5.27
08/10/2013;09:00:00;50.00;20.032;38.178;5.56
08/10/2013;09:00:00;1.00;20.491;38.075;5.70
15/10/2013;09:00:00;50.00;18.039;38.025;4.64
15/10/2013;09:00:00;1.00;18.951;38.093;5.55
22/10/2013;09:00:00;50.00;17.166;38.017;5.55
22/10/2013;09:00:00;1.00;19.907;38.074;5.48
29/10/2013;09:00:00;50.00;19.300;38.122;5.44
29/10/2013;09:00:00;1.00;19.726;37.988;5.41
05/11/2013;09:00:00;50.00;16.377;38.047;5.38
05/11/2013;09:00:00;1.00;18.976;38.086;5.38
12/11/2013;09:00:00;50.00;18.220;38.125;5.36
12/11/2013;09:00:00;1.00;18.567;38.151;5.25
21/11/2013;09:00:00;50.00;999999;999999;5.48
21/11/2013;09:00:00;1.00;999999;999999;999999
27/11/2013;09:00:00;50.00;17.095;38.151;5.44
27/11/2013;09:00:00;1.00;17.087;38.149;5.43
03/12/2013;09:00:00;50.00;15.930;38.188;5.42
03/12/2013;09:00:00;1.00;16.554;38.186;5.65
10/12/2013;09:00:00;50.00;16.174;38.197;5.51
10/12/2013;09:00:00;1.00;16.175;38.200;5.72
17/12/2013;09:00:00;50.00;15.807;38.180;4.90
17/12/2013;09:00:00;1.00;15.793;38.179;5.35
23/12/2013;09:00:00;50.00;15.743;38.167;5.86
23/12/2013;09:00:00;1.00;15.630;38.118;5.78
07/01/2014;09:00:00;50.00;14.972;37.934;4.84
07/01/2014;09:00:00;1.00;14.673;37.702;5.41
14/01/2014;09:00:00;50.00;14.980;38.073;5.65
14/01/2014;09:00:00;1.00;14.609;37.747;5.82
21/01/2014;09:00:00;50.00;14.926;37.952;5.66
21/01/2014;09:00:00;1.00;13.554;35.586;5.53
28/01/2014;09:00:00;50.00;14.804;37.873;5.63
28/01/2014;09:00:00;1.00;14.285;37.523;5.95
05/02/2014;09:00:00;50.00;14.439;38.007;5.61
05/02/2014;09:00:00;1.00;14.110;37.859;5.67
11/02/2014;09:00:00;50.00;14.191;37.881;5.60
11/02/2014;09:00:00;1.00;13.918;37.797;5.40
18/02/2014;09:00:00;50.00;14.228;37.839;5.55
18/02/2014;09:00:00;1.00;13.497;37.090;6.06
25/02/2014;09:00:00;50.00;14.189;37.767;5.61
25/02/2014;09:00:00;1.00;13.915;37.500;5.67
04/03/2014;09:00:00;50.00;14.274;37.878;5.72
04/03/2014;09:00:00;1.00;13.995;37.676;5.86
11/03/2014;09:00:00;50.00;14.264;37.817;5.36
11/03/2014;09:00:00;1.00;14.146;37.528;5.72
19/03/2014;09:00:00;50.00;14.358;37.820;5.36
19/03/2014;09:00:00;1.00;14.979;37.641;5.91
25/03/2014;09:00:00;50.00;14.345;38.013;4.85
25/03/2014;09:00:00;1.00;14.423;37.524;5.78
01/04/2014;09:00:00;50.00;14.383;37.931;4.79
01/04/2014;09:00:00;1.00;14.789;37.777;6.13
08/04/2014;09:00:00;50.00;14.522;37.832;5.86
08/04/2014;09:00:00;1.00;15.443;37.745;5.90
15/04/2014;09:00:00;50.00;14.593;37.868;5.79
15/04/2014;09:00:00;1.00;16.653;37.322;5.94
22/04/2014;09:00:00;50.00;15.342;37.785;5.87
22/04/2014;09:00:00;1.00;15.660;37.607;5.85
29/04/2014;09:00:00;50.00;14.617;37.937;5.72
29/04/2014;09:00:00;1.00;16.311;37.384;5.99
06/05/2014;09:00:00;50.00;15.069;37.899;5.88
06/05/2014;09:00:00;1.00;17.551;37.695;5.88
13/05/2014;09:00:00;50.00;14.925;37.926;5.83
13/05/2014;09:00:00;1.00;16.898;37.771;6.06
20/05/2014;09:00:00;50.00;17.126;37.818;5.58
20/05/2014;09:00:00;1.00;17.697;37.739;5.49
27/05/2014;09:00:00;50.00;15.413;38.002;5.08
27/05/2014;09:00:00;1.00;18.247;37.796;999999
03/06/2014;09:00:00;50.00;14.806;38.001;5.31
03/06/2014;09:00:00;1.00;19.617;37.734;5.84
10/06/2014;09:00:00;50.00;15.256;37.964;4.78
10/06/2014;09:00:00;1.00;20.316;37.692;4.65
17/06/2014;09:00:00;50.00;16.030;37.963;5.13
17/06/2014;09:00:00;1.00;21.546;37.842;4.57
24/06/2014;09:00:00;50.00;15.592;37.989;5.31
24/06/2014;09:00:00;1.00;23.142;37.750;5.12
01/07/2014;09:00:00;50.00;16.655;38.007;5.99
01/07/2014;09:00:00;1.00;23.140;37.900;5.35
08/07/2014;09:00:00;50.00;16.435;37.964;5.52
08/07/2014;09:00:00;1.00;23.100;37.892;5.35
15/07/2014;09:00:00;50.00;16.809;37.959;4.52
15/07/2014;09:00:00;1.00;23.368;37.908;5.30
22/07/2014;09:00:00;50.00;15.953;37.979;5.99
22/07/2014;09:00:00;1.00;23.701;37.923;5.34
30/07/2014;09:00:00;50.00;16.309;37.951;6.10
30/07/2014;09:00:00;1.00;23.445;38.056;5.22
05/08/2014;09:00:00;50.00;16.351;37.956;5.98
05/08/2014;09:00:00;1.00;25.173;38.002;5.13
19/08/2014;09:00:00;50.00;16.073;37.958;5.99
19/08/2014;09:00:00;1.00;24.541;38.000;5.11
26/08/2014;09:00:00;50.00;16.998;37.951;5.83
26/08/2014;09:00:00;1.00;24.229;38.021;5.31
02/09/2014;09:00:00;50.00;17.339;37.958;5.99
02/09/2014;09:00:00;1.00;24.079;38.030;5.20
09/09/2014;09:00:00;50.00;16.198;37.946;6.03
09/09/2014;09:00:00;1.00;24.012;38.008;5.30
15/09/2014;09:00:00;50.00;15.783;37.952;5.89
15/09/2014;09:00:00;1.00;23.689;38.183;5.22
23/09/2014;09:00:00;50.00;20.147;38.087;5.73
23/09/2014;09:00:00;1.00;23.431;38.197;5.19
30/09/2014;09:00:00;50.00;21.623;38.142;999999
30/09/2014;09:00:00;1.00;22.949;38.196;999999
07/10/2014;09:00:00;50.00;19.619;38.088;5.20
07/10/2014;09:00:00;1.00;22.904;38.183;5.18
14/10/2014;09:00:00;50.00;22.233;38.180;5.25
14/10/2014;09:00:00;1.00;22.745;38.185;5.05
21/10/2014;09:00:00;50.00;20.706;38.115;5.41
21/10/2014;09:00:00;1.00;22.553;38.092;4.86
29/10/2014;09:00:00;50.00;21.074;38.156;5.27
29/10/2014;09:00:00;1.00;21.423;38.174;5.24
06/11/2014;09:00:00;50.00;20.349;38.175;5.30
06/11/2014;09:00:00;1.00;20.043;37.397;5.36
12/11/2014;09:00:00;50.00;20.051;38.042;5.25
12/11/2014;09:00:00;1.00;19.627;37.588;5.28
18/11/2014;09:00:00;50.00;19.586;37.957;5.25
18/11/2014;09:00:00;1.00;19.471;37.883;5.29
25/11/2014;09:00:00;50.00;18.971;37.978;5.32
25/11/2014;09:00:00;1.00;18.962;37.603;5.35
02/12/2014;09:00:00;50.00;18.428;37.908;5.62
02/12/2014;09:00:00;1.00;17.978;37.281;5.47
09/12/2014;09:00:00;50.00;18.144;37.868;5.56
09/12/2014;09:00:00;1.00;17.709;37.695;5.49
16/12/2014;09:00:00;50.00;17.687;37.842;5.34
16/12/2014;09:00:00;1.00;17.690;37.840;5.42
22/12/2014;09:00:00;50.00;17.454;37.843;5.44
22/12/2014;09:00:00;1.00;17.455;37.842;5.51
06/01/2015;07:56:53;1.00;16.118;37.943;5.40
06/01/2015;07:58:26;50.00;16.056;37.945;5.64
12/01/2015;07:42:27;1.00;15.776;37.963;5.65
12/01/2015;07:43:30;50.00;15.802;37.964;5.57
20/01/2015;07:44:32;1.00;15.381;37.974;5.64
20/01/2015;07:45:35;50.00;15.398;37.973;5.64
27/01/2015;07:48:33;1.00;14.899;37.986;5.75
27/01/2015;07:49:40;50.00;14.931;37.999;5.72
03/02/2015;07:49:42;1.00;14.434;38.044;5.60
03/02/2015;07:50:55;50.00;14.446;38.049;5.60
10/02/2015;07:38:55;1.00;13.969;38.060;5.61
10/02/2015;07:40:09;50.00;13.981;38.060;5.62
17/02/2015;07:43:26;1.00;13.890;37.988;5.67
17/02/2015;07:44:39;50.00;13.885;38.003;5.65
24/02/2015;07:45:09;1.00;13.740;37.907;5.82
24/02/2015;07:46:25;50.00;13.856;37.966;5.71
03/03/2015;08:30:32;1.00;13.956;38.005;5.72
03/03/2015;08:31:43;50.00;13.918;38.067;5.55
10/03/2015;07:35:54;1.00;13.743;37.911;5.80
10/03/2015;07:37:01;50.00;13.868;38.027;5.57
17/03/2015;07:47:53;1.00;13.779;38.007;5.75
17/03/2015;07:48:54;50.00;13.785;38.010;5.63
24/03/2015;07:43:06;1.00;13.976;37.917;5.88
24/03/2015;07:44:06;50.00;13.790;37.982;5.67
31/03/2015;06:51:44;1.00;14.339;37.903;5.91
31/03/2015;06:52:55;50.00;13.862;37.974;5.81
07/04/2015;06:45:33;1.00;14.315;37.908;5.89
07/04/2015;06:48:00;50.00;14.140;37.954;5.78
14/04/2015;07:05:14;1.00;15.799;37.762;6.04
14/04/2015;07:07:13;50.00;14.261;37.893;5.89
21/04/2015;06:30:18;1.00;15.927;37.748;5.86
21/04/2015;06:31:17;50.00;14.447;37.888;5.74
28/04/2015;06:26:41;1.00;16.170;37.668;5.79
28/04/2015;06:27:44;50.00;14.767;37.947;5.84
05/05/2015;07:30:42;1.00;16.893;37.709;5.86
05/05/2015;07:32:01;50.00;14.903;37.934;5.82
12/05/2015;06:28:34;1.00;18.892;37.606;5.84
12/05/2015;06:29:26;50.00;14.596;37.945;5.73
19/05/2015;06:37:39;1.00;18.506;37.484;5.73
19/05/2015;06:38:45;50.00;14.599;37.935;5.83
26/05/2015;06:39:56;1.00;19.105;37.810;5.99
26/05/2015;06:41:07;50.00;15.375;37.912;5.88
02/06/2015;06:24:11;1.00;20.236;37.762;5.49
02/06/2015;06:25:17;50.00;14.960;37.956;5.82
09/06/2015;06:45:11;1.00;21.516;37.798;5.60
09/06/2015;06:46:02;50.00;14.580;38.005;5.97
16/06/2015;06:31:37;1.00;22.856;37.774;5.25
16/06/2015;06:32:38;50.00;14.645;37.979;5.86
22/06/2015;06:36:18;1.00;23.867;37.649;5.15
22/06/2015;06:38:45;50.00;15.112;37.963;5.96
30/06/2015;07:00:52;1.00;24.290;37.970;5.17
30/06/2015;07:02:18;50.00;15.701;37.957;6.07
07/07/2015;06:52:04;1.00;25.436;37.749;5.08
07/07/2015;06:53:08;50.00;14.902;37.981;5.98
15/07/2015;06:50:45;1.00;27.487;38.068;4.81
15/07/2015;06:51:49;50.00;14.750;37.977;5.94
21/07/2015;06:32:59;1.00;27.783;38.117;4.91
21/07/2015;06:33:57;50.00;15.275;37.953;6.14
28/07/2015;14:19:00;1.00;25.947;38.131;5.16
28/07/2015;14:23:00;50.00;15.297;37.938;6.30
04/08/2015;06:48:52;1.00;26.792;38.205;4.87
04/08/2015;06:50:07;50.00;15.120;37.966;6.00
11/08/2015;06:39:27;1.00;26.093;38.161;4.98
11/08/2015;06:40:31;50.00;14.959;37.975;5.99
25/08/2015;07:28:00;1.00;24.942;38.228;4.91
25/08/2015;07:29:10;50.00;15.539;37.951;6.21
01/09/2015;06:51:17;1.00;25.727;38.276;4.92
01/09/2015;06:52:56;50.00;15.389;37.960;6.01
08/09/2015;06:51:44;1.00;24.031;38.279;5.07
08/09/2015;06:53:02;50.00;15.456;37.961;6.03
15/09/2015;07:08:40;1.00;23.681;38.291;5.04
15/09/2015;07:09:42;50.00;15.531;37.990;6.10
22/09/2015;06:44:20;1.00;23.069;38.286;5.17
22/09/2015;06:45:18;50.00;17.482;37.976;6.23
29/09/2015;06:35:57;1.00;21.998;38.368;5.00
29/09/2015;06:37:01;50.00;21.662;38.390;5.10
06/10/2015;06:44:41;1.00;20.629;38.108;5.20
06/10/2015;06:45:49;50.00;19.609;38.333;5.32
13/10/2015;07:04:57;1.00;20.438;38.133;5.17
13/10/2015;07:06:08;50.00;20.191;38.326;5.08
20/10/2015;06:43:39;1.00;20.163;38.350;5.12
20/10/2015;06:44:56;50.00;20.099;38.347;4.83
27/10/2015;07:45:05;1.00;19.498;38.352;5.38
27/10/2015;07:46:37;50.00;18.841;38.295;5.18
03/11/2015;08:14:21;1.00;18.483;38.298;5.34
03/11/2015;08:18:13;50.00;18.158;38.266;5.37
10/11/2015;08:00:00;50.00;999999;999999;4.92
10/11/2015;08:00:00;1.00;999999;999999;4.80
17/11/2015;08:25:06;1.00;18.490;38.261;5.34
17/11/2015;08:25:48;50.00;18.325;38.260;5.31
24/11/2015;08:10:55;1.00;18.054;38.258;5.24
24/11/2015;08:11:43;50.00;18.028;38.260;5.29
01/12/2015;08:16:57;1.00;16.890;38.225;5.33
01/12/2015;08:17:45;50.00;16.909;38.240;5.33
08/12/2015;08:37:53;1.00;17.015;38.244;5.38
08/12/2015;08:38:39;50.00;17.014;38.247;5.37
15/12/2015;08:07:42;1.00;16.458;38.229;5.44
15/12/2015;08:08:27;50.00;16.457;38.232;5.31
22/12/2015;08:17:35;1.00;16.368;38.219;5.44
22/12/2015;08:18:29;50.00;16.340;38.227;5.41
05/01/2016;08:15:38;1.00;15.623;38.209;5.46
05/01/2016;08:16:26;50.00;15.622;38.211;5.44
13/01/2016;08:26:14;1.00;14.756;38.212;5.46
13/01/2016;08:27:05;50.00;13.991;38.354;4.62
19/01/2016;07:58:25;1.00;14.420;38.221;5.52
19/01/2016;07:59:26;50.00;14.434;38.222;5.52
26/01/2016;08:02:09;1.00;14.276;38.207;5.52
26/01/2016;08:02:53;50.00;14.286;38.209;5.53
02/02/2016;12:54:12;1.00;14.187;38.146;5.70
02/02/2016;12:55:59;50.00;14.120;38.197;4.63
09/02/2016;08:32:18;1.00;14.012;38.162;5.77
09/02/2016;08:33:59;50.00;14.065;38.184;5.71
16/02/2016;08:40:34;1.00;13.893;38.198;5.69
16/02/2016;08:42:26;50.00;13.896;38.198;5.68
23/02/2016;08:18:10;1.00;13.827;38.167;5.74
23/02/2016;08:19:24;50.00;13.834;38.183;5.66
01/03/2016;07:59:24;1.00;13.488;37.851;5.94
01/03/2016;08:00:39;50.00;13.533;37.888;5.85
09/03/2016;08:19:36;1.00;13.443;37.955;5.91
09/03/2016;08:21:22;50.00;13.559;38.003;5.83
15/03/2016;08:36:53;1.00;13.568;37.917;5.91
15/03/2016;08:38:43;50.00;13.553;37.924;5.87
22/03/2016;07:50:33;1.00;13.778;37.816;6.00
22/03/2016;07:53:24;50.00;13.621;37.998;5.78
29/03/2016;06:48:42;1.00;14.102;37.860;6.19
29/03/2016;06:50:17;50.00;13.755;38.079;5.86
05/04/2016;07:17:31;1.00;14.513;38.008;6.22
05/04/2016;07:19:10;50.00;14.277;38.093;6.08
12/04/2016;06:54:25;1.00;15.308;37.954;5.97
12/04/2016;06:55:45;50.00;14.444;38.140;5.70
19/04/2016;07:40:29;1.00;15.998;37.901;5.88
19/04/2016;07:43:46;50.00;14.397;38.155;5.65
25/04/2016;08:06:22;1.00;15.969;38.007;5.71
25/04/2016;08:07:41;50.00;15.256;38.085;5.95
03/05/2016;07:04:14;1.00;15.820;38.099;5.82
03/05/2016;07:05:13;50.00;15.627;38.118;5.69
10/05/2016;07:20:32;1.00;16.451;38.045;5.69
10/05/2016;07:22:11;50.00;16.163;38.115;5.70
17/05/2016;06:58:44;1.00;17.894;38.043;5.76
17/05/2016;07:00:23;50.00;15.912;38.131;5.67
24/05/2016;07:03:12;1.00;17.255;38.071;5.68
24/05/2016;07:04:27;50.00;14.693;38.200;5.52
01/06/2016;07:34:35;1.00;17.560;38.077;5.41
01/06/2016;07:36:00;50.00;15.472;38.128;5.65
07/06/2016;07:13:01;1.00;20.266;38.036;5.43
07/06/2016;07:14:42;50.00;15.920;38.110;5.70
14/06/2016;06:38:47;1.00;21.711;37.945;5.35
14/06/2016;06:40:42;50.00;15.667;38.122;5.79
21/06/2016;06:43:55;1.00;18.911;37.970;5.54
21/06/2016;06:45:32;50.00;16.342;38.111;5.76
28/06/2016;06:59:04;1.00;22.840;37.993;5.35
28/06/2016;07:00:20;50.00;16.858;38.137;5.88
05/07/2016;06:58:24;1.00;24.204;37.672;5.20
05/07/2016;06:59:59;50.00;16.395;38.135;5.82
12/07/2016;07:16:21;1.00;26.458;38.086;5.05
12/07/2016;07:17:44;50.00;16.230;38.123;5.79
19/07/2016;06:59:02;1.00;22.525;38.167;5.20
19/07/2016;07:00:55;50.00;16.304;38.126;5.75
26/07/2016;07:05:20;1.00;24.158;38.244;5.01
26/07/2016;07:06:36;50.00;16.007;38.119;5.78
02/08/2016;07:26:00;1.00;25.734;38.261;4.98
02/08/2016;07:29:00;50.00;15.568;38.094;5.80
16/08/2016;07:26:00;1.00;25.166;38.252;4.99
16/08/2016;07:29:00;50.00;15.096;38.116;5.71
23/08/2016;07:26:00;1.00;24.959;38.370;4.96
23/08/2016;07:29:00;50.00;17.088;38.035;6.08
31/08/2016;07:26:00;1.00;24.969;38.319;5.02
31/08/2016;07:29:00;50.00;15.617;38.072;5.97
06/09/2016;08:29:58;1.00;25.581;38.328;4.88
06/09/2016;08:31:02;50.00;15.755;38.082;5.88
13/09/2016;07:30:34;1.00;24.874;38.089;5.45
13/09/2016;07:31:49;50.00;15.539;38.073;6.54
20/09/2016;08:45:30;1.00;23.385;38.297;5.04
20/09/2016;08:46:41;50.00;16.510;38.042;5.91
27/09/2016;09:13:49;1.00;23.428;38.216;5.13
27/09/2016;09:15:18;50.00;16.270;38.042;5.92
04/10/2016;08:44:25;1.00;22.312;38.295;5.15
04/10/2016;08:46:04;50.00;19.740;38.060;5.63
11/10/2016;08:18:29;1.00;21.839;38.299;5.14
11/10/2016;08:20:15;50.00;21.654;38.277;5.26
18/10/2016;09:04:48;1.00;20.828;38.269;5.14
18/10/2016;09:06:27;50.00;19.384;38.188;5.37
26/10/2016;09:04:39;1.00;20.270;38.240;5.16
26/10/2016;09:06:22;50.00;19.453;38.207;5.31
02/11/2016;10:09:14;1.00;19.804;38.222;5.32
02/11/2016;10:11:16;50.00;19.357;38.192;5.35
08/11/2016;09:55:17;1.00;18.347;38.166;5.36
08/11/2016;09:56:51;50.00;16.552;38.091;5.44
15/11/2016;10:03:01;1.00;18.307;38.203;5.34
15/11/2016;10:04:21;50.00;17.927;38.225;5.35
22/11/2016;09:51:18;1.00;17.412;38.069;5.40
22/11/2016;09:52:06;50.00;17.281;38.191;5.35
30/11/2016;09:44:35;1.00;17.270;38.088;5.42
30/11/2016;09:46:16;50.00;17.394;38.180;5.44
06/12/2016;10:18:00;1.00;17.015;38.163;5.37
06/12/2016;10:19:44;50.00;17.038;38.202;5.34
13/12/2016;10:06:04;1.00;16.650;38.178;5.48
13/12/2016;10:06:50;50.00;16.652;38.183;5.41
21/12/2016;10:38:26;1.00;16.244;38.196;5.51
21/12/2016;10:40:05;50.00;16.248;38.197;5.45
03/01/2017;09:53:47;1.00;15.674;38.124;5.58
03/01/2017;09:54:58;50.00;15.702;38.133;5.19
10/01/2017;07:33:15;1.00;15.294;38.155;5.60
10/01/2017;07:34:24;50.00;15.281;38.166;5.55
17/01/2017;07:48:48;1.00;14.661;38.170;5.50
17/01/2017;07:50:07;50.00;14.644;38.172;5.55
24/01/2017;08:11:05;1.00;14.138;38.199;5.61
24/01/2017;08:12:14;50.00;14.072;38.200;5.59
31/01/2017;08:11:46;1.00;13.917;38.203;5.64
31/01/2017;08:13:21;50.00;13.917;38.203;5.59
07/02/2017;08:06:42;1.00;13.868;38.208;5.67
07/02/2017;08:08:14;50.00;13.886;38.222;5.53
14/02/2017;07:51:27;1.00;13.726;38.213;5.65
14/02/2017;07:52:43;50.00;13.734;38.212;5.63
21/02/2017;07:53:16;1.00;13.801;38.220;5.78
21/02/2017;07:54:01;50.00;13.829;38.251;5.54
01/03/2017;07:30:13;1.00;13.658;38.039;5.68
01/03/2017;07:31:30;50.00;13.800;38.230;5.65
07/03/2017;07:48:34;1.00;13.717;38.214;5.68
07/03/2017;07:51:33;50.00;13.741;38.257;5.65
14/03/2017;08:32:56;1.00;14.115;38.199;5.94
14/03/2017;08:34:34;50.00;13.935;38.219;5.85
21/03/2017;08:00:22;1.00;14.652;38.129;5.92
21/03/2017;08:01:35;50.00;14.019;38.174;5.85
28/03/2017;06:55:12;1.00;14.388;38.045;5.94
28/03/2017;06:56:31;50.00;14.087;38.162;5.82
04/04/2017;08:14:05;1.00;14.592;38.029;5.97
04/04/2017;08:15:28;50.00;14.392;38.077;5.89
11/04/2017;06:53:48;1.00;16.196;37.943;5.89
11/04/2017;06:54:59;50.00;14.320;38.096;5.83
18/04/2017;06:53:38;1.00;17.179;37.900;5.78
18/04/2017;06:54:23;50.00;14.401;38.094;5.82
25/04/2017;06:48:53;1.00;15.954;38.044;5.84
25/04/2017;06:50:24;50.00;14.432;38.121;5.81
02/05/2017;06:50:17;1.00;15.880;38.014;5.88
02/05/2017;06:51:55;50.00;14.965;38.085;5.81
09/05/2017;06:50:40;1.00;16.633;38.019;5.88
09/05/2017;06:52:07;50.00;14.866;38.101;5.57
16/05/2017;06:48:02;1.00;17.525;37.972;5.79
16/05/2017;06:50:53;50.00;14.685;38.111;5.46
23/05/2017;07:02:08;1.00;19.434;38.008;5.77
23/05/2017;07:03:22;50.00;15.073;38.096;5.83
30/05/2017;06:53:21;1.00;21.265;37.913;5.54
30/05/2017;06:54:31;50.00;14.407;38.141;5.65
06/06/2017;07:03:39;1.00;22.888;38.009;5.26
06/06/2017;07:05:15;50.00;14.772;38.110;5.83
14/06/2017;06:58:20;1.00;22.988;38.083;5.21
14/06/2017;06:59:34;50.00;14.456;38.135;5.72
20/06/2017;08:27:39;1.00;23.981;38.033;5.21
20/06/2017;08:30:46;50.00;15.210;38.012;5.96
27/06/2017;07:00:01;1.00;24.463;38.087;5.09
27/06/2017;07:01:10;50.00;15.923;38.072;5.99
04/07/2017;06:50:02;1.00;21.162;38.149;5.44
04/07/2017;06:51:05;50.00;15.018;38.118;5.77
11/07/2017;06:55:11;1.00;24.944;38.210;5.07
11/07/2017;06:56:21;50.00;14.961;38.134;5.58
18/07/2017;06:45:54;1.00;25.607;38.252;5.03
18/07/2017;06:47:21;50.00;14.829;38.141;5.73
25/07/2017;06:51:43;1.00;24.910;38.281;4.95
25/07/2017;06:53:01;50.00;15.671;38.068;5.83
01/08/2017;06:42:59;1.00;26.006;38.340;4.90
01/08/2017;06:45:45;50.00;15.354;38.082;5.88
07/08/2017;06:52:34;1.00;26.635;38.323;4.82
07/08/2017;06:54:12;50.00;15.750;38.070;5.94
23/08/2017;12:11:00;1.00;25.194;38.251;4.88
23/08/2017;12:13:28;50.00;14.924;38.050;5.58
29/08/2017;06:52:42;1.00;25.839;37.274;4.86
29/08/2017;06:54:26;50.00;15.152;38.046;5.69
05/09/2017;06:49:59;1.00;21.416;38.043;4.77
05/09/2017;06:51:26;50.00;15.584;37.965;4.89
13/09/2017;06:57:47;1.00;22.083;37.973;5.18
13/09/2017;06:59:17;50.00;16.634;37.933;6.07
19/09/2017;06:54:30;1.00;17.789;37.736;5.68
19/09/2017;06:55:40;50.00;14.718;38.100;5.43
26/09/2017;07:48:24;1.00;21.515;38.157;5.22
26/09/2017;07:49:41;50.00;15.945;38.017;5.53
03/10/2017;07:02:12;1.00;21.048;38.164;5.23
03/10/2017;07:03:41;50.00;15.940;37.962;5.81
10/10/2017;06:55:25;1.00;20.161;38.259;5.35
10/10/2017;06:57:04;50.00;16.197;37.981;5.70
17/10/2017;07:04:53;1.00;20.204;38.243;5.32
17/10/2017;07:07:37;50.00;15.897;38.031;5.56
24/10/2017;06:49:51;1.00;19.989;38.303;5.34
24/10/2017;06:51:01;50.00;16.512;38.052;5.58
31/10/2017;07:50:00;1.00;19.539;38.283;5.34
31/10/2017;07:51:27;50.00;16.888;38.127;5.57
07/11/2017;08:05:00;1.00;18.872;38.210;5.35
07/11/2017;08:06:13;50.00;18.997;38.271;5.27
14/11/2017;08:00:11;1.00;17.752;38.216;5.42
14/11/2017;08:02:12;50.00;17.724;38.217;5.31
21/11/2017;08:05:29;1.00;16.994;38.202;5.51
21/11/2017;08:08:21;50.00;16.537;38.185;5.48
28/11/2017;07:52:20;1.00;16.833;38.212;5.52
28/11/2017;07:53:49;50.00;16.787;38.216;5.46
04/12/2017;07:50:44;1.00;16.271;38.205;5.51
04/12/2017;07:52:15;50.00;16.263;38.206;5.49
13/12/2017;07:30:28;1.00;15.092;38.079;5.61
13/12/2017;07:32:03;50.00;14.809;38.225;5.26
19/12/2017;07:55:58;1.00;14.624;38.189;5.50
19/12/2017;07:57:31;50.00;14.617;38.187;4.95
03/01/2018;07:58:10;1.00;14.294;38.193;5.59
03/01/2018;08:00:19;50.00;14.316;38.203;5.78
10/01/2018;08:02:34;1.00;13.840;38.196;5.78
10/01/2018;08:04:01;50.00;14.091;38.173;5.59
18/01/2018;08:00:00;1.00;999999;999999;5.56
18/01/2018;08:18:36;50.00;13.907;38.255;5.53
23/01/2018;07:46:47;1.00;13.895;38.271;5.14
23/01/2018;07:47:54;50.00;13.888;38.271;5.44
30/01/2018;08:05:26;1.00;13.831;38.271;5.64
30/01/2018;08:06:51;50.00;13.837;38.274;5.52
07/02/2018;07:51:13;1.00;13.769;38.304;5.64
07/02/2018;07:52:38;50.00;13.766;38.303;5.55
13/02/2018;08:01:12;1.00;13.619;38.334;5.60
13/02/2018;08:02:18;50.00;13.607;38.335;4.97
19/02/2018;09:21:43;1.00;13.557;38.289;5.58
19/02/2018;09:23:04;50.00;13.532;38.305;4.56
27/02/2018;07:44:51;1.00;13.392;38.328;5.63
27/02/2018;07:46:03;50.00;13.424;38.337;5.60
07/03/2018;07:42:31;1.00;13.235;38.267;5.56
07/03/2018;07:43:42;50.00;13.286;38.297;5.17
14/03/2018;08:16:16;1.00;13.358;37.640;5.73
14/03/2018;08:17:43;50.00;13.376;38.309;3.80
20/03/2018;07:53:11;1.00;13.204;37.580;6.06
20/03/2018;07:54:19;50.00;13.704;38.255;5.66
27/03/2018;06:56:33;1.00;13.466;37.803;6.06
27/03/2018;06:58:06;50.00;13.492;38.130;5.66
04/04/2018;07:15:59;1.00;13.706;38.098;5.71
04/04/2018;07:17:08;50.00;13.675;38.155;5.73
17/04/2018;06:38:35;1.00;14.628;36.937;6.86
17/04/2018;06:40:30;50.00;13.834;38.127;5.65
24/04/2018;06:34:23;1.00;16.648;37.637;5.87
24/04/2018;06:35:55;50.00;14.252;38.124;5.77
02/05/2018;07:30:54;1.00;16.030;37.942;5.81
02/05/2018;07:32:21;50.00;14.697;38.147;5.72
07/05/2018;07:33:57;1.00;17.369;37.842;3.48
07/05/2018;07:35:47;50.00;15.124;38.150;4.72
14/05/2018;06:48:09;1.00;17.844;37.639;5.21
14/05/2018;06:49:37;50.00;14.555;38.206;4.97
22/05/2018;06:32:28;1.00;19.377;37.798;5.52
22/05/2018;06:34:08;50.00;15.502;38.118;5.70
29/05/2018;06:44:06;1.00;20.096;37.646;4.90
29/05/2018;06:45:26;50.00;14.474;38.201;4.85
04/06/2018;06:48:30;1.00;21.772;37.666;5.24
04/06/2018;06:50:04;50.00;14.407;38.222;5.49
12/06/2018;07:35:51;1.00;21.447;37.227;5.27
12/06/2018;07:37:15;50.00;14.818;38.178;5.84
19/06/2018;07:19:32;1.00;22.706;37.857;5.43
19/06/2018;07:21:17;50.00;14.464;38.187;5.57
26/06/2018;07:04:39;1.00;23.684;37.981;5.21
26/06/2018;07:05:58;50.00;14.913;38.170;5.87
03/07/2018;07:21:55;1.00;24.241;37.994;5.12
03/07/2018;07:23:19;50.00;15.102;38.163;5.90
10/07/2018;07:45:22;1.00;26.250;37.455;5.11
10/07/2018;07:46:43;50.00;14.685;38.183;5.81
17/07/2018;07:13:28;1.00;25.620;38.001;4.91
17/07/2018;07:15:22;50.00;15.050;38.153;5.74
24/07/2018;07:16:05;1.00;26.783;38.061;4.82
24/07/2018;07:17:28;50.00;15.035;38.135;5.85
31/07/2018;07:28:17;1.00;27.516;37.293;4.84
31/07/2018;07:29:44;50.00;15.034;38.157;5.86
07/08/2018;06:53:23;1.00;27.861;37.174;4.71
07/08/2018;06:55:03;50.00;14.936;38.143;5.82
21/08/2018;06:54:38;1.00;26.471;38.240;4.75
21/08/2018;06:56:02;50.00;15.968;38.085;6.02
28/08/2018;06:50:32;1.00;26.739;38.178;4.75
28/08/2018;06:51:50;50.00;16.194;38.086;6.29
04/09/2018;06:48:03;1.00;25.479;38.287;4.86
04/09/2018;06:49:27;50.00;15.288;38.080;5.86
11/09/2018;07:10:52;1.00;25.374;38.326;4.88
11/09/2018;07:12:18;50.00;15.146;38.080;5.78
17/09/2018;07:18:50;1.00;25.315;38.165;4.94
17/09/2018;07:20:12;50.00;15.340;38.080;5.93
26/09/2018;07:41:58;1.00;24.731;38.408;4.87
26/09/2018;07:43:19;50.00;24.730;38.406;4.80
02/10/2018;07:22:27;1.00;23.227;38.389;5.07
02/10/2018;07:23:55;50.00;16.500;38.088;5.81
09/10/2018;06:50:20;1.00;22.080;38.355;5.10
09/10/2018;06:51:44;50.00;20.810;38.343;5.16
16/10/2018;07:12:30;1.00;21.559;38.333;5.10
16/10/2018;07:13:59;50.00;21.501;38.333;5.03
23/10/2018;06:53:55;1.00;21.001;38.276;5.19
23/10/2018;06:55:19;50.00;20.811;38.304;5.18
06/11/2018;07:57:47;1.00;20.023;38.122;5.07
06/11/2018;07:59:12;50.00;20.018;38.138;5.11
13/11/2018;08:00:00;1.00;999999;999999;5.18
13/11/2018;08:00:00;50.00;999999;999999;5.11
20/11/2018;08:00:00;1.00;999999;999999;5.28
20/11/2018;08:00:00;50.00;999999;999999;5.25
27/11/2018;07:48:18;1.00;18.255;38.081;5.28
27/11/2018;07:49:45;50.00;18.289;38.089;5.26
04/12/2018;08:01:09;1.00;17.573;38.109;5.35
04/12/2018;08:02:36;50.00;17.580;38.115;5.37
11/12/2018;07:59:23;1.00;17.195;38.100;5.38
11/12/2018;08:00:50;50.00;17.178;38.109;5.33
18/12/2018;08:02:45;1.00;16.715;38.072;5.43
18/12/2018;08:04:08;50.00;16.703;38.093;5.35
02/01/2019;07:57:06;1.00;15.996;38.066;5.49
02/01/2019;07:58:50;50.00;15.997;38.070;5.41
08/01/2019;08:00:12;1.00;15.689;38.062;5.56
08/01/2019;08:01:55;50.00;15.670;38.071;5.53
15/01/2019;07:52:12;1.00;14.576;38.061;5.71
15/01/2019;07:53:53;50.00;14.585;38.063;5.61
22/01/2019;07:55:16;1.00;14.442;38.065;5.76
22/01/2019;07:56:40;50.00;14.467;38.062;5.69
29/01/2019;07:59:10;1.00;13.990;38.111;5.63
29/01/2019;08:00:36;50.00;13.972;38.112;5.60
05/02/2019;07:57:01;1.00;13.169;38.159;5.96
05/02/2019;07:58:26;50.00;13.820;38.014;5.65
12/02/2019;08:01:58;1.00;13.534;38.020;5.81
12/02/2019;08:03:24;50.00;13.742;38.062;5.78
19/02/2019;08:06:24;1.00;13.741;38.143;5.89
19/02/2019;08:09:05;50.00;13.742;38.071;5.65
26/02/2019;08:04:59;1.00;13.854;38.072;5.85
26/02/2019;08:07:04;50.00;13.843;38.071;5.74
06/03/2019;07:44:40;1.00;13.836;38.075;5.86
06/03/2019;07:46:23;50.00;13.861;38.101;5.69
12/03/2019;07:29:28;1.00;13.730;38.121;5.79
12/03/2019;07:31:07;50.00;13.742;38.122;5.76
19/03/2019;07:48:32;1.00;13.929;38.093;5.96
19/03/2019;07:50:16;50.00;13.769;38.123;5.73
27/03/2019;07:25:30;1.00;13.761;38.134;5.86
27/03/2019;07:27:09;50.00;13.817;38.153;5.82
02/04/2019;06:29:30;1.00;14.048;38.183;5.95
02/04/2019;06:31:11;50.00;13.638;38.226;5.66
09/04/2019;06:26:25;1.00;14.200;38.009;6.03
09/04/2019;06:28:06;50.00;13.730;38.152;5.87
16/04/2019;06:19:14;1.00;14.837;37.869;999999
16/04/2019;06:20:56;50.00;14.012;38.071;999999
23/04/2019;06:58:42;1.00;14.825;38.005;5.94
23/04/2019;07:00:20;50.00;14.794;38.021;5.91
30/04/2019;06:32:37;1.00;15.450;37.787;5.98
30/04/2019;06:34:18;50.00;14.800;37.994;5.85
07/05/2019;06:30:03;1.00;16.085;37.759;5.92
07/05/2019;06:31:37;50.00;15.239;37.918;5.88
14/05/2019;06:28:36;1.00;16.781;37.786;5.86
14/05/2019;06:30:16;50.00;15.027;37.991;5.84
21/05/2019;06:26:20;1.00;16.899;37.817;5.84
21/05/2019;06:28:00;50.00;15.239;38.068;5.73
28/05/2019;06:30:22;1.00;17.588;37.810;5.81
28/05/2019;06:32:04;50.00;16.003;37.971;5.81
05/06/2019;06:25:43;1.00;20.302;37.649;5.61
05/06/2019;06:27:19;50.00;15.414;38.044;5.84
11/06/2019;06:51:19;1.00;20.045;37.774;5.44
11/06/2019;06:52:53;50.00;15.997;38.017;5.83
19/06/2019;06:47:01;1.00;21.801;37.719;5.55
19/06/2019;06:48:32;50.00;14.802;38.108;5.82
25/06/2019;06:29:53;1.00;23.934;37.835;5.43
25/06/2019;06:31:24;50.00;15.449;38.068;5.90
02/07/2019;07:00:14;1.00;27.212;37.963;4.89
02/07/2019;07:01:35;50.00;14.982;38.084;5.94
09/07/2019;07:08:57;1.00;25.950;36.831;5.05
09/07/2019;07:10:36;50.00;15.260;38.067;6.06
16/07/2019;07:00:22;1.00;26.089;37.873;4.96
16/07/2019;07:02:05;50.00;16.053;38.029;6.10
23/07/2019;06:59:54;1.00;26.762;37.273;4.97
23/07/2019;07:01:31;50.00;15.322;38.067;5.98
30/07/2019;06:57:19;1.00;25.960;37.577;4.99
30/07/2019;06:58:54;50.00;16.403;38.009;6.21
06/08/2019;07:06:30;1.00;26.636;37.537;4.95
06/08/2019;07:08:06;50.00;15.459;38.050;6.07
20/08/2019;06:57:50;1.00;26.885;37.795;999999
20/08/2019;06:59:28;50.00;14.837;38.093;999999
27/08/2019;07:15:17;1.00;26.615;37.285;4.93
27/08/2019;07:16:56;50.00;15.167;38.088;5.91
03/09/2019;06:56:19;1.00;26.764;37.575;4.88
03/09/2019;06:57:58;50.00;15.422;38.077;6.04
10/09/2019;07:10:30;1.00;24.964;38.210;5.05
10/09/2019;07:12:13;50.00;15.401;38.090;5.96
17/09/2019;07:03:18;1.00;24.611;38.047;4.99
17/09/2019;07:05:01;50.00;15.550;38.106;6.02
24/09/2019;07:18:10;1.00;23.548;38.233;5.23
24/09/2019;07:19:54;50.00;17.176;38.082;6.46
01/10/2019;07:02:49;1.00;22.449;38.267;5.34
01/10/2019;07:04:29;50.00;20.056;38.158;6.31
08/10/2019;06:58:09;1.00;22.081;38.225;999999
08/10/2019;06:59:49;50.00;20.569;38.167;999999
16/10/2019;07:04:22;1.00;21.067;38.200;5.35
16/10/2019;07:06:01;50.00;16.427;38.051;6.12
22/10/2019;06:38:29;1.00;20.831;37.953;5.33
22/10/2019;06:40:11;50.00;20.783;38.146;5.33
29/10/2019;07:53:50;1.00;20.376;38.077;5.35
29/10/2019;07:55:28;50.00;19.739;38.173;5.38
05/11/2019;07:30:34;1.00;19.827;38.108;999999
05/11/2019;07:32:14;50.00;17.638;38.102;999999
12/11/2019;08:01:33;1.00;19.009;38.033;5.37
12/11/2019;08:03:19;50.00;18.992;38.050;5.33
19/11/2019;08:00:43;1.00;17.808;38.057;5.44
19/11/2019;08:02:22;50.00;17.831;38.060;5.45
26/11/2019;07:53:23;1.00;16.560;36.290;5.60
26/11/2019;07:55:03;50.00;17.758;37.802;5.39
03/12/2019;07:51:48;1.00;17.011;37.370;5.50
03/12/2019;07:53:25;50.00;17.569;37.978;5.38
10/12/2019;07:50:31;1.00;16.864;37.851;5.53
10/12/2019;07:52:09;50.00;16.907;37.903;5.50
17/12/2019;07:38:01;1.00;16.276;37.969;5.61
17/12/2019;07:43:36;50.00;16.281;37.975;5.58
07/01/2020;07:37:52;1.00;15.444;37.867;5.73
07/01/2020;07:39:49;50.00;15.528;37.903;5.71
14/01/2020;07:59:08;1.00;15.185;37.925;5.75
14/01/2020;08:00:23;50.00;15.201;37.945;5.73
21/01/2020;07:36:23;1.00;14.659;38.046;5.59
21/01/2020;07:38:34;50.00;14.733;38.081;5.58
28/01/2020;07:37:17;1.00;14.421;37.992;5.75
28/01/2020;07:39:24;50.00;14.511;38.092;5.63
05/02/2020;07:51:30;1.00;14.302;38.110;5.87
05/02/2020;07:53:30;50.00;14.318;38.111;5.83
12/02/2020;09:53:20;1.00;14.056;38.079;5.72
12/02/2020;09:55:20;50.00;14.000;38.269;5.52
17/02/2020;07:49:50;1.00;14.253;38.087;5.94
17/02/2020;07:51:53;50.00;14.242;38.110;5.90
25/02/2020;07:57:06;1.00;14.268;38.097;6.03
25/02/2020;07:59:07;50.00;14.204;38.117;5.82
03/03/2020;07:33:12;1.00;13.776;38.082;5.91
03/03/2020;07:35:12;50.00;13.968;38.203;5.64
10/03/2020;08:19:31;1.00;13.904;37.936;6.01
10/03/2020;08:21:44;50.00;13.875;38.073;5.89
23/04/2020;07:52:37;1.00;15.522;37.978;999999
23/04/2020;07:56:16;50.00;15.062;38.019;999999
05/05/2020;06:49:23;1.00;17.391;38.115;999999
05/05/2020;06:54:24;50.00;15.464;38.004;999999
14/05/2020;07:18:18;1.00;17.606;37.770;999999
14/05/2020;07:22:21;50.00;16.733;37.880;999999
19/05/2020;06:30:45;1.00;18.889;37.324;999999
19/05/2020;06:34:02;50.00;16.352;37.834;999999
26/05/2020;06:53:03;1.00;21.018;37.056;999999
26/05/2020;06:57:27;50.00;15.526;37.867;999999
02/06/2020;07:13:56;1.00;20.465;37.514;5.94
02/06/2020;07:18:17;50.00;14.799;38.008;5.81
09/06/2020;07:20:17;1.00;20.245;37.272;5.57
09/06/2020;07:22:18;50.00;15.710;38.001;5.92
15/06/2020;07:05:00;1.00;20.938;37.420;5.48
15/06/2020;07:05:00;50.00;999999;999999;5.78
23/06/2020;06:51:06;1.00;23.010;37.472;5.53
23/06/2020;06:53:04;50.00;14.369;38.101;5.69
30/06/2020;06:52:07;1.00;24.496;37.537;5.32
30/06/2020;06:54:09;50.00;15.351;38.005;6.05
07/07/2020;06:43:26;1.00;25.622;37.707;5.12
07/07/2020;06:45:15;50.00;15.367;38.000;6.05
15/07/2020;06:38:18;1.00;24.700;37.598;5.20
15/07/2020;06:40:17;50.00;14.710;38.064;5.82
21/07/2020;07:03:28;1.00;25.873;37.382;5.25
21/07/2020;07:05:30;50.00;14.970;38.035;5.89
28/07/2020;06:47:46;1.00;26.141;37.915;5.00
28/07/2020;06:49:29;50.00;15.302;38.016;6.04
04/08/2020;06:44:44;1.00;26.327;37.747;4.96
04/08/2020;06:46:23;50.00;16.043;37.982;6.16
11/08/2020;09:10:21;1.00;26.881;37.761;999999
19/08/2020;08:12:12;1.00;26.737;37.999;999999
25/08/2020;06:44:22;1.00;26.675;37.532;4.86
25/08/2020;06:46:05;50.00;15.260;38.045;6.16
01/09/2020;07:06:17;1.00;21.831;37.925;5.55
01/09/2020;07:08:00;50.00;16.510;37.938;6.29
07/09/2020;06:49:29;1.00;24.787;37.889;5.01
07/09/2020;06:51:18;50.00;15.471;38.015;5.88
14/09/2020;06:46:42;1.00;24.375;38.030;5.03
14/09/2020;06:48:33;50.00;15.809;37.965;6.06
22/09/2020;07:13:00;1.00;24.181;37.762;999999
22/09/2020;07:13:00;50.00;15.218;38.046;999999
29/09/2020;07:09:13;1.00;21.565;37.683;5.34
29/09/2020;07:10:53;50.00;14.423;38.157;5.18
06/10/2020;06:52:53;1.00;19.700;37.848;5.54
06/10/2020;06:54:38;50.00;18.206;37.817;5.61
13/10/2020;07:01:13;1.00;20.450;37.594;5.28
13/10/2020;07:04:12;50.00;19.664;37.927;5.77
20/10/2020;06:50:22;1.00;19.773;37.745;5.35
20/10/2020;06:53:35;50.00;18.184;37.977;5.56
27/10/2020;07:49:03;1.00;19.141;37.504;5.38
27/10/2020;07:52:18;50.00;15.933;37.964;5.97
03/11/2020;08:02:04;1.00;19.008;37.759;5.47
03/11/2020;08:06:48;50.00;17.816;37.962;5.61
10/11/2020;07:55:27;1.00;18.735;37.768;5.43
10/11/2020;07:58:45;50.00;18.390;37.956;5.50
17/11/2020;07:50:12;1.00;18.359;37.903;5.47
17/11/2020;07:53:31;50.00;17.930;37.992;5.49
24/11/2020;07:26:56;1.00;17.601;37.975;5.66
24/11/2020;07:28:43;50.00;15.916;38.020;5.52
02/12/2020;07:51:01;1.00;16.462;38.018;5.62
02/12/2020;07:52:20;50.00;16.485;37.999;5.60
08/12/2020;07:47:22;1.00;16.077;38.011;5.59
08/12/2020;07:48:29;50.00;16.083;38.015;5.56
15/12/2020;07:44:46;1.00;15.888;37.951;5.59
15/12/2020;07:46:13;50.00;15.891;37.982;5.56
22/12/2020;08:00:00;1.00;15.537;37.701;5.67
22/12/2020;08:00:00;50.00;15.537;37.701;5.54
05/01/2021;08:00:00;1.00;14.757;37.863;5.69
05/01/2021;08:00:00;50.00;14.757;37.863;5.65
12/01/2021;08:02:09;1.00;14.515;37.944;5.68
12/01/2021;08:03:35;50.00;14.503;37.948;5.68
19/01/2021;07:54:03;1.00;14.268;37.957;5.70
19/01/2021;07:55:45;50.00;14.302;38.012;5.68
26/01/2021;07:43:37;1.00;14.126;38.045;5.69
26/01/2021;07:44:45;50.00;14.161;38.042;5.69
02/02/2021;07:49:25;1.00;14.057;38.046;5.72
02/02/2021;07:50:40;50.00;14.042;38.056;5.66
09/02/2021;07:25:01;1.00;13.835;37.941;5.87
09/02/2021;07:26:04;50.00;13.898;37.970;5.83
16/02/2021;07:37:39;1.00;13.591;37.867;5.96
16/02/2021;07:38:43;50.00;13.933;38.042;5.86
23/02/2021;07:38:02;1.00;13.886;38.043;5.93
23/02/2021;07:39:07;50.00;13.913;38.066;5.83
02/03/2021;07:42:14;1.00;13.830;37.873;6.14
02/03/2021;07:44:00;50.00;13.912;38.074;5.86
09/03/2021;07:51:12;1.00;13.882;37.923;6.14
09/03/2021;07:52:16;50.00;13.971;38.131;5.89
16/03/2021;07:42:29;1.00;13.916;38.105;5.91
16/03/2021;07:44:04;50.00;13.909;38.117;5.88
23/03/2021;08:08:37;1.00;13.898;38.115;5.96
23/03/2021;08:10:13;50.00;13.859;38.151;5.84
30/03/2021;06:44:08;1.00;15.029;37.850;6.13
30/03/2021;06:45:48;50.00;13.858;38.195;5.74
06/04/2021;06:25:29;1.00;15.287;37.962;5.98
06/04/2021;06:27:06;50.00;14.684;38.160;5.91
13/04/2021;06:40:14;1.00;14.652;38.125;6.13
13/04/2021;06:41:17;50.00;14.422;38.181;5.95
20/04/2021;06:36:56;1.00;14.515;38.014;6.09
20/04/2021;06:38:27;50.00;14.180;38.097;5.96
27/04/2021;06:31:40;1.00;14.937;38.039;6.00
27/04/2021;06:33:17;50.00;14.670;38.080;6.04
04/05/2021;06:44:58;1.00;15.591;37.717;6.09
04/05/2021;06:46:27;50.00;14.533;38.111;5.98
11/05/2021;07:05:13;1.00;16.141;37.909;5.90
11/05/2021;07:06:48;50.00;15.851;38.060;5.91
18/05/2021;06:41:21;1.00;16.401;37.744;5.90
18/05/2021;06:43:00;50.00;14.388;38.156;5.77
25/05/2021;06:23:50;1.00;16.961;37.718;5.84
25/05/2021;06:24:57;50.00;15.544;38.090;5.93
01/06/2021;06:37:23;1.00;18.450;37.660;5.68
01/06/2021;06:38:57;50.00;15.598;38.121;5.86
09/06/2021;07:34:50;1.00;20.585;36.891;5.51
09/06/2021;07:36:36;50.00;15.040;38.165;5.86
15/06/2021;06:43:40;1.00;23.316;36.908;5.47
15/06/2021;06:44:45;50.00;14.669;38.155;5.93
22/06/2021;06:46:22;1.00;24.115;36.982;5.30
22/06/2021;06:47:50;50.00;14.947;38.152;5.94
29/06/2021;06:50:24;1.00;24.268;37.204;5.29
29/06/2021;06:52:11;50.00;15.780;38.146;6.07
06/07/2021;06:38:07;1.00;24.267;37.322;5.06
06/07/2021;06:39:37;50.00;15.288;38.143;5.97
13/07/2021;06:37:03;1.00;24.407;37.688;5.01
13/07/2021;06:39:10;50.00;15.242;38.120;5.87
20/07/2021;06:40:29;2.00;24.079;37.425;5.05
20/07/2021;06:41:56;50.00;14.724;38.136;5.74
27/07/2021;06:40:02;2.00;25.609;37.637;4.93
27/07/2021;06:41:30;50.00;16.282;38.084;6.08
03/08/2021;06:31:42;1.00;23.163;38.138;5.20
03/08/2021;06:34:12;50.00;16.148;38.075;6.15
10/08/2021;07:00:00;1.00;999999;999999;999999
17/08/2021;07:00:00;1.00;999999;999999;999999
24/08/2021;07:00:00;1.00;999999;999999;4.86
24/08/2021;07:00:00;50.00;999999;999999;5.93
31/08/2021;07:00:00;1.00;999999;999999;4.97
31/08/2021;07:00:00;50.00;999999;999999;5.89
07/09/2021;06:34:25;1.00;24.172;38.195;4.90
07/09/2021;06:35:59;50.00;15.587;38.074;5.86
14/09/2021;06:21:55;1.00;24.362;38.267;999999
14/09/2021;06:23:26;50.00;15.255;38.077;999999
21/09/2021;06:43:56;1.00;23.173;38.187;5.02
21/09/2021;06:45:46;50.00;15.758;38.040;5.90
28/09/2021;06:49:14;1.00;23.317;38.189;4.97
28/09/2021;06:50:21;50.00;15.639;38.048;5.88
05/10/2021;06:24:23;1.00;22.968;38.195;4.93
05/10/2021;06:25:59;50.00;17.425;37.999;6.04
12/10/2021;06:50:27;1.00;21.886;38.016;5.12
12/10/2021;06:52:12;50.00;16.848;38.007;5.95
19/10/2021;06:49:44;1.00;20.818;38.167;5.13
19/10/2021;06:51:31;50.00;16.394;38.065;5.63
25/10/2021;06:55:16;1.00;20.199;38.186;5.22
25/10/2021;06:56:55;50.00;19.908;38.186;5.29
03/11/2021;07:43:45;1.00;19.116;38.093;5.21
03/11/2021;07:47:25;50.00;16.153;38.085;5.61
09/11/2021;07:50:55;2.00;18.515;38.151;5.29
09/11/2021;07:51:59;50.00;18.512;38.152;5.22
23/11/2021;07:43:22;1.00;17.799;38.118;5.35
23/11/2021;07:44:35;50.00;17.790;38.119;5.32
07/12/2021;07:46:54;1.00;16.374;38.135;5.48
07/12/2021;07:48:27;50.00;16.366;38.144;5.56
14/12/2021;07:59:37;1.00;15.720;38.077;5.41
14/12/2021;08:01:13;50.00;15.462;38.126;5.34
21/12/2021;07:46:37;1.00;14.982;999999;5.43
21/12/2021;07:48:26;50.00;15.144;999999;5.45
11/01/2022;07:41:18;1.00;14.882;38.117;5.42
11/01/2022;07:42:22;50.00;14.896;38.112;5.45
18/01/2022;07:35:37;1.00;14.552;38.116;5.54
18/01/2022;07:37:26;50.00;14.508;38.148;5.55
25/01/2022;08:09:00;1.00;14.193;38.129;5.53
25/01/2022;08:12:06;50.00;14.276;38.145;5.49
01/02/2022;07:48:19;1.00;14.158;38.152;5.62
01/02/2022;07:49:49;50.00;14.182;38.148;5.56
08/02/2022;08:03:30;1.00;14.164;38.150;5.63
08/02/2022;08:05:04;50.00;14.154;38.160;5.63
15/02/2022;07:56:30;1.00;13.883;38.210;5.62
15/02/2022;07:58:04;50.00;13.964;38.224;5.53
22/02/2022;07:56:26;1.00;13.855;38.195;5.60
22/02/2022;07:58:01;50.00;13.854;38.201;5.56
02/03/2022;07:51:01;1.00;13.769;38.209;5.72
02/03/2022;07:52:34;50.00;13.785;38.199;5.67
08/03/2022;07:45:02;1.00;13.708;38.206;5.67
08/03/2022;07:48:38;50.00;13.712;38.211;5.64
16/03/2022;08:01:04;1.00;13.623;38.222;5.71
16/03/2022;08:02:37;50.00;13.608;38.233;5.70
22/03/2022;07:39:52;1.00;13.500;38.270;5.69
22/03/2022;07:41:22;50.00;13.505;38.272;5.66
30/03/2022;08:39:21;1.00;13.938;38.236;5.85
30/03/2022;08:41:10;50.00;13.590;38.276;5.79
05/04/2022;06:44:42;1.00;13.748;38.259;5.87
05/04/2022;06:46:16;50.00;13.694;38.270;5.83
12/04/2022;06:30:57;1.00;13.826;38.268;5.84
12/04/2022;06:32:16;50.00;13.736;38.276;5.74
19/04/2022;06:45:47;1.00;15.240;37.956;5.90
19/04/2022;06:47:27;50.00;14.109;38.251;5.82
26/04/2022;06:41:54;1.00;15.142;38.025;5.80
26/04/2022;06:43:34;50.00;13.963;38.230;5.73
02/05/2022;07:03:44;1.00;16.045;38.000;6.08
02/05/2022;07:06:00;50.00;14.010;38.213;5.72
10/05/2022;06:37:44;1.00;16.948;38.108;5.82
10/05/2022;06:38:52;50.00;15.048;38.150;5.84
17/05/2022;06:37:28;1.00;19.121;37.765;5.69
17/05/2022;06:38:32;50.00;14.454;38.190;5.82
24/05/2022;06:30:22;1.00;21.326;37.799;5.41
24/05/2022;06:31:37;50.00;14.603;38.153;5.88
31/05/2022;06:57:24;1.00;22.369;36.882;5.25
31/05/2022;06:59:07;50.00;14.730;38.133;5.82
08/06/2022;06:42:16;1.00;22.363;37.626;5.09
08/06/2022;06:43:21;50.00;15.063;38.151;5.82
14/06/2022;06:47:41;1.00;23.941;37.614;5.10
14/06/2022;06:49:16;50.00;14.462;38.171;5.78
21/06/2022;06:32:11;1.00;25.897;38.005;4.96
21/06/2022;06:33:55;50.00;14.515;38.142;5.73
28/06/2022;06:37:29;0.00;24.250;37.755;5.27
28/06/2022;06:39:14;50.00;15.867;38.081;6.01
28/06/2022;06:37:29;1.00;24.250;37.755;5.27
05/07/2022;06:26:57;0.00;26.165;37.618;4.82
05/07/2022;06:28:45;50.00;14.629;38.140;5.80
05/07/2022;06:26:57;1.00;26.165;37.618;4.82
12/07/2022;07:31:00;0.00;27.403;36.935;4.80
12/07/2022;07:32:35;50.00;14.378;38.162;5.67
12/07/2022;07:31:00;1.00;27.403;36.935;4.80
19/07/2022;06:59:49;0.00;28.419;36.455;4.68
19/07/2022;07:01:20;50.00;14.482;38.163;5.82
19/07/2022;06:59:49;1.00;28.419;36.455;4.68
25/07/2022;07:43:22;0.00;28.293;38.134;4.61
25/07/2022;07:45:23;50.00;14.666;38.149;5.77
25/07/2022;07:43:22;1.00;28.293;38.134;4.61
02/08/2022;07:07:03;0.00;27.603;35.796;999999
02/08/2022;07:08:25;50.00;14.952;45.664;999999
02/08/2022;07:07:03;1.00;27.603;35.796;999999
09/08/2022;07:00:00;0.00;27.714;38.336;999999
09/08/2022;07:00:00;50.00;999999;999999;999999
09/08/2022;07:00:00;1.00;27.714;38.336;999999
16/08/2022;07:00:00;0.00;26.964;38.349;999999
16/08/2022;07:00:00;50.00;999999;999999;999999
16/08/2022;07:00:00;1.00;26.964;38.349;999999
23/08/2022;07:30:36;0.00;27.254;37.656;4.51
23/08/2022;07:32:04;50.00;15.135;38.129;5.86
23/08/2022;07:30:36;1.00;27.254;37.656;4.51
30/08/2022;06:43:43;0.00;27.057;37.815;4.63
30/08/2022;06:45:22;50.00;15.620;38.103;5.82
30/08/2022;06:43:43;1.00;27.057;37.815;4.63
06/09/2022;07:00:00;1.00;26.494;38.293;4.72
06/09/2022;07:00:00;50.00;999999;999999;5.90
13/09/2022;06:41:35;1.00;25.686;38.172;4.80
13/09/2022;06:43:03;50.00;15.240;38.132;5.87
20/09/2022;08:21:52;1.00;24.823;38.161;4.88
20/09/2022;08:21:52;50.00;999999;999999;5.95
28/09/2022;06:50:47;1.00;22.689;38.206;5.04
28/09/2022;06:52:28;50.00;17.770;38.207;6.05
04/10/2022;07:18:19;1.00;21.950;38.037;5.05
04/10/2022;07:19:19;50.00;19.445;38.217;5.79
11/10/2022;06:44:19;1.00;21.843;38.203;5.04
11/10/2022;06:45:26;50.00;18.246;38.786;5.87
25/10/2022;08:00:00;1.00;999999;999999;5.06
25/10/2022;08:00:00;50.00;999999;999999;5.45
02/11/2022;08:00:00;1.00;999999;999999;5.07
02/11/2022;08:00:00;50.00;999999;999999;5.32
08/11/2022;08:00:00;1.00;999999;999999;5.12
08/11/2022;08:00:00;50.00;999999;999999;5.31
16/11/2022;08:00:00;1.00;19.882;38.259;5.10
16/11/2022;08:00:00;50.00;19.900;38.313;5.11
22/11/2022;08:00:00;1.00;19.328;38.320;5.11
22/11/2022;08:00:00;50.00;19.321;38.320;5.11
29/11/2022;08:00:00;1.00;18.122;38.238;999999
29/11/2022;08:00:00;50.00;18.100;38.237;999999
06/12/2022;08:00:00;1.00;17.561;38.231;5.24
06/12/2022;08:00:00;50.00;17.572;38.243;5.27
13/12/2022;08:00:00;1.00;16.905;38.184;5.30
13/12/2022;08:00:00;50.00;16.921;38.180;5.26
20/12/2022;08:00:00;1.00;16.635;38.148;5.31
20/12/2022;08:00:00;50.00;16.621;38.151;5.28
