DATE;PROF_NUM;PO4;SIOH4
2007-01-09;50.00;0.10;1.29
2007-01-09;1.00;0.08;1.77
2007-01-16;50.00;999999;999999
2007-01-16;1.00;999999;999999
2007-01-23;50.00;0.16;2.20
2007-01-23;1.00;0.10;1.59
2007-01-30;50.00;0.33;2.76
2007-01-30;1.00;0.27;1.82
2007-02-06;50.00;0.13;2.34
2007-02-06;1.00;0.13;2.20
2007-02-13;50.00;999999;999999
2007-02-13;1.00;999999;999999
2007-02-20;50.00;0.08;2.32
2007-02-20;1.00;0.09;1.91
2007-02-27;50.00;0.01;1.48
2007-02-27;1.00;0.08;3.20
2007-03-06;50.00;0.13;2.12
2007-03-06;1.00;0.17;1.77
2007-03-13;50.00;0.03;2.30
2007-03-13;1.00;0.00;1.23
2007-03-20;50.00;999999;999999
2007-03-20;1.00;999999;999999
2007-03-27;50.00;0.03;1.39
2007-03-27;1.00;999999;999999
2007-04-03;50.00;0.09;2.12
2007-04-03;1.00;999999;999999
2007-04-17;50.00;999999;999999
2007-04-17;1.00;0.16;14.69
2007-04-24;50.00;0.03;2.18
2007-04-24;1.00;0.00;1.62
2007-05-02;50.00;0.10;1.50
2007-05-02;1.00;0.09;1.54
2007-05-09;50.00;999999;999999
2007-05-09;1.00;999999;999999
2007-05-15;50.00;0.06;1.23
2007-05-15;1.00;0.10;6.33
2007-05-22;50.00;0.03;1.83
2007-05-22;1.00;0.03;1.80
2007-05-30;50.00;0.10;1.43
2007-05-30;1.00;0.10;1.55
2007-06-05;50.00;0.01;1.77
2007-06-05;1.00;0.00;1.67
2007-06-12;50.00;0.00;1.13
2007-06-12;1.00;0.01;1.25
2007-06-19;50.00;999999;999999
2007-06-19;1.00;999999;999999
2007-06-27;50.00;0.17;1.41
2007-06-27;1.00;0.00;1.32
2007-07-03;50.00;0.08;2.70
2007-07-03;1.00;0.01;2.46
2007-07-10;50.00;0.06;1.48
2007-07-10;1.00;999999;999999
2007-07-17;50.00;999999;999999
2007-07-17;1.00;999999;999999
2007-07-24;50.00;999999;999999
2007-07-24;1.00;0.00;1.55
2007-07-31;50.00;0.00;0.64
2007-07-31;1.00;0.03;1.28
2007-08-07;50.00;0.03;1.17
2007-08-07;1.00;0.00;1.53
2007-08-14;50.00;999999;999999
2007-08-14;1.00;999999;999999
2007-08-22;50.00;0.03;1.14
2007-08-22;1.00;0.06;1.02
2007-08-28;50.00;999999;999999
2007-08-28;1.00;999999;999999
2007-09-04;50.00;999999;999999
2007-09-04;1.00;999999;999999
2007-09-11;1.00;999999;999999
2007-09-11;50.00;999999;999999
2007-09-18;50.00;0.02;0.52
2007-09-18;1.00;0.03;0.92
2007-09-25;50.00;0.03;0.40
2007-09-25;1.00;0.02;0.98
2007-10-02;50.00;0.02;0.63
2007-10-02;1.00;0.03;0.93
2007-10-09;50.00;0.02;0.79
2007-10-09;1.00;0.02;0.85
2007-10-16;50.00;0.06;0.69
2007-10-16;1.00;0.03;0.98
2007-10-23;50.00;999999;999999
2007-10-23;1.00;999999;999999
2007-10-30;50.00;0.05;0.63
2007-10-30;1.00;0.04;0.92
2007-11-06;50.00;0.04;0.77
2007-11-06;1.00;0.07;0.87
2007-11-13;50.00;999999;999999
2007-11-13;1.00;999999;999999
2007-11-22;50.00;0.02;0.97
2007-11-22;1.00;0.03;1.09
2007-11-27;50.00;0.02;1.08
2007-11-27;1.00;0.06;1.36
2007-12-05;50.00;0.02;0.87
2007-12-05;1.00;0.02;0.98
2007-12-11;1.00;0.02;0.98
2007-12-11;50.00;0.02;0.91
2007-12-18;1.00;0.03;1.13
2007-12-18;50.00;0.02;1.29
2008-01-04;50.00;0.04;1.24
2008-01-04;1.00;0.03;1.20
2008-01-08;50.00;0.04;1.22
2008-01-08;1.00;0.04;1.23
2008-01-18;50.00;0.03;1.19
2008-01-18;1.00;0.03;1.56
2008-01-22;50.00;0.02;1.13
2008-01-22;1.00;0.02;1.55
2008-01-29;50.00;0.02;1.18
2008-01-29;1.00;0.03;1.32
2008-02-05;50.00;0.03;1.11
2008-02-05;1.00;0.03;1.18
2008-02-12;50.00;0.02;0.67
2008-02-12;1.00;0.03;0.76
2008-02-19;50.00;0.05;0.99
2008-02-19;1.00;0.05;1.12
2008-02-26;50.00;0.04;0.96
2008-02-26;1.00;0.02;1.06
2008-03-03;50.00;0.03;1.01
2008-03-03;1.00;0.02;1.09
2008-03-12;50.00;0.14;1.78
2008-03-12;1.00;0.09;1.52
2008-03-18;50.00;0.17;2.02
2008-03-18;1.00;999999;999999
2008-03-26;50.00;999999;999999
2008-03-26;1.00;0.09;1.72
2008-04-01;50.00;999999;999999
2008-04-01;1.00;999999;999999
2008-04-08;50.00;0.22;2.17
2008-04-08;1.00;0.09;1.70
2008-04-15;50.00;0.22;1.80
2008-04-15;1.00;999999;999999
2008-04-23;50.00;0.07;1.34
2008-04-23;1.00;0.07;1.39
2008-04-28;50.00;0.22;1.58
2008-04-28;1.00;0.08;1.66
2008-05-06;50.00;0.31;3.44
2008-05-06;1.00;999999;999999
2008-05-13;50.00;0.26;2.85
2008-05-13;1.00;999999;999999
2008-05-20;50.00;0.36;2.75
2008-05-20;1.00;0.29;2.64
2008-05-28;50.00;0.38;2.91
2008-05-28;1.00;999999;999999
2008-06-03;50.00;0.15;2.40
2008-06-03;1.00;0.13;0.97
2008-06-10;50.00;0.23;2.95
2008-06-10;1.00;0.60;2.79
2008-06-17;50.00;999999;999999
2008-06-17;1.00;999999;999999
2008-06-23;50.00;0.31;1.67
2008-06-23;1.00;0.41;3.44
2008-07-02;50.00;999999;999999
2008-07-02;1.00;999999;999999
2008-07-08;50.00;999999;999999
2008-07-08;1.00;999999;999999
2008-07-16;50.00;999999;999999
2008-07-16;1.00;999999;999999
2008-07-22;50.00;999999;999999
2008-07-22;1.00;0.42;1.30
2008-07-28;50.00;0.60;1.88
2008-07-28;1.00;999999;999999
2008-08-05;50.00;0.17;1.72
2008-08-05;1.00;0.75;1.96
2008-08-19;50.00;0.25;1.67
2008-08-19;1.00;0.16;1.25
2008-08-26;50.00;0.28;1.81
2008-08-26;1.00;999999;999999
2008-09-02;50.00;0.49;1.29
2008-09-02;1.00;999999;999999
2008-09-10;50.00;999999;999999
2008-09-10;1.00;999999;999999
2008-09-16;50.00;999999;999999
2008-09-16;1.00;999999;999999
2008-09-22;50.00;999999;999999
2008-09-22;1.00;0.58;1.40
2008-09-29;50.00;999999;999999
2008-09-29;1.00;999999;999999
2008-10-07;50.00;0.28;1.23
2008-10-07;1.00;0.22;0.98
2008-10-14;50.00;0.26;1.34
2008-10-14;1.00;0.34;1.11
2008-10-21;50.00;0.28;1.30
2008-10-21;1.00;0.39;1.14
2008-10-28;50.00;0.28;1.22
2008-10-28;1.00;0.33;0.90
2008-11-06;50.00;999999;999999
2008-11-06;1.00;999999;999999
2008-11-10;50.00;999999;999999
2008-11-10;1.00;999999;999999
2008-11-20;50.00;999999;999999
2008-11-20;1.00;999999;999999
2008-11-25;50.00;999999;999999
2008-11-25;1.00;999999;999999
2008-12-02;50.00;999999;999999
2008-12-02;1.00;999999;999999
2008-12-09;50.00;999999;999999
2008-12-09;1.00;999999;999999
2008-12-17;50.00;999999;999999
2008-12-17;1.00;999999;999999
2008-12-22;50.00;999999;999999
2008-12-22;1.00;999999;999999
2009-01-06;50.00;0.00;1.78
2009-01-06;1.00;0.00;2.91
2009-01-14;50.00;0.07;1.82
2009-01-14;1.00;0.04;1.28
2009-01-22;50.00;0.00;1.65
2009-01-22;1.00;0.00;1.22
2009-01-27;50.00;0.39;2.79
2009-01-27;1.00;0.20;1.35
2009-02-03;50.00;0.16;3.23
2009-02-03;1.00;0.05;1.05
2009-02-10;50.00;0.14;2.13
2009-02-10;1.00;0.27;2.06
2009-02-17;50.00;0.14;2.45
2009-02-17;1.00;0.07;2.49
2009-02-24;50.00;0.00;2.12
2009-02-24;1.00;0.07;2.75
2009-03-03;50.00;0.12;1.93
2009-03-03;1.00;0.05;1.74
2009-03-10;50.00;0.16;2.44
2009-03-10;1.00;0.04;1.15
2009-03-17;50.00;0.07;1.72
2009-03-17;1.00;0.16;0.91
2009-03-23;50.00;0.05;1.88
2009-03-23;1.00;0.16;0.81
2009-03-31;50.00;0.02;1.80
2009-03-31;1.00;0.20;0.63
2009-04-07;50.00;0.12;1.52
2009-04-07;1.00;0.11;0.81
2009-04-14;50.00;0.21;1.63
2009-04-14;1.00;0.05;1.17
2009-04-21;50.00;0.05;1.55
2009-04-21;1.00;0.09;1.61
2009-04-28;50.00;0.44;1.62
2009-04-28;1.00;0.02;1.24
2009-05-05;50.00;0.05;1.29
2009-05-05;1.00;0.06;1.22
2009-05-12;50.00;0.03;0.96
2009-05-12;1.00;0.04;1.61
2009-05-19;50.00;999999;999999
2009-05-19;1.00;999999;999999
2009-05-26;50.00;0.06;1.34
2009-05-26;1.00;999999;999999
2009-06-02;50.00;999999;999999
2009-06-02;1.00;999999;999999
2009-06-09;50.00;999999;999999
2009-06-09;1.00;0.06;1.60
2009-06-16;50.00;0.05;1.40
2009-06-16;1.00;999999;999999
2009-06-23;50.00;999999;999999
2009-06-23;1.00;0.03;1.47
2009-06-30;50.00;0.04;1.27
2009-06-30;1.00;999999;999999
2009-07-07;50.00;0.04;1.30
2009-07-07;1.00;0.10;2.21
2009-07-13;50.00;0.04;1.30
2009-07-13;1.00;999999;999999
2009-07-21;50.00;999999;999999
2009-07-21;1.00;999999;999999
2009-07-28;50.00;0.03;1.42
2009-07-28;1.00;0.04;1.63
2009-08-04;50.00;0.05;1.44
2009-08-04;1.00;0.07;1.44
2009-08-11;50.00;999999;999999
2009-08-11;1.00;999999;999999
2009-08-18;50.00;0.04;1.80
2009-08-18;1.00;0.06;1.61
2009-08-25;50.00;0.03;1.41
2009-08-25;1.00;999999;999999
2009-09-01;50.00;0.04;1.65
2009-09-01;1.00;0.04;1.87
2009-09-08;50.00;0.04;1.53
2009-09-08;1.00;0.06;1.72
2009-09-24;50.00;999999;999999
2009-09-24;1.00;0.04;1.82
2009-09-29;50.00;0.04;1.76
2009-09-29;1.00;999999;999999
2009-10-06;50.00;999999;999999
2009-10-06;1.00;999999;999999
2009-10-13;50.00;0.01;1.83
2009-10-13;1.00;0.04;1.84
2009-10-20;50.00;0.03;1.75
2009-10-20;1.00;999999;999999
2009-10-29;50.00;0.03;1.69
2009-10-29;1.00;0.04;2.03
2009-11-05;50.00;999999;999999
2009-11-05;1.00;0.04;1.93
2009-11-10;50.00;0.04;2.03
2009-11-10;1.00;0.33;1.99
2009-11-17;50.00;999999;999999
2009-11-17;1.00;0.04;1.99
2009-11-24;50.00;999999;999999
2009-11-24;1.00;999999;999999
2009-12-01;50.00;0.06;2.03
2009-12-01;1.00;999999;999999
2009-12-08;50.00;999999;999999
2009-12-08;1.00;0.08;2.11
2009-12-15;50.00;0.00;1.19
2009-12-15;1.00;999999;999999
2009-12-22;50.00;0.05;2.08
2009-12-22;1.00;999999;999999
2010-01-05;50.00;999999;999999
2010-01-05;1.00;999999;999999
2010-01-12;50.00;0.03;2.60
2010-01-12;1.00;999999;999999
2010-01-19;50.00;0.04;2.46
2010-01-19;1.00;0.04;2.54
2010-01-25;50.00;999999;999999
2010-01-25;1.00;0.07;2.72
2010-02-02;50.00;0.05;2.48
2010-02-02;1.00;0.10;2.48
2010-02-11;50.00;0.04;2.44
2010-02-11;1.00;999999;999999
2010-02-16;50.00;0.04;2.23
2010-02-16;1.00;0.06;2.45
2010-02-23;50.00;0.06;2.62
2010-02-23;1.00;0.05;2.58
2010-03-02;50.00;0.13;3.02
2010-03-02;1.00;999999;999999
2010-03-09;50.00;0.11;3.35
2010-03-09;1.00;0.11;2.79
2010-03-16;50.00;0.07;3.62
2010-03-16;1.00;999999;999999
2010-03-23;50.00;0.10;3.81
2010-03-23;1.00;0.08;3.32
2010-03-30;50.00;0.05;2.72
2010-03-30;1.00;0.06;3.86
2010-04-06;50.00;0.07;2.84
2010-04-06;1.00;0.06;2.64
2010-04-13;50.00;999999;999999
2010-04-13;1.00;0.01;1.96
2010-04-20;50.00;0.02;2.00
2010-04-20;1.00;999999;999999
2010-04-27;50.00;0.04;1.96
2010-04-27;1.00;0.06;2.06
2010-05-05;50.00;999999;999999
2010-05-05;1.00;999999;999999
2010-05-11;50.00;0.05;2.11
2010-05-11;1.00;999999;999999
2010-05-18;50.00;0.03;2.09
2010-05-18;1.00;0.07;2.81
2010-05-25;50.00;999999;999999
2010-05-25;1.00;999999;999999
2010-06-02;50.00;0.02;2.53
2010-06-02;1.00;0.05;2.64
2010-06-08;50.00;0.03;1.37
2010-06-08;1.00;0.08;1.02
2010-06-15;50.00;0.06;2.40
2010-06-15;1.00;0.03;2.35
2010-06-23;50.00;999999;999999
2010-06-23;1.00;999999;999999
2010-06-29;50.00;999999;999999
2010-06-29;1.00;0.05;4.36
2010-07-06;50.00;0.03;1.23
2010-07-06;1.00;0.06;1.22
2010-07-13;50.00;0.03;1.23
2010-07-13;1.00;0.04;1.50
2010-07-20;50.00;999999;999999
2010-07-20;1.00;999999;999999
2010-07-27;50.00;999999;999999
2010-07-27;1.00;0.04;1.27
2010-08-03;50.00;0.04;1.20
2010-08-03;1.00;0.06;1.45
2010-08-17;50.00;0.02;1.07
2010-08-17;1.00;0.08;1.47
2010-08-24;50.00;999999;999999
2010-08-24;1.00;999999;999999
2010-08-31;50.00;999999;999999
2010-08-31;1.00;999999;999999
2010-09-07;50.00;999999;999999
2010-09-07;1.00;999999;999999
2010-09-14;50.00;999999;999999
2010-09-14;1.00;999999;999999
2010-09-21;50.00;999999;999999
2010-09-21;1.00;999999;999999
2010-09-28;50.00;0.02;1.22
2010-09-28;1.00;0.08;1.43
2010-10-07;50.00;0.09;1.42
2010-10-07;1.00;999999;999999
2010-10-12;50.00;999999;999999
2010-10-12;1.00;0.04;1.35
2010-10-19;50.00;999999;999999
2010-10-19;1.00;0.03;1.29
2010-10-26;50.00;999999;999999
2010-10-26;1.00;999999;999999
2010-11-03;50.00;999999;999999
2010-11-03;1.00;0.07;2.76
2010-11-09;50.00;999999;999999
2010-11-09;1.00;999999;999999
2010-11-17;50.00;999999;999999
2010-11-17;1.00;999999;999999
2010-11-23;50.00;0.05;2.05
2010-11-23;1.00;0.06;2.30
2010-11-30;50.00;0.03;1.44
2010-11-30;1.00;0.02;1.62
2010-12-08;50.00;999999;999999
2010-12-08;1.00;0.04;1.65
2010-12-14;50.00;0.03;1.41
2010-12-14;1.00;0.09;1.79
2010-12-21;50.00;0.02;1.23
2010-12-21;1.00;0.03;1.33
2010-12-28;50.00;0.04;1.20
2010-12-28;1.00;0.04;2.21
2011-01-04;50.00;0.03;1.49
2011-01-04;1.00;0.08;1.76
2011-01-11;50.00;0.03;1.54
2011-01-11;1.00;0.04;2.08
2011-01-18;50.00;0.00;1.71
2011-01-18;1.00;0.06;2.13
2011-01-25;50.00;0.09;2.08
2011-01-25;1.00;0.05;1.69
2011-02-01;50.00;0.03;1.42
2011-02-01;1.00;0.04;1.19
2011-02-08;50.00;0.05;1.56
2011-02-08;1.00;0.08;1.58
2011-02-15;50.00;0.04;1.49
2011-02-15;1.00;999999;999999
2011-02-22;50.00;0.03;1.47
2011-02-22;1.00;0.04;1.71
2011-03-01;50.00;0.05;2.17
2011-03-01;1.00;0.07;2.31
2011-03-08;50.00;0.02;1.57
2011-03-08;1.00;0.04;1.62
2011-03-15;50.00;999999;999999
2011-03-15;1.00;0.03;1.31
2011-03-22;50.00;0.10;1.27
2011-03-22;1.00;0.06;2.61
2011-03-29;50.00;0.03;1.24
2011-03-29;1.00;999999;999999
2011-04-05;50.00;0.02;1.26
2011-04-05;1.00;0.11;2.51
2011-04-12;50.00;0.01;1.30
2011-04-12;1.00;0.05;2.69
2011-04-19;50.00;0.04;1.14
2011-04-19;1.00;0.00;1.70
2011-04-26;50.00;0.05;1.30
2011-04-26;1.00;0.08;1.55
2011-05-03;50.00;0.01;1.35
2011-05-03;1.00;0.02;1.53
2011-05-10;50.00;0.02;1.26
2011-05-10;1.00;0.01;1.27
2011-05-17;50.00;0.01;1.03
2011-05-17;1.00;0.01;1.83
2011-05-24;50.00;0.03;1.24
2011-05-24;1.00;0.02;1.13
2011-05-31;50.00;0.01;1.16
2011-05-31;1.00;0.02;1.32
2011-06-07;50.00;0.01;1.02
2011-06-07;1.00;0.03;1.34
2011-06-14;50.00;999999;999999
2011-06-14;1.00;0.04;1.26
2011-06-21;50.00;999999;999999
2011-06-21;1.00;999999;999999
2011-06-28;50.00;0.03;1.27
2011-06-28;1.00;0.07;1.67
2011-07-05;50.00;0.05;1.53
2011-07-05;1.00;0.06;2.50
2011-07-12;50.00;0.04;1.01
2011-07-12;1.00;0.03;0.97
2011-07-19;50.00;999999;999999
2011-07-19;1.00;999999;999999
2011-07-26;50.00;999999;999999
2011-07-26;1.00;999999;999999
2011-08-02;50.00;999999;999999
2011-08-02;1.00;999999;999999
2011-08-09;50.00;999999;999999
2011-08-09;1.00;999999;999999
2011-08-16;50.00;0.01;1.18
2011-08-16;1.00;0.03;1.61
2011-08-23;50.00;999999;999999
2011-08-23;1.00;999999;999999
2011-08-30;50.00;0.00;1.31
2011-08-30;1.00;0.04;1.07
2011-09-06;50.00;999999;999999
2011-09-06;1.00;999999;999999
2011-09-13;50.00;0.01;1.02
2011-09-13;1.00;0.02;1.19
2011-09-20;1.00;999999;999999
2011-09-20;50.00;999999;999999
2011-09-27;50.00;0.02;1.13
2011-09-27;1.00;0.00;1.27
2011-10-04;50.00;0.01;1.43
2011-10-04;1.00;0.03;1.60
2011-10-11;50.00;0.00;1.50
2011-10-11;1.00;0.02;1.13
2011-10-18;50.00;0.01;1.04
2011-10-18;1.00;0.01;1.07
2011-10-26;50.00;0.01;0.85
2011-10-26;1.00;0.02;1.06
2011-11-02;50.00;0.01;0.96
2011-11-02;1.00;0.00;0.95
2011-11-10;50.00;0.03;1.03
2011-11-10;1.00;0.05;1.94
2011-11-15;50.00;0.00;1.29
2011-11-15;1.00;0.02;1.26
2011-11-22;50.00;0.00;1.11
2011-11-22;1.00;0.01;1.33
2011-11-29;50.00;0.04;1.21
2011-11-29;1.00;0.05;1.24
2011-12-06;50.00;0.03;1.13
2011-12-06;1.00;0.04;1.33
2011-12-13;50.00;0.02;1.19
2011-12-13;1.00;0.04;1.36
2011-12-19;50.00;0.03;1.39
2011-12-19;1.00;0.05;1.30
2012-01-03;50.00;999999;999999
2012-01-03;1.00;0.04;1.66
2012-01-10;50.00;0.04;1.73
2012-01-10;1.00;0.05;1.79
2012-01-17;50.00;0.04;1.82
2012-01-17;1.00;0.04;1.66
2012-01-24;50.00;0.05;1.59
2012-01-24;1.00;0.09;1.78
2012-01-31;50.00;999999;999999
2012-01-31;1.00;999999;999999
2012-02-07;50.00;0.06;2.10
2012-02-07;1.00;0.06;2.40
2012-02-14;50.00;0.09;2.24
2012-02-14;1.00;0.09;2.29
2012-02-21;50.00;0.05;2.08
2012-02-21;1.00;0.05;1.91
2012-02-28;50.00;0.05;1.87
2012-02-28;1.00;0.05;1.77
2012-03-06;50.00;0.05;1.83
2012-03-06;1.00;0.06;1.57
2012-03-13;50.00;0.05;1.66
2012-03-13;1.00;0.05;1.63
2012-03-20;50.00;0.05;1.68
2012-03-20;1.00;0.04;2.04
2012-03-27;50.00;0.05;1.63
2012-03-27;1.00;0.05;1.75
2012-04-03;50.00;0.04;1.59
2012-04-03;1.00;0.04;1.64
2012-04-10;50.00;0.06;1.60
2012-04-10;1.00;0.04;1.51
2012-04-17;50.00;0.04;1.44
2012-04-17;1.00;0.05;1.56
2012-04-25;50.00;0.10;2.02
2012-04-25;1.00;0.10;1.97
2012-05-02;50.00;0.05;1.68
2012-05-02;1.00;0.06;1.87
2012-05-09;50.00;0.06;1.68
2012-05-09;1.00;0.07;1.47
2012-05-15;50.00;0.04;1.51
2012-05-15;1.00;0.10;1.46
2012-05-22;50.00;0.04;1.54
2012-05-22;1.00;0.08;1.39
2012-05-29;50.00;999999;999999
2012-05-29;1.00;0.05;1.47
2012-06-05;50.00;0.04;1.45
2012-06-05;1.00;0.08;1.41
2012-06-13;50.00;999999;999999
2012-06-13;1.00;999999;999999
2012-06-19;50.00;0.04;1.52
2012-06-19;1.00;0.05;1.13
2012-06-26;50.00;0.04;1.43
2012-06-26;1.00;0.05;1.23
2012-07-03;50.00;0.05;1.70
2012-07-03;1.00;0.08;1.85
2012-07-10;50.00;0.04;1.49
2012-07-10;1.00;0.07;1.70
2012-07-17;50.00;0.03;1.51
2012-07-17;1.00;999999;999999
2012-07-24;50.00;0.04;1.45
2012-07-24;1.00;0.03;1.59
2012-07-31;50.00;0.04;1.65
2012-07-31;1.00;0.04;1.87
2012-08-07;50.00;0.04;1.67
2012-08-07;1.00;0.06;1.72
2012-08-21;50.00;999999;999999
2012-08-21;1.00;999999;999999
2012-08-28;50.00;0.05;1.45
2012-08-28;1.00;0.04;1.79
2012-09-05;50.00;0.03;1.56
2012-09-05;1.00;0.10;1.50
2012-09-11;50.00;0.03;1.69
2012-09-11;1.00;0.04;1.71
2012-09-18;50.00;0.02;1.53
2012-09-18;1.00;0.02;1.45
2012-09-25;50.00;0.05;1.69
2012-09-25;1.00;0.06;1.57
2012-10-02;50.00;0.04;1.14
2012-10-02;1.00;0.04;1.36
2012-10-09;50.00;0.06;1.30
2012-10-09;1.00;0.06;1.68
2012-10-16;50.00;0.04;1.62
2012-10-16;1.00;0.05;1.61
2012-10-23;50.00;0.06;1.39
2012-10-23;1.00;0.30;1.64
2012-10-30;50.00;0.04;1.45
2012-10-30;1.00;0.04;1.50
2012-11-07;50.00;0.02;1.42
2012-11-07;1.00;0.02;1.45
2012-11-13;50.00;0.05;1.54
2012-11-13;1.00;0.17;1.79
2012-11-20;50.00;999999;999999
2012-11-20;1.00;999999;1.28
2012-11-27;50.00;999999;1.19
2012-11-27;1.00;999999;1.05
2012-12-05;50.00;999999;1.08
2012-12-05;1.00;999999;999999
2012-12-11;50.00;999999;999999
2012-12-11;1.00;999999;999999
2012-12-18;50.00;999999;999999
2012-12-18;1.00;999999;999999
2012-12-28;50.00;999999;999999
2012-12-28;1.00;999999;999999
2013-01-04;50.00;0.02;0.83
2013-01-04;1.00;0.06;1.06
2013-01-08;50.00;0.05;0.81
2013-01-08;1.00;0.05;0.86
2013-01-15;50.00;0.03;1.04
2013-01-15;1.00;0.08;0.80
2013-01-22;1.00;0.08;1.26
2013-01-22;50.00;0.05;1.25
2013-01-29;50.00;0.04;1.13
2013-01-29;1.00;0.08;1.14
2013-02-05;50.00;0.05;1.16
2013-02-05;1.00;0.07;1.24
2013-02-12;50.00;0.06;1.50
2013-02-12;1.00;0.06;1.47
2013-02-19;50.00;0.05;1.37
2013-02-19;1.00;0.05;1.60
2013-02-25;50.00;0.06;1.16
2013-02-25;1.00;0.06;1.24
2013-03-07;50.00;0.07;1.23
2013-03-07;1.00;0.08;1.00
2013-03-12;50.00;0.05;0.89
2013-03-12;1.00;0.08;2.43
2013-03-20;50.00;0.08;1.09
2013-03-20;1.00;0.08;1.65
2013-03-26;50.00;0.03;1.24
2013-03-26;1.00;0.06;1.64
2013-04-02;50.00;0.08;1.04
2013-04-02;1.00;0.06;1.46
2013-04-09;50.00;0.07;1.35
2013-04-09;1.00;0.06;1.37
2013-04-16;50.00;0.07;1.10
2013-04-16;1.00;0.06;0.94
2013-04-26;50.00;0.05;0.92
2013-04-26;1.00;0.04;0.50
2013-04-30;50.00;0.05;0.84
2013-04-30;1.00;0.05;0.84
2013-05-07;50.00;0.06;1.04
2013-05-07;1.00;0.07;2.41
2013-05-14;50.00;0.06;0.97
2013-05-14;1.00;0.07;0.94
2013-05-21;50.00;0.05;1.11
2013-05-21;1.00;0.07;1.84
2013-05-28;50.00;0.04;0.95
2013-05-28;1.00;0.06;1.45
2013-06-04;50.00;0.07;0.94
2013-06-04;1.00;0.08;0.70
2013-06-11;50.00;0.04;0.86
2013-06-11;1.00;0.06;1.12
2013-06-18;50.00;0.03;0.56
2013-06-18;1.00;0.07;1.15
2013-06-25;50.00;0.06;1.05
2013-06-25;1.00;0.05;0.74
2013-07-02;50.00;0.05;0.69
2013-07-02;1.00;0.06;0.81
2013-07-09;50.00;0.03;0.72
2013-07-09;1.00;0.05;0.61
2013-07-16;50.00;0.03;0.63
2013-07-16;1.00;0.07;0.76
2013-07-23;50.00;0.07;0.80
2013-07-23;1.00;0.06;0.73
2013-07-30;50.00;0.05;0.64
2013-07-30;1.00;0.06;1.06
2013-08-06;50.00;0.05;0.48
2013-08-06;1.00;0.05;0.76
2013-08-20;50.00;0.02;0.61
2013-08-20;1.00;0.04;0.99
2013-08-28;50.00;0.03;0.44
2013-08-28;1.00;0.06;0.79
2013-09-03;50.00;0.03;0.49
2013-09-03;1.00;0.04;1.00
2013-09-11;50.00;0.04;0.55
2013-09-11;1.00;0.04;0.88
2013-09-18;50.00;0.02;0.48
2013-09-18;1.00;0.03;0.79
2013-09-24;50.00;0.02;0.75
2013-09-24;1.00;0.03;0.85
2013-10-08;50.00;0.04;0.79
2013-10-08;1.00;0.05;0.91
2013-10-15;50.00;0.02;0.60
2013-10-15;1.00;0.05;0.76
2013-10-22;50.00;0.06;0.82
2013-10-22;1.00;0.03;0.68
2013-10-29;50.00;0.09;1.12
2013-10-29;1.00;0.11;1.00
2013-11-05;50.00;0.02;0.96
2013-11-05;1.00;0.03;1.14
2013-11-12;50.00;0.11;0.96
2013-11-12;1.00;0.08;0.97
2013-11-21;50.00;999999;999999
2013-11-21;1.00;999999;999999
2013-11-27;50.00;999999;999999
2013-11-27;1.00;999999;999999
2013-12-03;50.00;999999;999999
2013-12-03;1.00;999999;999999
2013-12-10;50.00;999999;999999
2013-12-10;1.00;999999;999999
2013-12-17;50.00;999999;999999
2013-12-17;1.00;999999;999999
2013-12-23;50.00;999999;999999
2013-12-23;1.00;999999;999999
2014-01-07;50.00;0.26;1.90
2014-01-07;1.00;0.09;3.63
2014-01-14;50.00;0.13;0.99
2014-01-14;1.00;0.15;1.87
2014-01-21;50.00;0.23;2.28
2014-01-21;1.00;0.11;6.92
2014-01-28;50.00;0.17;2.22
2014-01-28;1.00;0.07;2.21
2014-02-05;50.00;0.02;1.08
2014-02-05;1.00;0.03;1.15
2014-02-11;50.00;0.17;1.44
2014-02-11;1.00;0.00;1.25
2014-02-18;50.00;0.03;1.37
2014-02-18;1.00;0.07;2.01
2014-02-25;50.00;0.02;1.26
2014-02-25;1.00;0.01;1.95
2014-03-04;50.00;0.02;1.20
2014-03-04;1.00;0.06;1.38
2014-03-11;50.00;0.05;1.24
2014-03-11;1.00;0.09;2.14
2014-03-19;50.00;0.04;1.20
2014-03-19;1.00;0.12;1.57
2014-03-25;50.00;0.03;0.92
2014-03-25;1.00;0.03;1.95
2014-04-01;50.00;0.02;0.93
2014-04-01;1.00;0.03;1.11
2014-04-08;50.00;0.05;1.16
2014-04-08;1.00;0.02;1.35
2014-04-15;50.00;0.04;0.95
2014-04-15;1.00;0.03;1.64
2014-04-22;50.00;0.02;0.76
2014-04-22;1.00;0.03;1.02
2014-04-29;50.00;0.03;0.98
2014-04-29;1.00;0.02;0.97
2014-05-06;50.00;0.00;0.75
2014-05-06;1.00;0.01;0.58
2014-05-13;50.00;0.00;0.71
2014-05-13;1.00;0.01;0.69
2014-05-20;50.00;0.00;0.54
2014-05-20;1.00;0.07;0.53
2014-05-27;50.00;0.02;0.66
2014-05-27;1.00;0.03;0.51
2014-06-03;50.00;0.03;0.65
2014-06-03;1.00;0.04;0.39
2014-06-10;50.00;0.03;0.48
2014-06-10;1.00;0.04;0.62
2014-06-17;50.00;0.03;0.34
2014-06-17;1.00;0.04;0.46
2014-06-24;50.00;0.03;0.46
2014-06-24;1.00;0.04;0.78
2014-07-01;50.00;0.04;0.25
2014-07-01;1.00;0.07;0.43
2014-07-08;50.00;0.03;0.31
2014-07-08;1.00;0.04;0.35
2014-07-15;50.00;0.03;0.26
2014-07-15;1.00;0.04;0.58
2014-07-22;50.00;0.09;0.53
2014-07-22;1.00;0.04;0.31
2014-07-30;50.00;0.13;0.80
2014-07-30;1.00;0.29;0.57
2014-08-05;50.00;0.18;0.81
2014-08-05;1.00;0.25;1.17
2014-08-19;50.00;0.13;0.59
2014-08-19;1.00;0.12;0.64
2014-08-26;50.00;0.03;0.32
2014-08-26;1.00;0.04;0.33
2014-09-02;50.00;0.03;0.45
2014-09-02;1.00;0.03;0.40
2014-09-09;50.00;0.03;0.43
2014-09-09;1.00;0.03;0.63
2014-09-15;50.00;0.03;0.49
2014-09-15;1.00;0.06;0.30
2014-09-23;50.00;0.02;0.30
2014-09-23;1.00;0.03;0.35
2014-09-30;50.00;999999;999999
2014-09-30;1.00;999999;999999
2014-10-07;50.00;0.02;0.37
2014-10-07;1.00;0.02;0.29
2014-10-14;50.00;0.04;0.34
2014-10-14;1.00;0.03;0.31
2014-10-21;50.00;0.03;0.61
2014-10-21;1.00;0.03;0.44
2014-10-29;50.00;0.02;0.27
2014-10-29;1.00;0.03;0.35
2014-11-06;50.00;0.04;0.63
2014-11-06;1.00;0.09;2.34
2014-11-12;50.00;0.03;0.63
2014-11-12;1.00;0.03;1.39
2014-11-18;50.00;0.04;0.79
2014-11-18;1.00;0.04;0.98
2014-11-25;50.00;0.03;0.69
2014-11-25;1.00;0.04;1.55
2014-12-02;50.00;0.08;0.71
2014-12-02;1.00;0.05;1.55
2014-12-09;50.00;0.12;0.78
2014-12-09;1.00;0.04;0.96
2014-12-16;50.00;0.02;0.60
2014-12-16;1.00;0.03;0.58
2014-12-22;50.00;0.04;0.75
2014-12-22;1.00;0.03;0.72
2015-01-06;1.00;0.04;0.47
2015-01-06;50.00;0.04;0.57
2015-01-12;1.00;0.03;0.37
2015-01-12;50.00;0.04;0.49
2015-01-20;1.00;0.04;0.77
2015-01-20;50.00;0.21;1.28
2015-01-27;1.00;0.04;0.79
2015-01-27;50.00;0.02;1.12
2015-02-03;1.00;0.05;0.85
2015-02-03;50.00;0.14;1.06
2015-02-10;1.00;0.06;0.98
2015-02-10;50.00;0.05;0.87
2015-02-17;1.00;0.13;0.94
2015-02-17;50.00;0.05;0.86
2015-02-24;1.00;0.06;0.93
2015-02-24;50.00;0.06;0.87
2015-03-03;1.00;0.05;0.91
2015-03-03;50.00;0.05;0.95
2015-03-10;1.00;0.05;0.69
2015-03-10;50.00;0.03;0.77
2015-03-17;1.00;0.05;0.72
2015-03-17;50.00;0.06;0.79
2015-03-24;1.00;0.04;0.75
2015-03-24;50.00;0.04;0.69
2015-03-31;1.00;0.04;0.72
2015-03-31;50.00;0.03;0.60
2015-04-07;1.00;0.03;0.67
2015-04-07;50.00;0.03;0.68
2015-04-14;1.00;0.04;0.66
2015-04-14;50.00;0.03;0.58
2015-04-21;1.00;0.03;0.74
2015-04-21;50.00;0.03;0.65
2015-04-28;1.00;0.04;0.96
2015-04-28;50.00;0.03;1.02
2015-05-05;1.00;0.03;1.22
2015-05-05;50.00;0.03;0.98
2015-05-12;1.00;0.05;1.28
2015-05-12;50.00;0.04;1.05
2015-05-19;1.00;0.06;1.02
2015-05-19;50.00;0.04;0.93
2015-05-26;1.00;0.05;0.97
2015-05-26;50.00;0.05;1.00
2015-06-02;1.00;0.06;1.12
2015-06-02;50.00;0.05;0.90
2015-06-09;1.00;0.05;1.17
2015-06-09;50.00;0.04;1.10
2015-06-16;1.00;0.05;1.36
2015-06-16;50.00;0.03;0.99
2015-06-22;1.00;0.03;1.60
2015-06-22;50.00;0.03;0.98
2015-06-30;1.00;0.04;0.93
2015-06-30;50.00;0.04;0.93
2015-07-07;1.00;0.06;1.72
2015-07-07;50.00;0.05;1.08
2015-07-15;1.00;0.07;1.39
2015-07-15;50.00;0.03;1.07
2015-07-21;1.00;0.03;1.29
2015-07-21;50.00;0.04;0.98
2015-07-28;1.00;0.04;1.16
2015-07-28;50.00;0.08;0.69
2015-08-04;1.00;0.04;1.32
2015-08-04;50.00;0.05;1.01
2015-08-11;1.00;0.05;1.35
2015-08-11;50.00;0.05;0.98
2015-08-25;1.00;0.06;1.14
2015-08-25;50.00;0.04;0.92
2015-09-01;1.00;0.04;1.34
2015-09-01;50.00;0.03;0.80
2015-09-08;1.00;0.03;1.21
2015-09-08;50.00;0.04;1.03
2015-09-15;1.00;0.09;1.44
2015-09-15;50.00;0.07;1.09
2015-09-22;1.00;0.05;1.19
2015-09-22;50.00;0.05;1.10
2015-09-29;1.00;0.05;1.24
2015-09-29;50.00;0.04;1.21
2015-10-06;1.00;0.06;1.65
2015-10-06;50.00;0.03;1.27
2015-10-13;1.00;0.05;1.70
2015-10-13;50.00;0.03;1.32
2015-10-20;1.00;0.08;1.15
2015-10-20;50.00;0.05;1.08
2015-10-27;1.00;0.08;1.02
2015-10-27;50.00;0.07;1.04
2015-11-03;1.00;0.04;0.96
2015-11-03;50.00;0.07;0.84
2015-11-10;50.00;0.04;0.96
2015-11-10;1.00;0.04;1.04
2015-11-17;1.00;0.09;1.00
2015-11-17;50.00;0.07;0.95
2015-11-24;1.00;0.06;0.76
2015-11-24;50.00;0.08;0.86
2015-12-01;1.00;0.07;0.91
2015-12-01;50.00;0.07;0.82
2015-12-08;1.00;0.04;0.97
2015-12-08;50.00;0.04;0.75
2015-12-15;1.00;0.04;0.80
2015-12-15;50.00;0.05;0.90
2015-12-22;1.00;0.02;0.74
2015-12-22;50.00;0.07;0.66
2016-01-05;1.00;0.06;0.80
2016-01-05;50.00;0.04;0.71
2016-01-13;1.00;0.14;1.51
2016-01-13;50.00;0.22;2.51
2016-01-19;1.00;0.09;1.19
2016-01-19;50.00;0.08;1.15
2016-01-26;1.00;0.05;1.18
2016-01-26;50.00;0.06;1.24
2016-02-02;1.00;0.07;1.46
2016-02-02;50.00;0.07;1.12
2016-02-09;1.00;0.06;1.14
2016-02-09;50.00;0.11;1.38
2016-02-16;1.00;0.09;1.22
2016-02-16;50.00;0.09;1.12
2016-02-23;1.00;0.07;1.34
2016-02-23;50.00;0.08;1.31
2016-03-01;1.00;0.08;0.84
2016-03-01;50.00;0.08;0.95
2016-03-09;1.00;0.10;0.72
2016-03-09;50.00;0.08;0.93
2016-03-15;1.00;0.07;1.05
2016-03-15;50.00;0.08;1.02
2016-03-22;1.00;999999;999999
2016-03-22;50.00;0.01;1.56
2016-03-29;1.00;0.16;1.38
2016-03-29;50.00;0.00;1.72
2016-04-05;1.00;0.00;1.50
2016-04-05;50.00;0.00;2.13
2016-04-12;1.00;0.10;2.01
2016-04-12;50.00;0.06;1.39
2016-04-19;1.00;0.06;1.31
2016-04-19;50.00;0.07;1.45
2016-04-25;1.00;0.06;1.30
2016-04-25;50.00;0.05;1.26
2016-05-03;1.00;0.07;1.31
2016-05-03;50.00;0.06;1.98
2016-05-10;1.00;0.06;1.40
2016-05-10;50.00;0.09;1.00
2016-05-17;1.00;0.05;0.89
2016-05-17;50.00;0.08;0.83
2016-05-24;1.00;0.10;1.18
2016-05-24;50.00;0.08;1.32
2016-06-01;1.00;0.08;1.42
2016-06-01;50.00;0.05;0.90
2016-06-07;1.00;0.08;0.88
2016-06-07;50.00;0.07;1.17
2016-06-14;1.00;0.06;1.34
2016-06-14;50.00;0.07;0.98
2016-06-21;1.00;0.07;1.04
2016-06-21;50.00;0.09;1.29
2016-06-28;1.00;0.07;0.84
2016-06-28;50.00;0.06;0.99
2016-07-05;1.00;0.08;1.52
2016-07-05;50.00;0.04;1.29
2016-07-12;1.00;0.12;1.24
2016-07-12;50.00;0.08;0.93
2016-07-19;1.00;0.10;1.21
2016-07-19;50.00;0.07;1.30
2016-07-26;1.00;0.07;0.99
2016-07-26;50.00;0.11;1.42
2016-08-02;1.00;0.10;1.38
2016-08-02;50.00;0.07;1.04
2016-08-16;1.00;0.10;1.78
2016-08-16;50.00;0.05;0.64
2016-08-23;1.00;0.06;1.12
2016-08-23;50.00;0.04;1.29
2016-08-31;1.00;0.05;1.59
2016-08-31;50.00;0.04;1.79
2016-09-06;1.00;0.06;2.32
2016-09-06;50.00;0.03;0.81
2016-09-13;1.00;0.04;0.86
2016-09-13;50.00;0.03;0.82
2016-09-20;1.00;0.05;0.75
2016-09-20;50.00;0.05;0.80
2016-09-27;1.00;0.04;0.79
2016-09-27;50.00;0.02;0.84
2016-10-04;1.00;0.02;0.78
2016-10-04;50.00;0.03;0.73
2016-10-11;1.00;0.03;0.90
2016-10-11;50.00;0.01;0.58
2016-10-18;1.00;0.02;0.67
2016-10-18;50.00;0.09;0.94
2016-10-26;1.00;0.09;1.24
2016-10-26;50.00;0.11;1.35
2016-11-02;1.00;0.11;1.19
2016-11-02;50.00;0.08;1.04
2016-11-08;1.00;0.07;1.12
2016-11-08;50.00;0.07;1.07
2016-11-15;1.00;0.08;1.25
2016-11-15;50.00;0.07;1.29
2016-11-22;1.00;0.08;1.23
2016-11-22;50.00;0.06;1.63
2016-11-30;1.00;0.05;1.41
2016-11-30;50.00;0.06;0.94
2016-12-06;1.00;0.05;1.14
2016-12-06;50.00;0.06;0.97
2016-12-13;1.00;0.04;1.14
2016-12-13;50.00;0.03;0.95
2016-12-21;1.00;0.04;0.73
2016-12-21;50.00;999999;0.90
2017-01-03;1.00;0.04;0.82
2017-01-03;50.00;0.03;0.51
2017-01-10;1.00;0.03;0.69
2017-01-10;50.00;0.03;1.05
2017-01-17;1.00;0.09;0.92
2017-01-17;50.00;0.03;1.17
2017-01-24;1.00;0.04;1.22
2017-01-24;50.00;0.04;1.63
2017-01-31;1.00;0.03;1.22
2017-01-31;50.00;0.06;1.22
2017-02-07;1.00;0.03;1.53
2017-02-07;50.00;0.04;1.45
2017-02-14;1.00;0.03;1.49
2017-02-14;50.00;0.03;1.27
2017-02-21;1.00;0.03;1.32
2017-02-21;50.00;0.03;1.29
2017-03-01;1.00;0.12;1.82
2017-03-01;50.00;0.08;1.53
2017-03-07;1.00;0.03;1.66
2017-03-07;50.00;0.09;1.77
2017-03-14;1.00;0.06;1.40
2017-03-14;50.00;0.05;1.41
2017-03-21;1.00;0.04;1.60
2017-03-21;50.00;0.07;1.62
2017-03-28;1.00;0.06;1.84
2017-03-28;50.00;0.05;1.52
2017-04-04;1.00;0.05;1.50
2017-04-04;50.00;0.03;1.46
2017-04-11;1.00;0.10;1.89
2017-04-11;50.00;0.05;1.28
2017-04-18;1.00;0.08;1.65
2017-04-18;50.00;0.06;1.33
2017-04-25;1.00;0.07;1.37
2017-04-25;50.00;0.09;1.11
2017-05-02;1.00;0.08;1.15
2017-05-02;50.00;0.05;1.36
2017-05-09;1.00;0.09;1.30
2017-05-09;50.00;0.04;0.93
2017-05-16;1.00;0.04;1.00
2017-05-16;50.00;0.04;1.20
2017-05-23;1.00;0.06;1.10
2017-05-23;50.00;0.06;1.14
2017-05-30;1.00;0.06;1.69
2017-05-30;50.00;0.07;1.78
2017-06-06;1.00;0.06;1.49
2017-06-06;50.00;0.05;1.41
2017-06-14;1.00;0.06;1.51
2017-06-14;50.00;0.07;1.01
2017-06-20;1.00;0.04;1.22
2017-06-20;50.00;0.06;0.84
2017-06-27;1.00;0.06;0.63
2017-06-27;50.00;0.04;0.48
2017-07-04;1.00;0.05;0.53
2017-07-04;50.00;0.06;0.90
2017-07-11;1.00;0.05;0.92
2017-07-11;50.00;0.06;1.31
2017-07-18;1.00;0.05;0.65
2017-07-18;50.00;0.02;0.55
2017-07-25;1.00;0.04;1.80
2017-07-25;50.00;999999;999999
2017-08-01;1.00;0.06;0.76
2017-08-01;50.00;0.07;2.30
2017-08-07;1.00;0.05;1.56
2017-08-07;50.00;0.02;0.67
2017-08-23;1.00;0.05;0.82
2017-08-23;50.00;0.02;0.63
2017-08-29;1.00;0.07;1.08
2017-08-29;50.00;0.07;0.78
2017-09-05;1.00;0.09;0.42
2017-09-05;50.00;0.06;0.27
2017-09-13;1.00;0.06;0.54
2017-09-13;50.00;0.02;0.68
2017-09-19;1.00;0.04;1.31
2017-09-19;50.00;0.04;1.80
2017-09-26;1.00;0.03;1.49
2017-09-26;50.00;0.06;0.87
2017-10-03;1.00;0.04;1.29
2017-10-03;50.00;0.05;0.89
2017-10-10;1.00;0.05;0.99
2017-10-10;50.00;0.07;1.07
2017-10-17;1.00;0.05;0.90
2017-10-17;50.00;0.07;1.10
2017-10-24;1.00;0.07;0.83
2017-10-24;50.00;0.05;0.44
2017-10-31;1.00;0.05;0.52
2017-10-31;50.00;0.06;0.43
2017-11-07;1.00;0.08;1.18
2017-11-07;50.00;0.06;1.23
2017-11-14;1.00;0.06;1.22
2017-11-14;50.00;0.04;1.37
2017-11-21;1.00;0.08;1.62
2017-11-21;50.00;0.02;0.91
2017-11-28;1.00;0.02;0.24
2017-11-28;50.00;0.04;0.65
2017-12-04;1.00;0.05;0.91
2017-12-04;50.00;0.06;1.19
2017-12-13;1.00;0.06;1.77
2017-12-13;50.00;0.07;1.66
2017-12-19;1.00;0.06;1.10
2017-12-19;50.00;0.07;1.13
2018-01-03;1.00;0.03;1.39
2018-01-03;50.00;0.05;0.91
2018-01-10;1.00;0.04;0.92
2018-01-10;50.00;0.07;1.19
2018-01-18;1.00;1.42;1.31
2018-01-18;50.00;0.11;1.26
2018-01-23;1.00;0.08;0.83
2018-01-23;50.00;0.06;0.96
2018-01-30;1.00;0.06;0.91
2018-01-30;50.00;0.06;1.50
2018-02-07;1.00;0.05;1.70
2018-02-07;50.00;0.08;1.85
2018-02-13;1.00;0.09;2.07
2018-02-13;50.00;0.09;1.52
2018-02-19;1.00;0.08;1.69
2018-02-19;50.00;0.08;2.06
2018-02-27;1.00;0.10;2.40
2018-02-27;50.00;0.10;2.52
2018-03-07;1.00;0.08;1.72
2018-03-07;50.00;0.07;1.57
2018-03-14;1.00;0.05;2.45
2018-03-14;50.00;0.06;1.31
2018-03-20;1.00;0.08;1.22
2018-03-20;50.00;0.10;1.37
2018-03-27;1.00;0.08;1.22
2018-03-27;50.00;0.08;1.10
2018-04-04;1.00;0.08;1.60
2018-04-04;50.00;0.08;1.38
2018-04-17;1.00;0.08;3.83
2018-04-17;50.00;0.07;1.80
2018-04-24;1.00;0.12;1.15
2018-04-24;50.00;0.06;0.86
2018-05-02;1.00;0.07;0.59
2018-05-02;50.00;0.05;0.76
2018-05-07;1.00;0.02;1.43
2018-05-07;50.00;0.01;0.91
2018-05-14;1.00;0.08;1.25
2018-05-14;50.00;0.14;1.12
2018-05-22;1.00;0.11;1.30
2018-05-22;50.00;0.06;1.06
2018-05-29;1.00;0.05;1.70
2018-05-29;50.00;0.05;1.26
2018-06-04;1.00;0.05;1.55
2018-06-04;50.00;0.06;1.32
2018-06-12;1.00;0.05;2.04
2018-06-12;50.00;0.03;1.12
2018-06-19;1.00;0.05;1.55
2018-06-19;50.00;0.06;1.88
2018-06-26;1.00;0.08;1.41
2018-06-26;50.00;0.04;1.29
2018-07-03;1.00;0.06;1.37
2018-07-03;50.00;0.01;1.20
2018-07-10;1.00;0.06;1.54
2018-07-10;50.00;0.04;1.47
2018-07-17;1.00;0.06;1.42
2018-07-17;50.00;0.04;1.25
2018-07-24;1.00;0.07;1.65
2018-07-24;50.00;0.03;1.32
2018-07-31;1.00;0.04;1.81
2018-07-31;50.00;0.02;1.39
2018-08-07;1.00;0.02;1.77
2018-08-07;50.00;0.03;1.32
2018-08-21;1.00;0.04;1.67
2018-08-21;50.00;0.04;1.25
2018-08-28;1.00;0.06;1.50
2018-08-28;50.00;0.08;1.13
2018-09-04;1.00;0.05;1.97
2018-09-04;50.00;0.04;1.25
2018-09-11;1.00;0.06;1.79
2018-09-11;50.00;0.02;1.28
2018-09-17;1.00;0.06;1.66
2018-09-17;50.00;0.04;1.33
2018-09-26;1.00;0.11;1.42
2018-09-26;50.00;0.07;1.36
2018-10-02;1.00;0.06;2.00
2018-10-02;50.00;0.06;1.17
2018-10-09;1.00;0.06;1.50
2018-10-09;50.00;0.05;1.39
2018-10-16;1.00;0.04;1.60
2018-10-16;50.00;0.03;1.86
2018-10-23;1.00;0.05;1.46
2018-10-23;50.00;0.05;1.68
2018-11-06;1.00;0.05;1.79
2018-11-06;50.00;0.04;1.72
2018-11-13;1.00;0.07;2.01
2018-11-13;50.00;0.05;1.81
2018-11-20;1.00;0.16;1.67
2018-11-20;50.00;0.04;1.56
2018-11-27;1.00;0.03;1.65
2018-11-27;50.00;0.04;1.71
2018-12-04;1.00;0.04;1.53
2018-12-04;50.00;0.07;1.33
2018-12-11;1.00;0.05;1.44
2018-12-11;50.00;0.04;1.42
2018-12-18;1.00;0.04;1.06
2018-12-18;50.00;0.04;1.15
2019-01-02;1.00;0.03;1.10
2019-01-02;50.00;0.04;1.54
2019-01-08;1.00;0.03;1.13
2019-01-08;50.00;0.04;1.19
2019-01-15;1.00;0.03;0.83
2019-01-15;50.00;0.02;0.90
2019-01-22;1.00;0.03;0.81
2019-01-22;50.00;0.02;0.77
2019-01-29;1.00;0.03;1.39
2019-01-29;50.00;0.03;1.07
2019-02-05;1.00;0.04;3.20
2019-02-05;50.00;0.02;2.77
2019-02-12;1.00;0.06;1.93
2019-02-12;50.00;0.06;2.86
2019-02-19;1.00;0.05;2.22
2019-02-19;50.00;0.05;3.62
2019-02-26;1.00;0.04;2.12
2019-02-26;50.00;0.04;1.31
2019-03-06;1.00;0.04;2.39
2019-03-06;50.00;0.04;2.13
2019-03-12;1.00;0.06;1.13
2019-03-12;50.00;0.05;3.78
2019-03-19;1.00;0.04;1.26
2019-03-19;50.00;0.03;1.12
2019-03-27;1.00;0.03;1.20
2019-03-27;50.00;0.04;1.29
2019-04-02;1.00;0.04;1.30
2019-04-02;50.00;0.05;1.42
2019-04-09;1.00;0.04;2.28
2019-04-09;50.00;0.04;1.39
2019-04-16;1.00;0.05;1.84
2019-04-16;50.00;0.04;1.47
2019-04-23;1.00;0.04;1.59
2019-04-23;50.00;0.03;1.54
2019-04-30;1.00;0.04;1.94
2019-04-30;50.00;0.04;1.59
2019-05-07;1.00;0.04;1.76
2019-05-07;50.00;0.02;1.46
2019-05-14;1.00;0.03;2.62
2019-05-14;50.00;0.02;2.61
2019-05-21;1.00;0.04;1.57
2019-05-21;50.00;0.03;1.74
2019-05-28;1.00;0.08;3.32
2019-05-28;50.00;0.03;1.69
2019-06-05;1.00;0.04;2.46
2019-06-05;50.00;0.03;1.72
2019-06-11;1.00;0.06;2.63
2019-06-11;50.00;0.03;1.99
2019-06-19;1.00;0.04;2.28
2019-06-19;50.00;0.03;4.10
2019-06-25;1.00;0.06;2.26
2019-06-25;50.00;0.02;2.44
2019-07-02;1.00;0.03;2.39
2019-07-02;50.00;0.03;2.21
2019-07-09;1.00;0.04;2.33
2019-07-09;50.00;0.04;1.46
2019-07-16;1.00;0.04;3.75
2019-07-16;50.00;0.04;2.59
2019-07-23;1.00;0.07;1.76
2019-07-23;50.00;0.04;1.32
2019-07-30;1.00;0.02;1.51
2019-07-30;50.00;0.03;1.13
2019-08-06;1.00;0.02;1.36
2019-08-06;50.00;0.03;1.19
2019-08-20;1.00;0.04;1.54
2019-08-20;50.00;0.03;1.59
2019-08-27;1.00;0.04;1.36
2019-08-27;50.00;0.03;1.13
2019-09-03;1.00;0.04;1.51
2019-09-03;50.00;0.03;0.91
2019-09-10;1.00;0.04;1.40
2019-09-10;50.00;0.03;0.97
2019-09-17;1.00;0.04;1.64
2019-09-17;50.00;0.03;0.99
2019-09-24;1.00;0.03;1.22
2019-09-24;50.00;0.02;0.80
2019-10-01;1.00;0.03;2.28
2019-10-01;50.00;0.02;0.77
2019-10-08;1.00;0.03;1.24
2019-10-08;50.00;0.03;0.89
2019-10-16;1.00;0.02;1.22
2019-10-16;50.00;0.03;0.97
2019-10-22;1.00;0.05;1.81
2019-10-22;50.00;0.04;1.37
2019-10-29;1.00;0.05;1.78
2019-10-29;50.00;0.02;1.17
2019-11-05;1.00;0.04;2.08
2019-11-05;50.00;0.02;1.24
2019-11-12;1.00;0.01;1.36
2019-11-12;50.00;0.01;1.35
2019-11-19;1.00;0.04;1.83
2019-11-19;50.00;0.03;1.51
2019-11-26;1.00;0.12;6.82
2019-11-26;50.00;0.04;1.79
2019-12-03;1.00;0.05;2.60
2019-12-03;50.00;0.05;1.63
2019-12-10;1.00;0.04;2.05
2019-12-10;50.00;0.03;1.73
2019-12-17;1.00;0.05;1.63
2019-12-17;50.00;0.04;1.97
2020-01-07;1.00;0.05;1.95
2020-01-07;50.00;0.04;1.74
2020-01-14;1.00;0.04;1.58
2020-01-14;50.00;0.03;1.72
2020-01-21;1.00;0.05;1.60
2020-01-21;50.00;0.03;1.43
2020-01-28;1.00;0.03;1.35
2020-01-28;50.00;0.03;1.31
2020-02-05;1.00;0.02;2.06
2020-02-05;50.00;0.04;1.62
2020-02-12;1.00;0.07;1.99
2020-02-12;50.00;0.09;2.10
2020-02-17;1.00;0.03;1.49
2020-02-17;50.00;0.03;1.68
2020-02-25;1.00;0.03;1.36
2020-02-25;50.00;0.03;1.36
2020-03-03;1.00;0.05;2.38
2020-03-03;50.00;0.06;1.70
2020-03-10;1.00;0.05;2.09
2020-03-10;50.00;0.05;3.32
2020-04-23;1.00;0.03;1.57
2020-04-23;50.00;0.03;1.31
2020-05-05;1.00;0.04;1.34
2020-05-05;50.00;0.03;1.31
2020-05-14;1.00;0.05;1.30
2020-05-14;50.00;0.00;1.12
2020-05-19;1.00;0.07;1.37
2020-05-19;50.00;0.04;1.54
2020-05-26;1.00;0.04;2.31
2020-05-26;50.00;0.02;0.96
2020-06-02;1.00;0.03;1.33
2020-06-02;50.00;0.05;1.34
2020-06-09;1.00;0.05;1.77
2020-06-09;50.00;0.04;0.96
2020-06-15;1.00;0.04;1.45
2020-06-15;50.00;0.04;1.08
2020-06-23;1.00;0.04;1.50
2020-06-23;50.00;0.03;1.19
2020-06-30;1.00;0.04;1.46
2020-06-30;50.00;0.02;0.97
2020-07-07;1.00;0.05;1.27
2020-07-07;50.00;0.03;0.99
2020-07-15;1.00;0.03;0.95
2020-07-15;50.00;0.03;0.98
2020-07-21;1.00;0.05;1.69
2020-07-21;50.00;0.05;1.25
2020-07-28;1.00;0.04;1.07
2020-07-28;50.00;0.03;0.77
2020-08-04;1.00;0.04;1.45
2020-08-04;50.00;0.03;0.78
2020-08-11;1.00;0.04;1.81
2020-08-19;1.00;0.03;1.40
2020-08-25;1.00;0.03;0.93
2020-08-25;50.00;0.03;0.89
2020-09-01;1.00;0.02;1.20
2020-09-01;50.00;0.03;0.74
2020-09-07;1.00;0.02;1.03
2020-09-07;50.00;0.02;0.82
2020-09-14;1.00;0.02;1.18
2020-09-14;50.00;0.03;0.61
2020-09-22;1.00;0.03;1.11
2020-09-22;50.00;0.04;2.12
2020-09-29;1.00;0.03;0.82
2020-09-29;50.00;0.03;0.76
2020-10-06;1.00;0.02;0.84
2020-10-06;50.00;0.03;1.00
2020-10-13;1.00;0.02;0.92
2020-10-13;50.00;0.02;0.72
2020-10-20;1.00;0.05;1.24
2020-10-20;50.00;0.06;1.15
2020-10-27;1.00;0.05;1.16
2020-10-27;50.00;0.05;1.04
2020-11-03;1.00;0.02;1.07
2020-11-03;50.00;2.03;2.27
2020-11-10;1.00;0.04;1.23
2020-11-10;50.00;0.03;0.85
2020-11-17;1.00;0.05;0.83
2020-11-17;50.00;0.02;1.62
2020-11-24;1.00;0.04;1.41
2020-11-24;50.00;0.04;1.63
2020-12-02;1.00;0.00;1.14
2020-12-02;50.00;0.03;0.34
2020-12-08;1.00;0.03;0.54
2020-12-08;50.00;0.02;0.51
2020-12-15;1.00;0.05;1.23
2020-12-15;50.00;0.06;1.09
2020-12-22;1.00;0.05;1.20
2020-12-22;50.00;0.08;1.12
2021-01-05;1.00;0.04;1.53
2021-01-05;50.00;0.03;1.40
2021-01-12;1.00;0.02;1.46
2021-01-12;50.00;0.04;1.54
2021-01-19;1.00;0.01;1.49
2021-01-19;50.00;0.03;1.52
2021-01-26;1.00;0.03;1.50
2021-01-26;50.00;0.02;1.47
2021-02-02;1.00;0.02;1.39
2021-02-02;50.00;0.00;1.40
2021-02-09;1.00;0.03;1.55
2021-02-09;50.00;0.02;1.48
2021-02-16;1.00;0.00;1.89
2021-02-16;50.00;0.01;1.69
2021-02-23;1.00;0.02;1.86
2021-02-23;50.00;0.01;1.58
2021-03-02;1.00;0.00;2.07
2021-03-02;50.00;0.00;1.58
2021-03-09;1.00;0.02;1.94
2021-03-09;50.00;0.01;1.56
2021-03-16;1.00;0.04;1.77
2021-03-16;50.00;0.01;1.61
2021-03-23;1.00;0.00;1.56
2021-03-23;50.00;0.02;1.57
2021-03-30;1.00;0.01;1.46
2021-03-30;50.00;0.03;1.62
2021-04-06;1.00;0.01;1.64
2021-04-06;50.00;0.02;1.60
2021-04-13;1.00;0.02;1.60
2021-04-13;50.00;0.02;1.50
2021-04-20;1.00;0.03;0.85
2021-04-20;50.00;0.03;1.24
2021-04-27;1.00;0.03;1.06
2021-04-27;50.00;0.03;1.05
2021-05-04;1.00;0.04;2.85
2021-05-04;50.00;0.02;2.29
2021-05-11;1.00;0.04;1.36
2021-05-11;50.00;0.02;1.28
2021-05-18;1.00;0.03;1.73
2021-05-18;50.00;0.03;2.45
2021-05-25;1.00;0.03;2.93
2021-05-25;50.00;0.01;1.38
2021-06-01;1.00;0.05;2.29
2021-06-01;50.00;0.03;1.54
2021-06-09;1.00;0.04;1.88
2021-06-09;50.00;0.10;1.29
2021-06-15;1.00;0.03;1.32
2021-06-15;50.00;0.04;1.34
2021-06-22;1.00;0.05;1.51
2021-06-22;50.00;0.07;1.39
2021-06-29;1.00;0.03;1.40
2021-06-29;50.00;0.04;1.13
2021-07-06;1.00;0.02;1.01
2021-07-06;50.00;0.03;1.09
2021-07-13;1.00;0.02;1.15
2021-07-13;50.00;0.04;1.13
2021-07-20;2.00;0.03;1.05
2021-07-20;50.00;0.01;1.11
2021-07-27;2.00;0.04;1.41
2021-07-27;50.00;0.03;1.13
2021-08-03;1.00;0.04;1.39
2021-08-03;50.00;0.04;0.94
2021-08-10;1.00;0.04;1.30
2021-08-17;1.00;0.04;1.37
2021-08-24;1.00;0.05;1.82
2021-08-24;50.00;0.05;1.13
2021-08-31;1.00;0.06;1.19
2021-08-31;50.00;0.02;1.17
2021-09-07;1.00;0.03;1.31
2021-09-07;50.00;0.06;1.16
2021-09-14;1.00;0.04;0.95
2021-09-14;50.00;0.05;1.23
2021-09-21;1.00;0.02;0.98
2021-09-21;50.00;0.04;1.16
2021-09-28;1.00;0.03;1.13
2021-09-28;50.00;0.04;1.14
2021-10-05;1.00;0.04;1.03
2021-10-05;50.00;0.03;0.88
2021-10-12;1.00;0.05;1.11
2021-10-12;50.00;0.03;0.97
2021-10-19;1.00;0.03;0.99
2021-10-19;50.00;0.04;0.97
2021-10-25;1.00;0.04;1.04
2021-10-25;50.00;0.03;0.93
2021-11-03;1.00;0.04;0.33
2021-11-03;50.00;0.01;0.29
2021-11-09;2.00;0.04;0.23
2021-11-09;50.00;0.03;0.25
2021-11-23;1.00;0.03;0.23
2021-11-23;50.00;0.03;0.22
2021-12-07;1.00;0.03;0.26
2021-12-07;50.00;0.02;0.24
2021-12-14;1.00;0.03;0.20
2021-12-14;50.00;0.03;0.20
2021-12-21;1.00;0.05;0.18
2021-12-21;50.00;0.03;0.12
2022-01-11;1.00;0.03;0.30
2022-01-11;50.00;0.04;0.27
2022-01-18;1.00;0.05;0.25
2022-01-18;50.00;0.03;0.23
2022-01-25;1.00;0.04;0.23
2022-01-25;50.00;0.03;0.19
2022-02-01;1.00;0.03;0.14
2022-02-01;50.00;0.02;0.06
2022-02-08;1.00;0.03;0.26
2022-02-08;50.00;0.03;0.20
2022-02-15;1.00;0.04;0.17
2022-02-15;50.00;0.03;0.18
2022-02-22;1.00;0.03;0.10
2022-02-22;50.00;0.02;0.11
2022-03-02;1.00;0.05;1.43
2022-03-02;50.00;0.03;1.40
2022-03-08;1.00;0.03;1.51
2022-03-08;50.00;0.03;1.99
2022-03-16;1.00;0.02;1.68
2022-03-16;50.00;0.04;1.66
2022-03-22;1.00;0.07;1.88
2022-03-22;50.00;0.04;1.83
2022-03-30;1.00;0.02;1.59
2022-03-30;50.00;0.05;1.57
2022-04-05;1.00;0.02;1.47
2022-04-05;50.00;999999;999999
2022-04-12;1.00;0.03;1.53
2022-04-12;50.00;0.03;1.57
2022-04-19;1.00;999999;999999
2022-04-19;50.00;0.04;1.21
2022-04-26;1.00;0.04;1.53
2022-04-26;50.00;0.03;1.34
2022-05-02;1.00;0.03;1.46
2022-05-02;50.00;0.08;1.50
2022-05-10;1.00;0.02;1.29
2022-05-10;50.00;0.02;1.17
2022-05-17;1.00;0.03;1.34
2022-05-17;50.00;0.04;1.33
2022-05-24;1.00;0.04;0.90
2022-05-24;50.00;0.02;0.99
2022-05-31;1.00;0.04;0.88
2022-05-31;50.00;0.04;1.19
2022-06-08;1.00;0.03;0.87
2022-06-08;50.00;0.02;0.80
2022-06-14;1.00;0.04;0.94
2022-06-14;50.00;0.03;0.93
2022-06-21;1.00;0.04;1.07
2022-06-21;50.00;0.02;0.94
2022-06-28;0.00;0.05;1.03
2022-06-28;50.00;0.03;0.81
2022-06-28;1.00;0.05;1.03
2022-07-05;0.00;0.02;0.86
2022-07-05;50.00;0.05;1.45
2022-07-05;1.00;0.02;0.86
2022-07-12;0.00;0.05;0.90
2022-07-12;50.00;0.03;0.85
2022-07-12;1.00;0.05;0.90
2022-07-19;0.00;0.04;1.51
2022-07-19;50.00;0.01;0.79
2022-07-19;1.00;0.04;1.51
2022-07-25;0.00;0.03;0.87
2022-07-25;50.00;0.02;0.92
2022-07-25;1.00;0.03;0.87
2022-08-02;0.00;0.05;1.07
2022-08-02;50.00;0.04;0.77
2022-08-02;1.00;0.05;1.07
2022-08-09;0.00;0.06;0.96
2022-08-09;50.00;999999;999999
2022-08-09;1.00;0.06;0.96
2022-08-16;0.00;0.04;0.83
2022-08-16;50.00;999999;999999
2022-08-16;1.00;0.04;0.83
2022-08-23;0.00;0.00;1.12
2022-08-23;50.00;0.02;0.57
2022-08-23;1.00;0.00;1.12
2022-08-30;0.00;0.02;0.84
2022-08-30;50.00;0.01;0.70
2022-08-30;1.00;0.02;0.84
2022-09-06;1.00;0.02;0.97
2022-09-06;50.00;0.03;0.95
2022-09-13;1.00;0.04;0.65
2022-09-13;50.00;0.07;0.75
2022-09-20;1.00;0.03;0.70
2022-09-20;50.00;0.07;1.12
2022-09-28;1.00;0.01;0.76
2022-09-28;50.00;0.02;0.61
2022-10-04;1.00;999999;999999
2022-10-04;50.00;0.03;0.67
2022-10-11;1.00;999999;999999
2022-10-11;50.00;999999;999999
2022-10-25;1.00;0.09;1.25
2022-10-25;50.00;0.05;0.88
2022-11-02;1.00;0.06;1.04
2022-11-02;50.00;0.03;0.77
2022-11-08;1.00;0.03;1.08
2022-11-08;50.00;0.02;0.76
2022-11-16;1.00;0.02;0.84
2022-11-16;50.00;0.01;0.67
2022-11-22;1.00;0.02;0.83
2022-11-22;50.00;0.02;0.84
2022-11-29;1.00;0.01;0.66
2022-11-29;50.00;0.01;0.54
2022-12-06;1.00;999999;999999
2022-12-06;50.00;999999;999999
2022-12-13;1.00;999999;999999
2022-12-13;50.00;999999;999999
2022-12-20;1.00;999999;999999
2022-12-20;50.00;999999;999999
